{"type": "FeatureCollection", "features": [{"type": "Feature", "properties": {"code": "R-01", "name": "Valle de Sula", "level": "subregion", "municipios": ["010700", "050100", "050200", "050300", "050400", "050500", "050600", "050700", "050800", "050900", "051000", "051100", "051200", "161600", "161800", "162700", "180300", "180400", "180600", "180800"], "source": "SINIT/SEPLAN 2016 (Marco Contextual CNI), clasificado a nivel municipio"}, "geometry": {"type": "MultiPolygon", "coordinates": [[[[-88.03180147035047, 14.928660745016215], [-88.03199407034649, 14.93115040659275], [-88.03790036715758, 14.926208161619384], [-88.0364183108449, 14.922686999683275], [-88.04207220000305, 14.919151519811638], [-88.04014078507839, 14.914439149428452], [-88.04193015876535, 14.91161277910456], [-88.03814613832381, 14.912879751062148], [-88.03855350045487, 14.909197474287609], [-88.03585256400162, 14.914415651419947], [-88.03287958474121, 14.914524006297958], [-88.03542740759784, 14.904609110722998], [-88.0315802963165, 14.90347272532365], [-88.02627464228196, 14.894188651070717], [-88.02820509323831, 14.888268902167594], [-88.03196910910735, 14.887144585945848], [-88.00518872677895, 14.88136032124919], [-87.99869117635731, 14.869981127622843], [-88.01507527679061, 14.825951483557471], [-88.01435386100198, 14.819268322313354], [-88.00990168020336, 14.814858191828632], [-88.0150472686808, 14.813455819105272], [-88.05817586066657, 14.817877811908122], [-88.07783924252918, 14.815974092228831], [-88.08489670465518, 14.819335471654206], [-88.12330284940585, 14.818454112512594], [-88.1272754032864, 14.820991859772592], [-88.12544581179648, 14.829227104342543], [-88.11243437889667, 14.848884393720983], [-88.09139937171805, 14.86719849961697], [-88.10049683931837, 14.877484319202024], [-88.1100645983846, 14.89639486516968], [-88.1102934478987, 14.92182177968024], [-88.06067365353438, 14.93327918525119], [-88.05018505900948, 14.993469481724647], [-88.03999969181746, 15.00212679002427], [-88.0344785643103, 15.041339113698646], [-88.02757707866041, 15.044893775599524], [-88.0259688564055, 15.048947940561359], [-88.04433710474724, 15.05261426829072], [-88.05496377866949, 15.072065323052417], [-88.06481020282757, 15.071862227231358], [-88.07200590761146, 15.08760510591437], [-88.08760545905129, 15.090649474342989], [-88.09338254857019, 15.099186849534647], [-88.1062177123836, 15.110551839076582], [-88.12072518045605, 15.135368923835829], [-88.10299064548977, 15.156700662916673], [-88.096355822752, 15.15866749930823], [-88.0916626426392, 15.169653186944721], [-88.08294320757325, 15.174524721837026], [-88.08352286345222, 15.18233000847286], [-88.0808296400956, 15.18594302053268], [-88.07526167533307, 15.191210465061012], [-88.06663460360838, 15.192947585232444], [-88.06595389653566, 15.204067462338319], [-88.06042325474063, 15.210915231551686], [-88.05573292194848, 15.212872675094943], [-88.06283118069801, 15.210152435199847], [-88.10425376716204, 15.218963134060104], [-88.11318153465106, 15.249891062554736], [-88.12630086644721, 15.267363454277803], [-88.15318301707322, 15.258378229418025], [-88.16790149729529, 15.258403750579198], [-88.18124115302933, 15.262262626506391], [-88.20145235602301, 15.260855817589968], [-88.25491178698277, 15.221315874702903], [-88.2504135773922, 15.20864194822134], [-88.26940123027252, 15.20808813275391], [-88.28131709829069, 15.22483901797507], [-88.33494326483424, 15.186401487232422], [-88.34989095674561, 15.205279481158104], [-88.33194914201847, 15.230218792031524], [-88.33827561522209, 15.25050977392116], [-88.30137092468429, 15.302625010992829], [-88.30424470183505, 15.30031752283969], [-88.3082054628392, 15.304804855800661], [-88.30769174288668, 15.311498970935668], [-88.31265952329377, 15.320467023789], [-88.3238385480187, 15.322789595112788], [-88.33003947594122, 15.32859754939858], [-88.3426183048564, 15.328977605937999], [-88.35097365957792, 15.325112824481105], [-88.3554218250315, 15.326873298258352], [-88.36316830244532, 15.32063682415557], [-88.37241802370968, 15.324919934838041], [-88.3771171469063, 15.331560488942127], [-88.39841383563468, 15.322531779092822], [-88.40892112479264, 15.33013618453975], [-88.41918634356789, 15.326477189577863], [-88.42095854748914, 15.319325422379945], [-88.42827007104205, 15.312559736600335], [-88.43907978624124, 15.30920827029012], [-88.43958083113188, 15.301870249954472], [-88.45154071896103, 15.299660980573128], [-88.45199719921179, 15.29415356355751], [-88.4605754290117, 15.286150620866382], [-88.46092501351141, 15.289107319716626], [-88.46397041912593, 15.290181079349376], [-88.46239440860101, 15.292321080399999], [-88.46833737208792, 15.294780169098733], [-88.47037304131402, 15.30042939733486], [-88.47610027262601, 15.303869214743134], [-88.47933894543046, 15.324246391941385], [-88.48635636629164, 15.326993794743343], [-88.48421130553295, 15.335393426923401], [-88.49040585169338, 15.33930190967094], [-88.48917072291576, 15.345642658403262], [-88.49364388184307, 15.35457087511965], [-88.49314113583002, 15.367203057723678], [-88.50691139218533, 15.378137034461622], [-88.52264903586703, 15.410638667293735], [-88.5222253070579, 15.446583008328874], [-88.53443981104763, 15.461738214555405], [-88.34479525971255, 15.61894561317192], [-88.32352023335737, 15.650654938547381], [-88.32255716154347, 15.658739075015665], [-88.32624527968997, 15.667831138111296], [-88.32461501264301, 15.67244507212895], [-88.31859610103542, 15.6724463913458], [-88.31409083048085, 15.680871550011382], [-88.31018428275827, 15.680600088187804], [-88.30520621812107, 15.673438414513209], [-88.28362473502139, 15.675452890164262], [-88.28095574940407, 15.680761872652406], [-88.28586577767332, 15.68833127991066], [-88.28415492833724, 15.69225737908668], [-88.28033974512604, 15.691850412041413], [-88.27456452263216, 15.68584397305146], [-88.27040339326456, 15.691421403004927], [-88.26699625700282, 15.692024180207605], [-88.26695339686378, 15.68446684194718], [-88.26365004803137, 15.683203561951066], [-88.25954555802048, 15.686794187705427], [-88.26230655107241, 15.694634150011094], [-88.2539677840379, 15.689079179827074], [-88.24780101478461, 15.689372061529527], [-88.24887746333404, 15.695879551634436], [-88.24344839564867, 15.698371332720932], [-88.24174700291884, 15.710893079846391], [-88.24632248954325, 15.7120262539339], [-88.25113387111192, 15.720838741074706], [-88.23520184540098, 15.722927068130208], [-88.21422370178372, 15.723155502445946], [-88.2061203509725, 15.712964923388137], [-88.17584932188979, 15.69037525865964], [-88.15399965038463, 15.680966654266452], [-88.14437960484419, 15.68092904848222], [-88.11716499885284, 15.689661502048533], [-88.10910827845223, 15.701444514986195], [-88.10377882663653, 15.705330132154184], [-88.10192554123121, 15.710735930402526], [-88.10419545284692, 15.722414490053245], [-88.10150222408984, 15.72968209402307], [-88.08470784045656, 15.73294015483892], [-88.07685588915172, 15.742561855716335], [-88.07616845732379, 15.748663390310883], [-88.05844759815457, 15.755905938226022], [-88.0462977645766, 15.765775729821009], [-88.04469642682712, 15.77582615308977], [-88.0477953321654, 15.782417888030915], [-88.03438292651285, 15.785979192146629], [-87.99853229129731, 15.787191919766196], [-87.97804097667412, 15.79764431696667], [-87.97484654906256, 15.803308360698699], [-87.96436434907521, 15.802055702866541], [-87.95395813382716, 15.805543445241929], [-87.93557071693608, 15.81886865137852], [-87.93030496279422, 15.82871844018065], [-87.93631349708912, 15.841342338513014], [-87.96207526139624, 15.84488491376483], [-87.96269675159297, 15.84892845746585], [-87.9576154005368, 15.859001763726255], [-87.95001901638054, 15.864855527091052], [-87.90383511666384, 15.863745879385304], [-87.89517984560634, 15.868422558083523], [-87.88769773536706, 15.87809187927855], [-87.87077364535651, 15.888004846999042], [-87.84255651429937, 15.89178110615327], [-87.83176133807798, 15.898262583417356], [-87.81172332967671, 15.900445037155887], [-87.79666417952296, 15.898146212096746], [-87.79290071805785, 15.89482435887578], [-87.7906691866282, 15.896639360732944], [-87.770514824899, 15.893143669318448], [-87.75667525134523, 15.894360953503169], [-87.73755947432261, 15.905260212444432], [-87.72592101821985, 15.921532338769659], [-87.7115178028274, 15.917360494897332], [-87.66574338660423, 15.891776340255978], [-87.6550082248562, 15.888716306196974], [-87.65231282474622, 15.893259171281125], [-87.64703173100419, 15.894675111981504], [-87.65276126671402, 15.883499080340316], [-87.6495477029739, 15.878464397304487], [-87.64200080454758, 15.87483585409654], [-87.63446864871338, 15.877514725774287], [-87.63468516379143, 15.8905374613928], [-87.63789941376842, 15.893059222850487], [-87.63605981220921, 15.89613149126571], [-87.64046772175942, 15.90609191848846], [-87.6441297147356, 15.89803312657392], [-87.64730059957886, 15.896504918373918], [-87.64467807775434, 15.899910692976224], [-87.6444723550495, 15.905894693607125], [-87.63717325457117, 15.909877014500687], [-87.63891306360533, 15.906418572023192], [-87.63345874474261, 15.905332878417404], [-87.63088010893487, 15.909815258012763], [-87.63358968477678, 15.910879709978065], [-87.62696991557306, 15.917625966225291], [-87.62730404865351, 15.913625896958496], [-87.62391332571684, 15.913870764595362], [-87.62110725065874, 15.920923329224435], [-87.61588278181594, 15.919678339319955], [-87.60132879074399, 15.928023828279775], [-87.604729352822, 15.92200153810092], [-87.6095064957617, 15.920516820627537], [-87.61941749992869, 15.909698148262287], [-87.62834034333292, 15.908145731199829], [-87.62854959607095, 15.901829496703423], [-87.61612783949766, 15.875406007958778], [-87.58881920942065, 15.8452245841241], [-87.59004653554352, 15.843963531698634], [-87.60005525552825, 15.85522496173161], [-87.59267773475185, 15.843645593659664], [-87.60300200877741, 15.839351294305851], [-87.61197528121623, 15.83875324506435], [-87.61231667154615, 15.842703956034587], [-87.61693613629474, 15.830476490457922], [-87.62885353479068, 15.81650688837881], [-87.63059341568528, 15.808364579263117], [-87.62637051290713, 15.796270891892158], [-87.63412218718788, 15.784226132947456], [-87.63733752699744, 15.774113216620218], [-87.63000002612043, 15.767135213648338], [-87.6316419119755, 15.7708211131364], [-87.62176550089363, 15.772259820910532], [-87.61730968050395, 15.777721480865795], [-87.60283780719882, 15.775218360824843], [-87.59183660046095, 15.776673518107112], [-87.59441639542028, 15.777838330190612], [-87.59045524331584, 15.785665525657059], [-87.58783799341201, 15.781858762058663], [-87.58796406967399, 15.77539239242119], [-87.58327637302061, 15.773671537811861], [-87.58390781521052, 15.770651527769758], [-87.55951001313034, 15.76924430010558], [-87.5402577196012, 15.772766663717958], [-87.5266010676563, 15.765114721564446], [-87.51373719504915, 15.764902483647093], [-87.50381473443265, 15.768305626701006], [-87.50298979063852, 15.77627435048066], [-87.5043896981868, 15.777729999805151], [-87.51211073296562, 15.780229698484245], [-87.5194621087224, 15.786669316991857], [-87.52151629538096, 15.789930223713888], [-87.52034568760338, 15.793117479127316], [-87.52407991242399, 15.791464296589444], [-87.5238047114051, 15.787918903660103], [-87.51391817370272, 15.778852438288057], [-87.50572792175772, 15.777599189861862], [-87.50381468953253, 15.773605534676436], [-87.50535570365008, 15.7689009823058], [-87.51313236389481, 15.766847583277606], [-87.52399670555069, 15.768156289436932], [-87.53960850650306, 15.77571315409103], [-87.546368611117, 15.774535738453862], [-87.54949960065689, 15.776589038263978], [-87.5729580693362, 15.803686589041167], [-87.60100599557342, 15.826665561468888], [-87.59681346817449, 15.833031250594308], [-87.58905380974063, 15.837258407530271], [-87.58307655478218, 15.829953127517232], [-87.58157629455481, 15.823626754906655], [-87.5758618508681, 15.821509630028423], [-87.57274102693336, 15.822888609934388], [-87.56768858508222, 15.816195154450574], [-87.56256900226121, 15.814860359493082], [-87.56502076180898, 15.822442136394002], [-87.57784132408574, 15.831719803656274], [-87.58844888039266, 15.844327216258305], [-87.54351713691783, 15.806835911696442], [-87.52126869859784, 15.79374130680258], [-87.49764186053407, 15.784815090687296], [-87.47601203181085, 15.780771591521919], [-87.45429856507084, 15.782830629631798], [-87.44528724193411, 15.788698410016922], [-87.43852305248706, 15.798544722049947], [-87.43461407326507, 15.794731870847604], [-87.42892911391262, 15.793081988369048], [-87.42470327849159, 15.798798173998009], [-87.42393615972176, 15.804397952115329], [-87.4257909130596, 15.80585209555808], [-87.43436505984587, 15.796176576639361], [-87.4380636246739, 15.799012365659447], [-87.43128296494992, 15.807052675956514], [-87.43141164838157, 15.813801080313253], [-87.40118580138545, 15.815694227253477], [-87.39192073437061, 15.82062348753289], [-87.38723907202551, 15.827337627965633], [-87.38217735217988, 15.828886867904556], [-87.3807851500282, 15.823648124873586], [-87.37426540578143, 15.819268067372757], [-87.36718536048518, 15.788649927148095], [-87.38058745468292, 15.77968359764717], [-87.38112467204476, 15.7711439292818], [-87.39305342116111, 15.767435331845599], [-87.39681032671687, 15.763623609037396], [-87.3966408912272, 15.75990037112096], [-87.40450222022747, 15.74536578251161], [-87.41280190611874, 15.74147186703265], [-87.42367587130208, 15.731562997962742], [-87.41338314296767, 15.694140384589693], [-87.40501224747173, 15.698668396656402], [-87.40166446912033, 15.707143280127903], [-87.3970704868031, 15.711581528743563], [-87.38678093569872, 15.668675495809806], [-87.40903833055629, 15.616686847259084], [-87.40024453079835, 15.595968439483173], [-87.40180690534991, 15.5914531913613], [-87.40637038421404, 15.58918692317148], [-87.41047926172159, 15.5823355540843], [-87.41465361386362, 15.584426279680589], [-87.4177918482532, 15.581769182491323], [-87.42486911722227, 15.570257121897532], [-87.43286589950328, 15.563997885753126], [-87.43274298753927, 15.560968388842786], [-87.4435681190904, 15.556875210369821], [-87.45088036984595, 15.549926233644596], [-87.4552381790166, 15.551945765694077], [-87.46232726475267, 15.54280453576052], [-87.47507708153405, 15.539982778608836], [-87.49374096698203, 15.521113690655557], [-87.51488711806455, 15.515550669640485], [-87.51120924607629, 15.510898803102995], [-87.51519802821478, 15.504745351502763], [-87.51175820301906, 15.493148645438312], [-87.51247530128009, 15.486090820461746], [-87.50960519923622, 15.480564609032822], [-87.51142101307937, 15.464051177975364], [-87.50967703943117, 15.461106833512579], [-87.52235053514326, 15.451723710034141], [-87.53081626658236, 15.449320278291017], [-87.53833659151209, 15.440366672155088], [-87.53630869762047, 15.43830806661547], [-87.53266759779976, 15.439589300511281], [-87.53292628042958, 15.435720437133648], [-87.52958869601517, 15.430681513662554], [-87.54351749421106, 15.406561453977705], [-87.53556543588739, 15.393529492626183], [-87.52767544478317, 15.395953153266333], [-87.5189018820928, 15.388570626747594], [-87.51606448158739, 15.388833752003286], [-87.50783126886837, 15.380276500082532], [-87.5006056120321, 15.3573148281719], [-87.47826363827194, 15.349313108150595], [-87.47024857691811, 15.342661474314221], [-87.45973713513466, 15.339141658255873], [-87.45940665856575, 15.334459228050727], [-87.45396741419978, 15.331182901370465], [-87.4316150232041, 15.263729595395489], [-87.43830390963629, 15.259010865797027], [-87.43926028821608, 15.255402823884458], [-87.49267045452078, 15.264898831150532], [-87.49596748524901, 15.257805853378875], [-87.5119473665759, 15.24695267413389], [-87.51299265805498, 15.24131223871623], [-87.53057057299209, 15.232226108810483], [-87.52807237437538, 15.213391032185545], [-87.53433686825673, 15.198434091198935], [-87.54775062950627, 15.1911342036747], [-87.55286448993768, 15.18339749448936], [-87.55981343686652, 15.180679411174719], [-87.56250655613071, 15.175235812587625], [-87.57043684158927, 15.177481722882964], [-87.59131358978004, 15.175520312057081], [-87.64518573950345, 15.208583281567009], [-87.64432949903832, 15.220173540589705], [-87.6476093892319, 15.238305200972516], [-87.63945673606013, 15.258982926432662], [-87.63970959486677, 15.269448940156122], [-87.64387687519026, 15.275082842545293], [-87.65265243233796, 15.276266623014068], [-87.65126139155431, 15.284794773941561], [-87.65968674176915, 15.284047999418155], [-87.66575492003834, 15.280383318428271], [-87.67326237549749, 15.282834591262858], [-87.67629576813304, 15.280956320110342], [-87.67980255741047, 15.266488801457644], [-87.6843483237019, 15.26414251309722], [-87.68911004404792, 15.257011919969806], [-87.68805576957575, 15.248891130706017], [-87.68539622205601, 15.248324068761837], [-87.69193385667, 15.24397811727119], [-87.6900478619526, 15.241459355817652], [-87.69490725809182, 15.241152811617242], [-87.69246526631787, 15.235989181688774], [-87.70017003211956, 15.228553208856948], [-87.70257053802628, 15.220743755444811], [-87.70470085852807, 15.221939468647388], [-87.70638243766379, 15.219964486677064], [-87.70615399354402, 15.215060729156988], [-87.70931244761226, 15.215283583081122], [-87.70786050582656, 15.21055318704825], [-87.71260189245228, 15.214224481660251], [-87.71366253688782, 15.210286241348378], [-87.71738220188118, 15.211208970507972], [-87.71575967929667, 15.20847712905732], [-87.72002663827115, 15.199989168471555], [-87.72284559542426, 15.201904626949185], [-87.72349633303132, 15.1999158853006], [-87.72894669095807, 15.200866758866585], [-87.72530892930138, 15.19841159007863], [-87.73078201206539, 15.191690365872255], [-87.72853915596333, 15.183670808174272], [-87.74092421512385, 15.175143660403839], [-87.74289324031304, 15.16397217538063], [-87.75098928274596, 15.163302359173366], [-87.75208921438231, 15.15946778985102], [-87.75723284857429, 15.157946478284085], [-87.75740573011647, 15.148408203249875], [-87.76568067582075, 15.149467396994714], [-87.76888696998095, 15.140578552447867], [-87.75530700140382, 15.133178622772638], [-87.75310355535244, 15.12682033816335], [-87.73919607656843, 15.111793428651346], [-87.73196812735208, 15.10996475283616], [-87.73871109005655, 15.099960939449723], [-87.73452085183537, 15.095169518211998], [-87.73765981424073, 15.089329289585034], [-87.7331977160863, 15.087775243656575], [-87.73188360280773, 15.082141560291658], [-87.73716585436004, 15.07703121068313], [-87.74462238240787, 15.07458623204961], [-87.7443221690983, 15.060655715103609], [-87.74982265226961, 15.048349221825143], [-87.7447697397181, 15.037755596565049], [-87.74495534581935, 15.028577658052873], [-87.73422101533825, 15.017161514182607], [-87.73618073419138, 15.012308275678707], [-87.73941920294, 15.013761225999279], [-87.74099490630844, 15.011976228532669], [-87.74278762199354, 15.004524318854623], [-87.74126722419905, 14.998806558284457], [-87.74310214507103, 14.987860299648938], [-87.73812399498343, 14.986153099057876], [-87.73435775637863, 14.9758826590521], [-87.73876044002277, 14.963750585269192], [-87.74891124929009, 14.95181324120083], [-87.75704239911731, 14.950016733680028], [-87.76086968468032, 14.9460363065219], [-87.77821089579031, 14.944038700579634], [-87.78490863064285, 14.937839942668882], [-87.78365310246139, 14.927749298748136], [-87.79819770405457, 14.931019159036493], [-87.80144605012137, 14.919299131241482], [-87.81012886728381, 14.913366204295812], [-87.81427648568729, 14.916585753502982], [-87.81795220350394, 14.910765227483456], [-87.82663989368676, 14.910277477997472], [-87.8247910474937, 14.907939259858452], [-87.82847429366743, 14.90488044017473], [-87.83422526711614, 14.906777282022107], [-87.83608615477152, 14.904762373737912], [-87.85017072959769, 14.902912602468803], [-87.8522472337567, 14.896967548509119], [-87.85724832019896, 14.893861571491177], [-87.85641653069781, 14.887373612219081], [-87.86653683206818, 14.883275300316216], [-87.87063980461127, 14.877062519265962], [-87.87581014258734, 14.87576813822072], [-87.88303638812182, 14.860960451109346], [-87.89143936132383, 14.858179693916044], [-87.95767304487875, 14.814339974043579], [-87.96707048239794, 14.80038994848453], [-87.97064637522774, 14.799718360052925], [-87.97548370401904, 14.803223658271687], [-87.97215884039126, 14.815399157090004], [-87.97329545029488, 14.828011197976407], [-87.97056648103955, 14.842802446465713], [-87.95994952687163, 14.84848025209204], [-87.95406963268967, 14.858951927044185], [-87.9536389207137, 14.868620045069092], [-87.94688257761055, 14.880522446300139], [-87.94667257709291, 14.887649326259801], [-87.95485305419987, 14.895542598963665], [-87.95858912165917, 14.903992070882122], [-87.96658057907007, 14.906792599665362], [-87.97181926705342, 14.902989363573942], [-87.9751029002136, 14.903692975571316], [-87.97968206900515, 14.91489119254968], [-87.98982827173647, 14.925397416888332], [-87.98590930511517, 14.925555594254297], [-87.98817565194608, 14.928382164690758], [-87.9937731034591, 14.927899123266949], [-88.01984578019646, 14.938233574038533], [-88.02396845315926, 14.93675742803975], [-88.02197786699676, 14.936019399026181], [-88.02319440638678, 14.93172218869994], [-88.03180147035047, 14.928660745016215]], [[-87.72903575726656, 15.203133381440834], [-87.72908826029607, 15.203033763589184], [-87.72894669095807, 15.200866758866585], [-87.72903575726656, 15.203133381440834]], [[-88.03100198620817, 14.93385785959866], [-88.0322900362202, 14.934232860601616], [-88.0550972776268, 14.928053877379977], [-88.03100198620817, 14.93385785959866]], [[-87.96206878987336, 15.791056846537169], [-87.9615853212669, 15.790826580577594], [-87.9620687539392, 15.79107446274037], [-87.96206878987336, 15.791056846537169]], [[-87.95781780681273, 15.788276988330804], [-87.95828983827667, 15.789136807631351], [-87.9584179756465, 15.789202510613762], [-87.95781780681273, 15.788276988330804]], [[-87.95778795550594, 15.782019009866746], [-87.95585782713317, 15.78470682725914], [-87.95603623906112, 15.785031809873248], [-87.95778795550594, 15.782019009866746]], [[-87.95795051404717, 15.781739423307203], [-87.95797258225562, 15.781452701243985], [-87.95793763607713, 15.781761572296162], [-87.95795051404717, 15.781739423307203]], [[-87.96171598057339, 15.772410434111071], [-87.95893436198232, 15.772952031669421], [-87.9588865653562, 15.773374481128593], [-87.96171598057339, 15.772410434111071]], [[-87.9680884385337, 15.770239190720002], [-87.96861153720131, 15.769334849698128], [-87.96733742366315, 15.770495078806581], [-87.9680884385337, 15.770239190720002]], [[-87.96877247519103, 15.769056617626267], [-87.9662753962012, 15.76388114021762], [-87.96624219531766, 15.763865403475615], [-87.96877247519103, 15.769056617626267]], [[-87.96423157878534, 15.762036476624537], [-87.96381409839269, 15.762483001699744], [-87.96391836171152, 15.762538234462992], [-87.96423157878534, 15.762036476624537]], [[-87.96770700767577, 15.762386651066922], [-87.96800316394909, 15.762104895145711], [-87.96492752444414, 15.76129211307334], [-87.96770700767577, 15.762386651066922]], [[-87.96854282460579, 15.761591475038944], [-87.96952621099776, 15.759160471967803], [-87.96948297022155, 15.759132607944752], [-87.96854282460579, 15.761591475038944]], [[-87.96721419613495, 15.757670627402357], [-87.9672132180963, 15.757840815072456], [-87.96920759039223, 15.758955155304312], [-87.96721419613495, 15.757670627402357]], [[-87.96754379601892, 15.756288663421333], [-87.96722124293932, 15.756444418978504], [-87.96721713541058, 15.757159166554091], [-87.96754379601892, 15.756288663421333]], [[-87.98002640282274, 15.751062656518435], [-87.98048207294244, 15.750040983090535], [-87.97262981456907, 15.753832709027579], [-87.98002640282274, 15.751062656518435]], [[-87.99323087101857, 15.733922718142992], [-87.99322971464449, 15.733843106910165], [-87.98497766544672, 15.739961262683684], [-87.99323087101857, 15.733922718142992]], [[-87.99303484902504, 15.72042747219656], [-87.99285140510274, 15.72062730959201], [-87.99317231802614, 15.729891603983168], [-87.99303484902504, 15.72042747219656]], [[-87.9964935872422, 15.716751223665604], [-87.99640952617386, 15.716751216894885], [-87.99538291879, 15.717869567086986], [-87.9964935872422, 15.716751223665604]], [[-87.84969737416398, 15.541378646923038], [-87.8496475034824, 15.541761101003683], [-87.85773695479888, 15.544427086028335], [-87.84969737416398, 15.541378646923038]], [[-87.85149509119493, 15.536748073077808], [-87.85028569380893, 15.53686687283458], [-87.85027798031184, 15.536926026997737], [-87.85149509119493, 15.536748073077808]], [[-87.85385274968644, 15.536403359563], [-87.85192989918318, 15.532793670545066], [-87.85374269519133, 15.536419450643184], [-87.85385274968644, 15.536403359563]], [[-87.89883865930696, 15.488484418825472], [-87.89692578869573, 15.489360526715725], [-87.89691900924471, 15.489366675696743], [-87.89883865930696, 15.488484418825472]], [[-87.90920450278577, 15.483720354366284], [-87.90844740941719, 15.482449497975876], [-87.90918344956401, 15.4837300302702], [-87.90920450278577, 15.483720354366284]], [[-87.90762104690059, 15.464632292606527], [-87.90179349996126, 15.47087330070095], [-87.90191545261926, 15.471085468906205], [-87.90762104690059, 15.464632292606527]], [[-87.90870114728818, 15.454692218792411], [-87.90858024144131, 15.454670876548548], [-87.90762104690059, 15.464632292606527], [-87.90870114728818, 15.454692218792411]], [[-87.9377549068196, 15.455985593000033], [-87.93783618816506, 15.456345986696563], [-87.94307761723964, 15.454785653621341], [-87.9377549068196, 15.455985593000033]], [[-87.93806221888035, 15.457348185227495], [-87.94616532091102, 15.462191480397145], [-87.93790946643162, 15.456670895508168], [-87.93806221888035, 15.457348185227495]], [[-87.94969502214131, 15.467241336396517], [-87.94977813028005, 15.467253304134456], [-87.94631322512365, 15.462290382063022], [-87.94969502214131, 15.467241336396517]], [[-87.95616381566484, 15.468172855581521], [-87.9563038275232, 15.468000793951521], [-87.95128089829328, 15.467469705729256], [-87.95616381566484, 15.468172855581521]], [[-87.95789303216074, 15.466047808372142], [-87.95788522433521, 15.46600941321547], [-87.95768751724836, 15.466300367199848], [-87.95789303216074, 15.466047808372142]], [[-87.96034949900154, 15.462647244095757], [-87.96050176353218, 15.462480334426164], [-87.96033084792589, 15.462647117560437], [-87.96034949900154, 15.462647244095757]], [[-87.96395415084461, 15.458695888874738], [-87.96013761792616, 15.453537328066979], [-87.96357503290704, 15.459111471213113], [-87.96395415084461, 15.458695888874738]], [[-87.96292449588407, 15.43288018043822], [-87.95782128719625, 15.430006902552892], [-87.95956490824368, 15.431897162144221], [-87.96292449588407, 15.43288018043822]], [[-87.95710737175806, 15.428580216834408], [-87.95668601299845, 15.428776151786046], [-87.95698173700731, 15.429096746186392], [-87.95710737175806, 15.428580216834408]], [[-87.96131938238796, 15.426721042520374], [-87.96122064573805, 15.426667513894284], [-87.96089449478963, 15.426819176506845], [-87.96131938238796, 15.426721042520374]], [[-87.9566212516966, 15.42417401989656], [-87.95611252547381, 15.424279913506949], [-87.96040410842215, 15.426224840168622], [-87.9566212516966, 15.42417401989656]], [[-87.92548482758745, 15.301032109060696], [-87.92352719646097, 15.30301819218963], [-87.92402821241424, 15.302845328520805], [-87.92548482758745, 15.301032109060696]], [[-87.92757484014656, 15.298430425710336], [-87.9276126788634, 15.29725235558659], [-87.92725262747435, 15.29883152155109], [-87.92757484014656, 15.298430425710336]], [[-87.92775198254327, 15.29291527660757], [-87.92511065503, 15.291407981544193], [-87.92773166360973, 15.293547886023177], [-87.92775198254327, 15.29291527660757]], [[-87.9242958922537, 15.29094303052832], [-87.92371345515416, 15.290907810029532], [-87.92439017449152, 15.290996833455416], [-87.9242958922537, 15.29094303052832]], [[-87.91144413340257, 15.286559517475837], [-87.91315351442853, 15.289518634268424], [-87.91390699095037, 15.289617755215017], [-87.91144413340257, 15.286559517475837]], [[-87.91127712930636, 15.282692114959966], [-87.91108649507596, 15.285940408241638], [-87.91112257897898, 15.286002873240209], [-87.91127712930636, 15.282692114959966]], [[-87.91375576389909, 15.2740513105313], [-87.91156197084452, 15.277838585492308], [-87.91155177745713, 15.27801227471729], [-87.91375576389909, 15.2740513105313]], [[-87.9202346262211, 15.272716387788265], [-87.9197101861394, 15.272642271899382], [-87.91452001232986, 15.273870460816603], [-87.9202346262211, 15.272716387788265]], [[-87.93062942235483, 15.27507189548059], [-87.93229892461657, 15.2744213608262], [-87.92423510117543, 15.27328175029112], [-87.93062942235483, 15.27507189548059]], [[-87.93307996304357, 15.274117023075476], [-87.93237764272358, 15.261475424086747], [-87.93273178277293, 15.27425269424958], [-87.93307996304357, 15.274117023075476]], [[-87.93824665926361, 15.255100104322135], [-87.93824554473474, 15.253797609622396], [-87.93236913916138, 15.26116861803149], [-87.93824665926361, 15.255100104322135]], [[-88.0080520366472, 15.237011417588747], [-88.00766214181986, 15.235960256192174], [-88.00742522015783, 15.236201660015219], [-88.0080520366472, 15.237011417588747]], [[-88.01192334270264, 15.23199047817195], [-88.01163472492803, 15.231912518465533], [-88.0105425527118, 15.233025352750744], [-88.01192334270264, 15.23199047817195]], [[-88.01603966073515, 15.235887121685543], [-88.01402947960372, 15.232559375270206], [-88.01253032669665, 15.232154433056698], [-88.01603966073515, 15.235887121685543]], [[-88.02153711896928, 15.2352339131633], [-88.02201431455285, 15.234723114977548], [-88.01693041092003, 15.235781282661913], [-88.02153711896928, 15.2352339131633]], [[-88.02233728164103, 15.234377405569534], [-88.02187437308635, 15.22583546091482], [-88.02233728164103, 15.234377405569536], [-88.02233728164103, 15.234377405569534]], [[-88.01410729493158, 15.199508097272187], [-88.01428522158078, 15.19880948878416], [-88.00853430896971, 15.20452656254897], [-88.01410729493158, 15.199508097272187]], [[-88.01519352292745, 15.195243148197626], [-88.01497970285938, 15.195119281733824], [-88.01506522027104, 15.195746913795459], [-88.01519352292745, 15.195243148197626]], [[-87.9372192597369, 15.103166704629615], [-87.93721609117175, 15.103165422981808], [-87.93606083422792, 15.105760208569118], [-87.9372192597369, 15.103166704629615]], [[-87.93842158527399, 15.096916042149877], [-87.93838339880284, 15.096963570067766], [-87.93864261345658, 15.098773604070855], [-87.93842158527399, 15.096916042149877]], [[-87.93963815688579, 15.095058808720669], [-87.93714996877709, 15.092374234830643], [-87.93952935363906, 15.095206710228574], [-87.93963815688579, 15.095058808720669]], [[-87.93675059864972, 15.090992766137575], [-87.93675058800285, 15.091898802614718], [-87.93678012698872, 15.091933966514466], [-87.93675059864972, 15.090992766137575]], [[-87.9385255632925, 15.087568051852879], [-87.9367506214657, 15.08905115258131], [-87.9367506189473, 15.089265465499897], [-87.9385255632925, 15.087568051852879]], [[-87.93874279049487, 15.087360313272903], [-87.93693871294197, 15.087053634088292], [-87.93872245687993, 15.087379758702609], [-87.93874279049487, 15.087360313272903]], [[-87.93739537807248, 15.080521362361651], [-87.93553396429145, 15.080190041271948], [-87.93555544755495, 15.080232791229431], [-87.93739537807248, 15.080521362361651]], [[-87.93671821180477, 15.03626029441988], [-87.93686728705082, 15.036748726716219], [-87.94450752716949, 15.049567413059096], [-87.93671821180477, 15.03626029441988]], [[-88.04247092512246, 15.21514912887162], [-88.0555283071283, 15.212907797722874], [-88.04305055947617, 15.214720887917423], [-88.04247092512246, 15.21514912887162]], [[-88.02934895240834, 15.222718008390233], [-88.03549213474265, 15.220305144612011], [-88.0298587890269, 15.222119792546863], [-88.02934895240834, 15.222718008390233]], [[-88.02554974333395, 15.227280358787942], [-88.0258937420298, 15.226772173029184], [-88.02557486900469, 15.22714632209714], [-88.02554974333395, 15.227280358787942]], [[-88.02443664648392, 15.232130210101028], [-88.02449670580076, 15.231839824351468], [-88.0235596808024, 15.233068928929352], [-88.02443664648392, 15.232130210101028]], [[-88.01178092993341, 15.083833309416303], [-88.01000247896064, 15.077999140213935], [-88.01170781528863, 15.083803486543205], [-88.01178092993341, 15.083833309416303]], [[-87.98296229726826, 15.081819372480965], [-87.98370357970495, 15.084449621502237], [-87.98301387427173, 15.081784665177697], [-87.98296229726826, 15.081819372480965]], [[-87.97885563538972, 15.08466723584673], [-87.98152723788797, 15.08278505559093], [-87.97874158819178, 15.08465958071433], [-87.97885563538972, 15.08466723584673]], [[-87.97091351009587, 15.084134140586587], [-87.97448604768907, 15.084373938220992], [-87.9709196829528, 15.084119570715481], [-87.97091351009587, 15.084134140586587]], [[-87.97086832470883, 15.081830908405896], [-87.97169456914474, 15.082240567223982], [-87.97170035568807, 15.082227835510219], [-87.97086832470883, 15.081830908405896]], [[-87.96527798616113, 15.08237844871352], [-87.96920278846423, 15.081036350877133], [-87.9690991709474, 15.080986919303141], [-87.96527798616113, 15.08237844871352]], [[-87.96303550773614, 15.081241027639726], [-87.96304551178015, 15.08123735438193], [-87.96287329881655, 15.080943149021056], [-87.96303550773614, 15.081241027639726]], [[-88.29903159276758, 15.304503368430069], [-88.29568477232354, 15.30504629863369], [-88.29843462950404, 15.304982697753887], [-88.29903159276758, 15.304503368430069]], [[-88.27599284272513, 15.305501749213569], [-88.27513122107374, 15.305482876357397], [-88.27509054533613, 15.305522618263856], [-88.27599284272513, 15.305501749213569]], [[-88.2708540773664, 15.309661825655372], [-88.26403693820241, 15.311582747483016], [-88.2644729403919, 15.311636904891309], [-88.2708540773664, 15.309661825655372]], [[-88.258499820622, 15.310894962089266], [-88.25668969850837, 15.310625708842107], [-88.25668523899346, 15.310669566344684], [-88.258499820622, 15.310894962089266]], [[-88.25272090775434, 15.30190575359273], [-88.24780941795916, 15.307307978132183], [-88.24783536668006, 15.307310247705159], [-88.25272090775434, 15.30190575359273]], [[-88.2304382900207, 15.305788633780592], [-88.2208624624147, 15.306532631691134], [-88.22046556464338, 15.306681746177224], [-88.2304382900207, 15.305788633780592]], [[-88.21610347492745, 15.311989917122736], [-88.21948194635534, 15.30705129155169], [-88.21835390680369, 15.307475095992505], [-88.21610347492745, 15.311989917122736]], [[-88.2051005566041, 15.320723949864666], [-88.21358992261914, 15.321253869826416], [-88.20314412061886, 15.319755500125185], [-88.2051005566041, 15.320723949864666]], [[-88.19933184904855, 15.325343577077833], [-88.20165839821557, 15.319542384709685], [-88.19881130902618, 15.325483073323722], [-88.19933184904855, 15.325343577077833]], [[-88.19812009558242, 15.325668307266112], [-88.19269652210527, 15.324913465109743], [-88.19750759243846, 15.325832448130424], [-88.19812009558242, 15.325668307266112]], [[-88.19230578108453, 15.324838828004344], [-88.1813937350249, 15.319160215367152], [-88.181321055855, 15.319224874260167], [-88.19230578108453, 15.324838828004344]], [[-88.17794159178972, 15.322231408398288], [-88.1773665677283, 15.322742977522125], [-88.17738098184755, 15.322753124319489], [-88.17794159178972, 15.322231408398288]], [[-88.17829455653711, 15.32821141957122], [-88.17566118433201, 15.3289488096265], [-88.17578929274535, 15.328995236216333], [-88.17829455653711, 15.32821141957122]], [[-88.16955977679731, 15.327021146915948], [-88.16898471979742, 15.326834382565124], [-88.16768072614799, 15.327410431092051], [-88.16955977679731, 15.327021146915948]], [[-88.16674773655868, 15.327822585920256], [-88.16647135003518, 15.327944681645024], [-88.16633183539241, 15.328701472868637], [-88.16674773655868, 15.327822585920256]], [[-88.16112654723636, 15.352549401640001], [-88.15683192204058, 15.355842303543536], [-88.16114196038784, 15.352637589426411], [-88.16112654723636, 15.352549401640001]], [[-88.1484515350078, 15.362267961465838], [-88.14818572959665, 15.362471767643196], [-88.14814462566689, 15.366494750467437], [-88.1484515350078, 15.362267961465838]], [[-88.1481310867073, 15.366681210499303], [-88.14741830121392, 15.367651371878539], [-88.14812995058837, 15.36669685725337], [-88.1481310867073, 15.366681210499303]], [[-88.14681675950811, 15.377633464996443], [-88.14459847700601, 15.371489391266119], [-88.14630546347875, 15.377832640951906], [-88.14681675950811, 15.377633464996443]], [[-88.14449919891223, 15.380979163229792], [-88.1442634565472, 15.381214398430325], [-88.14437200875103, 15.381200729152724], [-88.14449919891223, 15.380979163229792]], [[-88.13062723909287, 15.38842219552954], [-88.13057323111103, 15.388444031317166], [-88.1278413316839, 15.397702992252293], [-88.13062723909287, 15.38842219552954]], [[-88.03895773315026, 15.42239163355901], [-88.03646615738828, 15.429214055986384], [-88.03652304935518, 15.429238127224261], [-88.03895773315026, 15.42239163355901]], [[-88.03538261490253, 15.42875560446246], [-88.03358886128942, 15.42793425240491], [-88.03359094942877, 15.427997543031909], [-88.03538261490253, 15.42875560446246]], [[-88.03223446568721, 15.423708506552794], [-88.03219423524457, 15.42357686453054], [-88.03205944011265, 15.42357997669158], [-88.03223446568721, 15.423708506552794]], [[-88.02833818569107, 15.423665893318256], [-88.02521507359656, 15.423737999985928], [-88.02519199106204, 15.423777548075682], [-88.02833818569107, 15.423665893318256]], [[-88.02513299408112, 15.423878629605353], [-88.02420197416363, 15.425473777627182], [-88.0246346761357, 15.426521051381856], [-88.02513299408112, 15.423878629605353]], [[-88.02428549539307, 15.428372645944659], [-88.02394115588861, 15.428558681287809], [-88.02423383830659, 15.428646567065684], [-88.02428549539307, 15.428372645944659]], [[-88.02261996662115, 15.42816195863091], [-88.02054811771414, 15.427232410008155], [-88.02076109694757, 15.427603782952449], [-88.02261996662115, 15.42816195863091]], [[-88.01576731910647, 15.420521534594238], [-88.01461244688636, 15.418669091753035], [-88.01390059459341, 15.418796975827869], [-88.01576731910647, 15.420521534594238]], [[-88.00844293336962, 15.419777443213118], [-88.0083464915873, 15.419794768953624], [-88.0083734024485, 15.41980147543042], [-88.00844293336962, 15.419777443213118]], [[-88.00803894754188, 15.419718125661168], [-88.0019140776283, 15.417948171238603], [-88.00165993713756, 15.418128407481728], [-88.00803894754188, 15.419718125661168]], [[-87.99849680557828, 15.420371697982612], [-87.99826935403082, 15.420533006447421], [-87.9982441380184, 15.420578415668343], [-87.99849680557828, 15.420371697982612]], [[-87.99142833326844, 15.432694140410197], [-87.98773509272058, 15.429165577556798], [-87.9913870987955, 15.432767510464766], [-87.99142833326844, 15.432694140410197]], [[-87.98894291991508, 15.423986155726388], [-87.98571725684145, 15.427175408508113], [-87.98950467078566, 15.424307906551112], [-87.98894291991508, 15.423986155726388]], [[-87.98714556191894, 15.422956693294102], [-87.98617864045767, 15.422402875233654], [-87.98604417761216, 15.422509920481128], [-87.98714556191894, 15.422956693294102]], [[-87.98503495630437, 15.423313356882003], [-87.97567245011466, 15.430766804622571], [-87.97795397098535, 15.430058667719823], [-87.98503495630437, 15.423313356882003]], [[-87.97540947420713, 15.430848426906657], [-87.9740309189726, 15.4304237379722], [-87.97526919910165, 15.4308919653989], [-87.97540947420713, 15.430848426906657]], [[-87.97367632887865, 15.430289657804611], [-87.97535275106755, 15.424272210215058], [-87.97366516211883, 15.430285435348729], [-87.97367632887865, 15.430289657804611]], [[-87.97423096247924, 15.423603544518395], [-87.97419540889031, 15.423582352053465], [-87.96973962778488, 15.428590699622458], [-87.97423096247924, 15.423603544518395]], [[-87.96465515458345, 15.430260363684464], [-87.96466391782174, 15.430272387673861], [-87.96973962778488, 15.428590699622458], [-87.96465515458345, 15.430260363684464]], [[-87.96505465529734, 15.430808516340901], [-87.96617148487705, 15.432340911852709], [-87.96621935016876, 15.432270564395346], [-87.96505465529734, 15.430808516340901]], [[-87.96591537274831, 15.432717318982224], [-87.96505049158064, 15.433502248646105], [-87.96532637193822, 15.433582971481014], [-87.96591537274831, 15.432717318982224]], [[-88.00934985513109, 15.238688014111373], [-88.01037798292063, 15.239080650723379], [-88.00917961799954, 15.238468091998735], [-88.00934985513109, 15.238688014111373]], [[-88.01687811278835, 15.247467708974295], [-88.01653857950835, 15.242229714186767], [-88.01611524651915, 15.242013322408772], [-88.01687811278835, 15.247467708974295]], [[-88.01474100245622, 15.255234439532066], [-88.01696819237436, 15.24885737069481], [-88.01695561569838, 15.248663349763298], [-88.01474100245622, 15.255234439532066]], [[-88.01443037807789, 15.256156108668462], [-88.016708307243, 15.2593752672913], [-88.01443673842557, 15.256137236562601], [-88.01443037807789, 15.256156108668462]], [[-88.00976516938175, 15.271847738436685], [-88.01469603688605, 15.27475210879158], [-88.00977649214272, 15.271821131484689], [-88.00976516938175, 15.271847738436685]], [[-88.41100271577446, 15.54669027954], [-88.24695901299829, 15.50112141974208], [-88.41096944128628, 15.546681459279293], [-88.40730567932005, 15.547901390004593], [-88.41100271577446, 15.54669027954]], [[-88.23558083026484, 15.424845659122838], [-88.23339151176351, 15.423060173988413], [-88.23556719473719, 15.424874424586767], [-88.23558083026484, 15.424845659122838]], [[-88.22997477733072, 15.417226324687283], [-88.22993556119742, 15.41732593329056], [-88.23224452931171, 15.417638541873979], [-88.22997477733072, 15.417226324687283]], [[-88.23053209724735, 15.415277518968871], [-88.23023567204827, 15.415225771984407], [-88.2304869204145, 15.415404649528638], [-88.23053209724735, 15.415277518968871]], [[-88.21804528992989, 15.413097695437425], [-88.21910687178828, 15.413670518424048], [-88.22401069019705, 15.41413907611595], [-88.21804528992989, 15.413097695437425]], [[-88.2052055920732, 15.406165834376843], [-88.20519576942485, 15.406164173868499], [-88.20527554177232, 15.40620721853243], [-88.2052055920732, 15.406165834376843]], [[-88.19765742620424, 15.40488982489731], [-88.20025342950979, 15.40615760398349], [-88.20513321137298, 15.406153598495807], [-88.19765742620424, 15.40488982489731]], [[-88.1973173981769, 15.404723769476329], [-88.19618742453972, 15.40178531633258], [-88.19615340964545, 15.401797841364587], [-88.1973173981769, 15.404723769476329]], [[-88.193423830589, 15.402802932392559], [-88.19343800518824, 15.402831688979411], [-88.19472448646319, 15.402324002300194], [-88.193423830589, 15.402802932392559]], [[-88.18624270576643, 15.388182484531276], [-88.18621795894883, 15.388184087082474], [-88.18993492586459, 15.395724849266092], [-88.18624270576643, 15.388182484531276]], [[-88.18318015764052, 15.388380808624607], [-88.18322930093373, 15.388401914646973], [-88.18424191492991, 15.388312051484116], [-88.18318015764052, 15.388380808624607]], [[-88.17821396757024, 15.386227215699789], [-88.17824223536931, 15.38626007370646], [-88.18171391594447, 15.387751088310578], [-88.17821396757024, 15.386227215699789]], [[-88.17503452908348, 15.38256525272927], [-88.17486649397178, 15.382688366901421], [-88.17507245313256, 15.382609509261378], [-88.17503452908348, 15.38256525272927]], [[-88.17364613553393, 15.383155617719709], [-88.17256143054264, 15.380211115512935], [-88.17249993883297, 15.380184300807661], [-88.17364613553393, 15.383155617719709]], [[-88.16721210575734, 15.376984691660228], [-88.16826992331971, 15.378332028739637], [-88.1682790093019, 15.378335924545654], [-88.16721210575734, 15.376984691660228]], [[-88.16458425399713, 15.373656518523513], [-88.1634124173472, 15.373522139382006], [-88.16459676477378, 15.3736723634168], [-88.16458425399713, 15.373656518523513]], [[-88.15865610368161, 15.372976714089871], [-88.15789382016858, 15.373318383294059], [-88.15874479578761, 15.372986884764313], [-88.15865610368161, 15.372976714089871]], [[-87.93470523660912, 15.235949746057415], [-87.93581178630524, 15.23567683998791], [-87.93578730895777, 15.235526272333919], [-87.93470523660912, 15.235949746057415]], [[-87.92962378384007, 15.239907191915332], [-87.93213181870978, 15.236956864353433], [-87.9319087112077, 15.237044178445473], [-87.92962378384007, 15.239907191915332]], [[-87.92258522907906, 15.24569591362777], [-87.92508555532625, 15.245245738371896], [-87.92532834084903, 15.244960137550251], [-87.92258522907906, 15.24569591362777]], [[-87.9210996590235, 15.244232701947777], [-87.92238464511772, 15.245498348528809], [-87.92076702394026, 15.241216176428194], [-87.9210996590235, 15.244232701947777]], [[-87.9206707055435, 15.240342706020419], [-87.92068695231981, 15.240490041096725], [-87.92336575984838, 15.235763624525385], [-87.9206707055435, 15.240342706020419]], [[-87.91960652806038, 15.22739488818384], [-87.92566910463385, 15.231699664406008], [-87.92571181698806, 15.231624303867209], [-87.91960652806038, 15.22739488818384]], [[-87.91830110240645, 15.223838162800975], [-87.91826560120536, 15.22399338924214], [-87.91960652806038, 15.22739488818384], [-87.91830110240645, 15.223838162800975]], [[-87.80563002494542, 15.237819826806987], [-87.80563002494542, 15.237819826806986], [-87.80410272169311, 15.233106236426664], [-87.80563002494542, 15.237819826806987]], [[-87.92455537032481, 15.213458397072005], [-87.92458565248405, 15.213390580157867], [-87.91843965157456, 15.210915043478215], [-87.92455537032481, 15.213458397072005]], [[-87.91751877880739, 15.208075695220804], [-87.91756326845713, 15.208212871184708], [-87.92346006336427, 15.204190845731073], [-87.91751877880739, 15.208075695220804]], [[-87.92367803242709, 15.203564852342058], [-87.9243094500666, 15.201751460739857], [-87.92363831557363, 15.20102440314274], [-87.92367803242709, 15.203564852342058]], [[-87.92316253462533, 15.200508977163835], [-87.92236830630148, 15.199648568791517], [-87.91128592608625, 15.198534324724571], [-87.92316253462533, 15.200508977163835]], [[-87.90456700064122, 15.193166716349626], [-87.90115948809719, 15.191422919358931], [-87.91128592608625, 15.198534324724571], [-87.90456700064122, 15.193166716349626]], [[-87.92287127247023, 15.184047800901165], [-87.93835534468106, 15.176332521407842], [-87.90456700064122, 15.193166716349626], [-87.92287127247023, 15.184047800901165]], [[-87.89221629394879, 15.191485940605139], [-87.89851764550656, 15.19007095451657], [-87.88796946977033, 15.192358652198655], [-87.89221629394879, 15.191485940605139]], [[-87.88151339507753, 15.193685359167496], [-87.87895669502277, 15.193576216922036], [-87.88088572444819, 15.193814343889283], [-87.88151339507753, 15.193685359167496]], [[-87.86684511867018, 15.192081116376956], [-87.86475326133719, 15.191017520580866], [-87.86585102277095, 15.191958401275508], [-87.86684511867018, 15.192081116376956]], [[-87.86414731615726, 15.190498170834859], [-87.86430294791177, 15.190631561304574], [-87.86278573390284, 15.184797805265598], [-87.86414731615726, 15.190498170834859]], [[-87.85713617605218, 15.178761029191017], [-87.85670757156856, 15.178303048343563], [-87.85622815582069, 15.178149366124922], [-87.85713617605218, 15.178761029191017]], [[-87.85223470425211, 15.176869219405056], [-87.84941901271156, 15.175966617175408], [-87.85036419233386, 15.176954080373376], [-87.85223470425211, 15.176869219405056]], [[-87.84898770547687, 15.175516014971112], [-87.84800078546274, 15.171479417641828], [-87.84865271209266, 15.175166035315737], [-87.84898770547687, 15.175516014971112]], [[-87.84791077255605, 15.17097039844014], [-87.8487190954472, 15.169141972142823], [-87.8479042443658, 15.170933481798814], [-87.84791077255605, 15.17097039844014]], [[-87.85092084576146, 15.164161613156491], [-87.85095209079302, 15.164090936898324], [-87.85038559961488, 15.16347754456038], [-87.85092084576146, 15.164161613156491]], [[-87.84755415673692, 15.160411679753086], [-87.84735884228154, 15.160200194746706], [-87.84337981522266, 15.158306713062599], [-87.84755415673692, 15.160411679753086]], [[-87.84172350483905, 15.157518532100728], [-87.84168755828506, 15.15750142637599], [-87.83628963551011, 15.159493412285196], [-87.84172350483905, 15.157518532100728]], [[-87.82011295547788, 15.161250922993752], [-87.81795327538335, 15.159922063997639], [-87.82008802907099, 15.161258132580333], [-87.82011295547788, 15.161250922993752]], [[-87.81663188221629, 15.1590950496652], [-87.81598649638364, 15.15323274238412], [-87.81661977610408, 15.159087472867801], [-87.81663188221629, 15.1590950496652]], [[-87.81348270831748, 15.15052087528808], [-87.81343673082341, 15.150471076802738], [-87.80683195973283, 15.156008282474476], [-87.81348270831748, 15.15052087528808]], [[-87.79652251212715, 15.142639132877905], [-87.79620656461111, 15.14849215726937], [-87.79658416938167, 15.142627696680023], [-87.79652251212715, 15.142639132877905]], [[-87.79954007833332, 15.141907518206004], [-87.79965561605795, 15.141885612437747], [-87.79946813480369, 15.141441359779032], [-87.79954007833332, 15.141907518206004]], [[-87.798609062309, 15.1394057149819], [-87.79833038563692, 15.138745367082125], [-87.78836398992134, 15.137167593971409], [-87.798609062309, 15.1394057149819]], [[-87.78826303605624, 15.137145539762516], [-87.78402427010718, 15.13452614073457], [-87.78395333704334, 15.134558251699644], [-87.78826303605624, 15.137145539762516]], [[-87.7736286000236, 15.139232197133516], [-87.7697512647193, 15.140987443161237], [-87.77031985623341, 15.141256439117717], [-87.7736286000236, 15.139232197133516]], [[-87.933816372743, 15.113174490619357], [-87.93519941451541, 15.11695772473875], [-87.93383491358314, 15.113151093381159], [-87.933816372743, 15.113174490619357]], [[-87.93505524888324, 15.121554254711183], [-87.93516919866268, 15.121541199508057], [-87.93514180999735, 15.121510086700157], [-87.93505524888324, 15.121554254711183]], [[-87.93319926333648, 15.121280394619761], [-87.92950092794833, 15.12219061213456], [-87.93241933939264, 15.121856250327093], [-87.93319926333648, 15.121280394619761]], [[-87.92282515024057, 15.13148864052135], [-87.92282150111204, 15.131527395112853], [-87.92864748602385, 15.131027472276928], [-87.92282515024057, 15.13148864052135]], [[-87.92697669319165, 15.13751272584486], [-87.92260215100633, 15.133856944122197], [-87.92697661220583, 15.137555316945233], [-87.92697669319165, 15.13751272584486]], [[-87.92685129594905, 15.139222420240127], [-87.92697386119612, 15.139002095306111], [-87.92697551545587, 15.138132106665518], [-87.92685129594905, 15.139222420240127]], [[-87.92083784672647, 15.142570010372543], [-87.9257055524596, 15.141282024122505], [-87.9262590178841, 15.140287107243129], [-87.92083784672647, 15.142570010372543]], [[-87.9202069826636, 15.142835672809952], [-87.92146907064917, 15.146382021497482], [-87.92028380481256, 15.142803322323466], [-87.9202069826636, 15.142835672809952]], [[-87.92153355147836, 15.146833073165991], [-87.92160442143644, 15.146790689102383], [-87.92159876506948, 15.146773610709369], [-87.92153355147836, 15.146833073165991]], [[-87.91986696528775, 15.148352684452266], [-87.92128775560707, 15.148541329445637], [-87.92015398632057, 15.148090975574974], [-87.91986696528775, 15.148352684452266]], [[-87.92172481304968, 15.148599359611836], [-87.92248483178743, 15.147587903480263], [-87.92162656051616, 15.148586314162214], [-87.92172481304968, 15.148599359611836]], [[-87.92241863498059, 15.151924426390712], [-87.92302651592814, 15.146957772599237], [-87.9229752357805, 15.147017425821822], [-87.92241863498059, 15.151924426390712]], [[-87.9297381628259, 15.157696222280137], [-87.92973657047128, 15.157671033288306], [-87.92596893447886, 15.158044749511395], [-87.9297381628259, 15.157696222280137]], [[-87.9252194433504, 15.168289152293276], [-87.92523286457067, 15.168305596981511], [-87.92452591937297, 15.164926815312503], [-87.9252194433504, 15.168289152293276]], [[-87.60649028622646, 15.441911778752], [-87.60755356864229, 15.436722039525264], [-87.60642469171965, 15.44175841748618], [-87.60649028622646, 15.441911778752]], [[-87.60836572743328, 15.44626078810508], [-87.60820464008569, 15.445919972283896], [-87.60835675837865, 15.44627562788828], [-87.60836572743328, 15.44626078810508]], [[-87.61180449899672, 15.444646775729026], [-87.60958409475087, 15.44424493386071], [-87.61181214500313, 15.44467785640142], [-87.61180449899672, 15.444646775729026]], [[-87.6186522715669, 15.455143998974844], [-87.61766897104177, 15.451612016501914], [-87.6186354728481, 15.455150926662082], [-87.6186522715669, 15.455143998974844]], [[-87.62116699506659, 15.454147133748563], [-87.62115635930228, 15.454151440710136], [-87.62160541053849, 15.454220147094022], [-87.62116699506659, 15.454147133748563]], [[-87.63605207556763, 15.456626082586949], [-87.63565486180667, 15.456559930939918], [-87.63606623732672, 15.457035208520256], [-87.63605207556763, 15.456626082586949]], [[-87.63989039183967, 15.461078740273752], [-87.6362397889857, 15.460919304537615], [-87.6362351139563, 15.460955922313538], [-87.63989039183967, 15.461078740273752]], [[-87.63928185817063, 15.469619177754954], [-87.63675170312979, 15.467477106410666], [-87.6391629204098, 15.469636286816128], [-87.63928185817063, 15.469619177754954]], [[-87.62039671427226, 15.494108042958219], [-87.61455603890703, 15.485394672404821], [-87.62041946150578, 15.494217021147065], [-87.62039671427226, 15.494108042958219]], [[-87.62278475717974, 15.50554875687252], [-87.62255030912414, 15.50442555547462], [-87.62211897183747, 15.506847673256031], [-87.62278475717974, 15.50554875687252]], [[-87.57197275287315, 15.50764993362714], [-87.59219274690541, 15.505753748826034], [-87.57197566636776, 15.50764672453368], [-87.57197275287315, 15.50764993362714]], [[-87.52624345475067, 15.521356187262581], [-87.5268584761373, 15.521194870368202], [-87.52160315016579, 15.519557530161789], [-87.52624345475067, 15.521356187262581]], [[-87.5203234261307, 15.519061488429902], [-87.52061194528565, 15.519173323120338], [-87.51778662371515, 15.514755103003662], [-87.5203234261307, 15.519061488429902]], [[-87.51659290537748, 15.513551956270646], [-87.51715063657119, 15.513760550304687], [-87.51708815180002, 15.513662837012216], [-87.51659290537748, 15.513551956270646]], [[-87.62930025699696, 15.335086879354572], [-87.64134209692293, 15.302416321356825], [-87.62930069380535, 15.335084663529479], [-87.62930025699696, 15.335086879354572]], [[-87.6310010364599, 15.374191414434776], [-87.6256607643178, 15.353549160352058], [-87.62562604679094, 15.353725274110996], [-87.6310010364599, 15.374191414434776]], [[-87.88678807076494, 15.430472067219249], [-87.89255338843402, 15.43188970392083], [-87.88677631581176, 15.430440518286634], [-87.88678807076494, 15.430472067219249]], [[-87.88492728568302, 15.425477935614573], [-87.88526482097497, 15.426383841237726], [-87.8849393976008, 15.42548145269153], [-87.88492728568302, 15.425477935614573]], [[-87.8821429497796, 15.424794964132072], [-87.88457225383692, 15.42537484093151], [-87.88222148089066, 15.424692219937056], [-87.8821429497796, 15.424794964132072]], [[-87.87979723117834, 15.427896861412565], [-87.88024199224097, 15.427282033899138], [-87.87979143036085, 15.42787151515133], [-87.87979723117834, 15.427896861412565]], [[-87.88120389312321, 15.433454907258042], [-87.87991648360851, 15.428417926461695], [-87.88107311262168, 15.433471735031329], [-87.88120389312321, 15.433454907258042]], [[-87.86489066422571, 15.4511618286702], [-87.86294343650302, 15.448889061128314], [-87.86272598762669, 15.448815453589969], [-87.86489066422571, 15.4511618286702]], [[-87.86445552351329, 15.455074526424871], [-87.86456803471229, 15.454980230368005], [-87.86489066422571, 15.4511618286702], [-87.86445552351329, 15.455074526424871]], [[-87.84308345628058, 15.44213906939437], [-87.84329388737817, 15.442209668314778], [-87.83659504247673, 15.437591741114247], [-87.84308345628058, 15.44213906939437]], [[-87.83466213558265, 15.436447900464781], [-87.83535939031135, 15.436739929820083], [-87.8353183165344, 15.436711615130818], [-87.83466213558265, 15.436447900464781]], [[-87.82537893782167, 15.432559843280387], [-87.82551691346288, 15.432617631253553], [-87.82525959660987, 15.432198831649481], [-87.82537893782167, 15.432559843280387]], [[-87.81911685923785, 15.413616821265109], [-87.82122420386884, 15.419991617621331], [-87.81907468292705, 15.41120530865893], [-87.81911685923785, 15.413616821265109]], [[-87.81899453071273, 15.406622449903384], [-87.81902233082374, 15.408211975323677], [-87.81983971231652, 15.40506275510307], [-87.81899453071273, 15.406622449903384]], [[-87.82098250196024, 15.402953855598902], [-87.82049625666065, 15.403851170758214], [-87.82292266702093, 15.401979745791147], [-87.82098250196024, 15.402953855598902]], [[-87.82436544923046, 15.401255359846251], [-87.82399372471063, 15.401441993709465], [-87.83770951973091, 15.40370317902135], [-87.82436544923046, 15.401255359846251]], [[-87.83934468186919, 15.39785561047893], [-87.83965543529939, 15.404023982569022], [-87.83969093000688, 15.404029834224804], [-87.83934468186919, 15.39785561047893]], [[-87.88022843463845, 15.348771654566407], [-87.87920994038168, 15.352865154819915], [-87.87922541454786, 15.352854942460898], [-87.88022843463845, 15.348771654566407]], [[-87.86459762774335, 15.343986157051056], [-87.86462691742562, 15.343991548935879], [-87.86458658631452, 15.34384611976046], [-87.86459762774335, 15.343986157051056]], [[-87.86427635124969, 15.339911440783577], [-87.86433549160839, 15.340661511786013], [-87.86519781304798, 15.33815993755345], [-87.86427635124969, 15.339911440783577]], [[-87.86594852060557, 15.336733001879713], [-87.86583981376158, 15.33693963050907], [-87.86709238845542, 15.336265397959911], [-87.86594852060557, 15.336733001879713]], [[-87.86933656360588, 15.335347997320309], [-87.86915410688162, 15.33542258415258], [-87.87165786763676, 15.335924756377514], [-87.86933656360588, 15.335347997320309]], [[-87.87576186879276, 15.33694445039692], [-87.87505681381616, 15.336769270050798], [-87.87695067075424, 15.338155133378926], [-87.87576186879276, 15.33694445039692]], [[-87.88393937409079, 15.345272470387151], [-87.88064149520933, 15.341913890936677], [-87.8831529469858, 15.345484196762076], [-87.88393937409079, 15.345272470387151]], [[-87.88740094228403, 15.342915285460034], [-87.88507581765586, 15.344966510591489], [-87.886424649381, 15.344603370448253], [-87.88740094228403, 15.342915285460034]], [[-87.88807267280195, 15.338571728445508], [-87.88800884374514, 15.341864177408715], [-87.88815984832553, 15.341603078957098], [-87.88807267280195, 15.338571728445508]], [[-87.8882188273109, 15.3310327440783], [-87.8882119331611, 15.331388360117298], [-87.89174514938661, 15.326359291185293], [-87.8882188273109, 15.3310327440783]], [[-87.89365798945566, 15.32382419434427], [-87.89358423262277, 15.323921944656545], [-87.89612356645186, 15.322941948981796], [-87.89365798945566, 15.32382419434427]], [[-87.9180307380125, 15.323232685638828], [-87.91614741210985, 15.316658403594493], [-87.91800381362908, 15.323251555730517], [-87.9180307380125, 15.323232685638828]], [[-87.9144460559948, 15.314704395816904], [-87.9156096251284, 15.315772133961282], [-87.91521703676491, 15.315125150756227], [-87.9144460559948, 15.314704395816904]], [[-87.90718699842661, 15.311393845279389], [-87.90994441868456, 15.312247672891052], [-87.9069821900885, 15.310631066664916], [-87.90718699842661, 15.311393845279389]], [[-87.90569493339666, 15.305836867928157], [-87.90578932293427, 15.306188407916112], [-87.90614157063469, 15.305389397011128], [-87.90569493339666, 15.305836867928157]], [[-87.90836759565252, 15.303159216965142], [-87.9080065207342, 15.30352096585453], [-87.90865741812372, 15.303265807606213], [-87.90836759565252, 15.303159216965142]], [[-87.91684886879302, 15.30532239071814], [-87.91570466839627, 15.30553762273842], [-87.9159636770952, 15.305627805113625], [-87.91684886879302, 15.30532239071814]], [[-87.95373328579534, 15.424775162755454], [-87.95219881666112, 15.427333245088663], [-87.95526615686344, 15.424456088871723], [-87.95373328579534, 15.424775162755454]], [[-87.68129048348953, 15.646691305997363], [-87.68249422535234, 15.615058113108194], [-87.68124962352694, 15.646674494521367], [-87.68129048348953, 15.646691305997363]], [[-87.67360866526286, 15.580383745780464], [-87.67360163215857, 15.5803709721137], [-87.6632580820169, 15.576156839705178], [-87.67360866526286, 15.580383745780464]], [[-87.81484188941076, 15.596621912066812], [-87.81280972360577, 15.597270138960502], [-87.81480545070578, 15.596745215764953], [-87.81484188941076, 15.596621912066812]], [[-87.79768811640969, 15.583104095908368], [-87.80549587593386, 15.584920127772381], [-87.79979999745755, 15.582927232193281], [-87.80151945807063, 15.581820570550619], [-87.79768811640969, 15.583104095908368]], [[-87.7966834222993, 15.582870410878442], [-87.79016250106675, 15.579744798536606], [-87.7949769362165, 15.5824734937997], [-87.7966834222993, 15.582870410878442]], [[-87.7867642575837, 15.577818763476074], [-87.78501765595811, 15.576477822570206], [-87.78538593019005, 15.577037563747954], [-87.7867642575837, 15.577818763476074]], [[-87.77451533168299, 15.568138075879704], [-87.77902634385266, 15.567754743815648], [-87.7788933817177, 15.567550446645207], [-87.77451533168299, 15.568138075879704]], [[-87.77445765775933, 15.568195651440805], [-87.77268687172709, 15.569963417407147], [-87.77225826611279, 15.571704814401032], [-87.77445765775933, 15.568195651440805]], [[-87.77197197566493, 15.5728679940437], [-87.77184397414942, 15.573388055953455], [-87.77834059187263, 15.579885355947619], [-87.77197197566493, 15.5728679940437]], [[-87.78402897774438, 15.5918139102821], [-87.78397968805673, 15.591028702732167], [-87.77834059187263, 15.579885355947619], [-87.78402897774438, 15.5918139102821]], [[-87.78589666825049, 15.621567084954522], [-87.78405689601075, 15.592258661193972], [-87.7827480579457, 15.595612417654038], [-87.78589666825049, 15.621567084954522]], [[-87.78175381175463, 15.596561632734032], [-87.77944561165774, 15.597646519669649], [-87.78087744448186, 15.597398307833627], [-87.78175381175463, 15.596561632734032]], [[-87.77727067822508, 15.598023549872785], [-87.77814391446131, 15.597872172165959], [-87.76620914986827, 15.593486388348646], [-87.77727067822508, 15.598023549872785]], [[-87.76491430500812, 15.593797924223422], [-87.76449111819181, 15.593899741729958], [-87.76448164671011, 15.594220287505257], [-87.76491430500812, 15.593797924223422]], [[-87.76446731290324, 15.594705390193031], [-87.76414223215453, 15.605707181024345], [-87.76513105783131, 15.600313728202742], [-87.76446731290324, 15.594705390193031]], [[-87.76401848751729, 15.609895102396575], [-87.7639979033695, 15.610591736969281], [-87.76461984933393, 15.611244549149694], [-87.76401848751729, 15.609895102396575]], [[-87.77161772496721, 15.618589718524145], [-87.77333747023003, 15.620394812083719], [-87.77340261584102, 15.620163912043498], [-87.77161772496721, 15.618589718524145]], [[-87.7708934302992, 15.629057389803775], [-87.76980580281244, 15.63262134111378], [-87.76985003203885, 15.63275557754986], [-87.7708934302992, 15.629057389803775]], [[-87.77067696378602, 15.635265329124431], [-87.77154737610698, 15.637907044961985], [-87.77182842707371, 15.638056970832471], [-87.77067696378602, 15.635265329124431]], [[-87.77796391979354, 15.641329932664206], [-87.77805831272694, 15.64138028631669], [-87.77831706657197, 15.641332017169], [-87.77796391979354, 15.641329932664206]], [[-87.80491764449701, 15.640664114445672], [-87.79700825453007, 15.637967018100905], [-87.80494434426461, 15.640701657275224], [-87.80491764449701, 15.640664114445672]], [[-87.81087063092262, 15.649034672496578], [-87.81005661517403, 15.653905849379393], [-87.81007367001425, 15.653884171404496], [-87.81087063092262, 15.649034672496578]], [[-87.80958418910416, 15.654506338176699], [-87.80484325388512, 15.660407713327672], [-87.80484804727266, 15.660526327956129], [-87.80958418910416, 15.654506338176699]], [[-87.80489109428544, 15.6615915465307], [-87.80496593708962, 15.663443566915149], [-87.80506554383592, 15.663554634836613], [-87.80489109428544, 15.6615915465307]], [[-87.80642683309154, 15.665072559813906], [-87.80693655595074, 15.665640933549538], [-87.80698450862603, 15.665634411603627], [-87.80642683309154, 15.665072559813906]], [[-87.82929313487483, 15.661758900169824], [-87.82881872989581, 15.66869654633215], [-87.82954842780225, 15.66193821824473], [-87.82929313487483, 15.661758900169824]], [[-87.82876205362587, 15.66922147154251], [-87.82226643551195, 15.681747316037661], [-87.82875860791376, 15.669253385095699], [-87.82876205362587, 15.66922147154251]], [[-87.80435692126716, 15.685944342753304], [-87.80434445292688, 15.685975704799608], [-87.80444187589386, 15.686262274137702], [-87.80435692126716, 15.685944342753304]], [[-87.80600573215017, 15.6908623521909], [-87.80611895333286, 15.691195391928726], [-87.8098887344289, 15.691961770061324], [-87.80600573215017, 15.6908623521909]], [[-87.81008022935596, 15.692000700047144], [-87.81008777234315, 15.692002233499693], [-87.82052414551809, 15.68517885861078], [-87.81008022935596, 15.692000700047144]], [[-87.82736288027995, 15.699589833537592], [-87.80542761482678, 15.706215554307242], [-87.80541393994335, 15.706238377929493], [-87.82736288027995, 15.699589833537592]], [[-87.80296859789789, 15.710319697041282], [-87.80340010752558, 15.721382954295079], [-87.80341379777342, 15.721368249458697], [-87.80296859789789, 15.710319697041282]], [[-87.80328170879271, 15.721510127595016], [-87.79926795818805, 15.72490991443011], [-87.80021522182838, 15.724803872865964], [-87.80328170879271, 15.721510127595016]], [[-87.79694320383133, 15.72517015939017], [-87.7956541605439, 15.725134272262121], [-87.79596815542864, 15.725279311323526], [-87.79694320383133, 15.72517015939017]], [[-87.79441671972992, 15.724562679338371], [-87.79226884359059, 15.723209017110486], [-87.79272784346765, 15.723782561445294], [-87.79441671972992, 15.724562679338371]], [[-87.79060192674818, 15.721126117398839], [-87.78822645286319, 15.71689463469212], [-87.78916791529012, 15.719334245137139], [-87.79060192674818, 15.721126117398839]], [[-87.78063858594079, 15.710388992143368], [-87.78569237273706, 15.712380623277832], [-87.78528515297327, 15.711655233956918], [-87.78063858594079, 15.710388992143368]], [[-87.77870275819267, 15.71105478974873], [-87.77602292012557, 15.711976478039208], [-87.77554059341942, 15.712487153092074], [-87.77870275819267, 15.71105478974873]], [[-87.772951066005, 15.708798913278091], [-87.77298679286756, 15.708928336967956], [-87.77602292012557, 15.711976478039208], [-87.772951066005, 15.708798913278091]], [[-87.77280089713803, 15.708254913400078], [-87.75988971004442, 15.621251831752302], [-87.77213199785513, 15.705831767140616], [-87.77280089713803, 15.708254913400078]], [[-87.73210354156221, 15.435422284644243], [-87.73211713566333, 15.435414926439512], [-87.7358021792404, 15.417489394268193], [-87.73210354156221, 15.435422284644243]], [[-87.68674084318076, 15.461484319850506], [-87.68606683891419, 15.49544448602768], [-87.68694116487912, 15.45986774161646], [-87.68674084318076, 15.461484319850506]], [[-87.68599038409468, 15.499296714425189], [-87.70451394342504, 15.524544466596584], [-87.6859910536796, 15.499262976930936], [-87.68599038409468, 15.499296714425189]], [[-87.74895786870597, 15.537990906605204], [-87.74895288191863, 15.537962995245662], [-87.74250741306022, 15.537797197065611], [-87.74895786870597, 15.537990906605204]], [[-87.74965564602796, 15.541948242679595], [-87.7496625185382, 15.541934875623753], [-87.74954027479113, 15.541250669754259], [-87.74965564602796, 15.541948242679595]], [[-87.7470073261904, 15.547051586008465], [-87.74702436359797, 15.547066095974053], [-87.7490650847073, 15.543096886461075], [-87.7470073261904, 15.547051586008465]], [[-87.75586578154774, 15.55459591937476], [-87.75777161163587, 15.555481927396832], [-87.74716382876056, 15.547184871949904], [-87.75586578154774, 15.55459591937476]], [[-87.76447822144596, 15.562739621807866], [-87.76327361702135, 15.559785413270298], [-87.76194773625802, 15.558748353373923], [-87.76447822144596, 15.562739621807866]], [[-87.74571475691381, 15.589144689871667], [-87.74570544817773, 15.589183950227637], [-87.75186470040256, 15.583910981202902], [-87.74571475691381, 15.589144689871667]], [[-87.74152820580706, 15.606801811662011], [-87.7415920372937, 15.606866424190068], [-87.74507123185174, 15.591858809467107], [-87.74152820580706, 15.606801811662011]], [[-87.74848992238073, 15.61384871172865], [-87.7485019500329, 15.613848208727182], [-87.74808886427033, 15.613442746275306], [-87.74848992238073, 15.61384871172865]], [[-87.8599895754034, 15.458817454246132], [-87.86305632544921, 15.456247199557799], [-87.85875820318472, 15.458885443413237], [-87.8599895754034, 15.458817454246132]], [[-87.8385690924393, 15.460000167948467], [-87.8515263678126, 15.459284743036964], [-87.83604682742455, 15.459560216803009], [-87.8385690924393, 15.460000167948467]], [[-87.83370532912647, 15.459151796255481], [-87.83440063040017, 15.459273075577842], [-87.83161758017005, 15.456340652159156], [-87.83370532912647, 15.459151796255481]], [[-87.83070005586657, 15.455105210023728], [-87.8307609965777, 15.455187266403046], [-87.83070765216026, 15.453905523005114], [-87.83070005586657, 15.455105210023728]], [[-87.82847155805409, 15.440076112180511], [-87.83018630609646, 15.441378778735626], [-87.83016029621696, 15.440753821281103], [-87.82847155805409, 15.440076112180511]], [[-87.82308367999573, 15.440411407671379], [-87.82639015071328, 15.439240820642777], [-87.82585274107434, 15.439025152275079], [-87.82308367999573, 15.440411407671379]], [[-87.81687253012214, 15.449229909808428], [-87.82098546867749, 15.441461820313036], [-87.82073379650191, 15.44158781316823], [-87.81687253012214, 15.449229909808428]], [[-87.81635291626473, 15.450211302283186], [-87.8163824932611, 15.450155440336369], [-87.81571068327543, 15.450760844439523], [-87.81635291626473, 15.450211302283186]], [[-87.80922545926947, 15.457408034775591], [-87.80978997311735, 15.456096314735744], [-87.8095477282689, 15.456314614594847], [-87.80922545926947, 15.457408034775591]], [[-87.8077964206964, 15.46225659178119], [-87.80880138464265, 15.467252506416623], [-87.80882549385166, 15.467277491536398], [-87.8077964206964, 15.46225659178119]], [[-87.81294061656699, 15.470750080202624], [-87.80893801031313, 15.467394095829226], [-87.81190895716948, 15.470472980044855], [-87.81294061656699, 15.470750080202624]], [[-87.8275003308883, 15.475416707998347], [-87.8268199977737, 15.475218819152884], [-87.82756268908439, 15.475898569555067], [-87.8275003308883, 15.475416707998347]], [[-87.82807797439013, 15.479880342523545], [-87.82804542225941, 15.479628801886278], [-87.82805053345523, 15.47992298977912], [-87.82807797439013, 15.479880342523545]], [[-87.83743281602568, 15.503741396823806], [-87.837402896788, 15.503657342422807], [-87.83629371131333, 15.506001213266899], [-87.83743281602568, 15.503741396823806]], [[-87.83560204146961, 15.507373384647721], [-87.835618032587, 15.507341660619511], [-87.83509106980728, 15.507820054707606], [-87.83560204146961, 15.507373384647721]], [[-87.82757617767881, 15.514642320160135], [-87.82760962907486, 15.519931831642923], [-87.82763177625922, 15.519968720250944], [-87.82757617767881, 15.514642320160135]], [[-87.83253008856376, 15.526935191460572], [-87.82771841993193, 15.520113034960561], [-87.83216919420319, 15.52752629638454], [-87.83253008856376, 15.526935191460572]], [[-87.83076744059184, 15.529822213285401], [-87.83143027634516, 15.528736561858336], [-87.82999972375629, 15.529823738110242], [-87.83076744059184, 15.529822213285401]], [[-87.8217605761483, 15.529840102551335], [-87.822544833539, 15.529838544873954], [-87.81841470801511, 15.525948708729473], [-87.8217605761483, 15.529840102551335]], [[-87.81157590704368, 15.519934876213316], [-87.81266457044981, 15.520533112324994], [-87.81218891946368, 15.5200851345608], [-87.81157590704368, 15.519934876213316]], [[-87.8082798886138, 15.519697841097617], [-87.80977862076477, 15.519494334949528], [-87.80887316773097, 15.51927239511251], [-87.8082798886138, 15.519697841097617]], [[-87.80567066138461, 15.52197715530465], [-87.80666215501961, 15.520857932937515], [-87.80565317195067, 15.521581484101375], [-87.80567066138461, 15.52197715530465]], [[-87.80613088718083, 15.527771345392011], [-87.80583260234046, 15.525640817208181], [-87.80591765740684, 15.527565055612158], [-87.80613088718083, 15.527771345392011]], [[-87.81465033928717, 15.53594816205238], [-87.81177292652792, 15.533229753160413], [-87.8146602286554, 15.536023082202068], [-87.81465033928717, 15.53594816205238]], [[-87.81649841801243, 15.5499488880399], [-87.81649543651733, 15.549926300746725], [-87.81542069209276, 15.551255982760335], [-87.81649841801243, 15.5499488880399]], [[-87.81342931181237, 15.55367118184146], [-87.81345091554867, 15.553644980254255], [-87.8030198670887, 15.555698158894849], [-87.81342931181237, 15.55367118184146]], [[-87.79918217365541, 15.564613185719004], [-87.79925194439112, 15.559017306322806], [-87.79917743053547, 15.559082945268239], [-87.79918217365541, 15.564613185719004]], [[-87.80291705551434, 15.580921063187036], [-87.8038664624231, 15.580310015628738], [-87.80524099449632, 15.575213836190741], [-87.80291705551434, 15.580921063187036]], [[-87.95605014083112, 15.756384558187246], [-87.96461455970606, 15.75760826346966], [-87.9647691975406, 15.757536263463875], [-87.95605014083112, 15.756384558187246]], [[-87.95197968048798, 15.755846888710868], [-87.94913571539263, 15.756673989670302], [-87.95218274617315, 15.75587371177544], [-87.95197968048798, 15.755846888710868]], [[-87.85848052005622, 15.649589009932843], [-87.85846419128282, 15.649576061501834], [-87.85725162297621, 15.651685427922166], [-87.85848052005622, 15.649589009932843]], [[-87.77296224241108, 15.716541859413768], [-87.7750687204613, 15.712986759986647], [-87.7734849778983, 15.714663585687497], [-87.77296224241108, 15.716541859413768]], [[-87.77256426669659, 15.719807889426846], [-87.77245063546377, 15.71838014648399], [-87.77227584826059, 15.719008185366821], [-87.77256426669659, 15.719807889426846]], [[-87.77676622377935, 15.729101211176445], [-87.7739868843558, 15.723752412300358], [-87.77638128480183, 15.730391418407468], [-87.77676622377935, 15.729101211176445]], [[-87.77592754014847, 15.731912242919853], [-87.77607561633923, 15.731415933158537], [-87.77295603523528, 15.733251414706684], [-87.77592754014847, 15.731912242919853]], [[-87.77076438062387, 15.734239130395473], [-87.77102773263898, 15.734120445217778], [-87.75912707508716, 15.731818091024573], [-87.77076438062387, 15.734239130395473]], [[-87.75847836905379, 15.731872716852452], [-87.75874834338207, 15.731744819902742], [-87.75871180500631, 15.731737751025896], [-87.75847836905379, 15.731872716852452]], [[-87.75690828200477, 15.737464076324866], [-87.75597650181176, 15.73331922317075], [-87.755839130132, 15.733398647450096], [-87.75690828200477, 15.737464076324866]], [[-87.76460616205414, 15.760705987368631], [-87.76631668690551, 15.749284900963803], [-87.76456562094702, 15.760666724375437], [-87.76460616205414, 15.760705987368631]], [[-87.77329645850456, 15.773261330154444], [-87.7735850958065, 15.773457669902108], [-87.77148400989891, 15.767424764558427], [-87.77329645850456, 15.773261330154444]], [[-87.77573565505018, 15.774615920057665], [-87.77481896872565, 15.774296987259845], [-87.77553896165378, 15.774786748038794], [-87.77573565505018, 15.774615920057665]], [[-87.77991822158928, 15.770983365986897], [-87.78123664701496, 15.761232168903614], [-87.77940874030591, 15.7714258498763], [-87.77991822158928, 15.770983365986897]], [[-87.78524062228267, 15.759180685554085], [-87.78347129479374, 15.760087221094569], [-87.78536208169939, 15.759372372002247], [-87.78524062228267, 15.759180685554085]], [[-87.78129020645466, 15.774308672682347], [-87.7811607438995, 15.773068910444978], [-87.78113183186768, 15.773124869976362], [-87.78129020645466, 15.774308672682347]], [[-87.78895287929276, 15.784001054075823], [-87.78162477616176, 15.776809481253945], [-87.78164029307939, 15.776925465575824], [-87.78895287929276, 15.784001054075823]], [[-87.79782199900711, 15.787075035231538], [-87.78990594335124, 15.789707426863185], [-87.79800518280929, 15.787128603086325], [-87.79782199900711, 15.787075035231538]], [[-87.8007337882271, 15.787926520462479], [-87.79857679181657, 15.787295756884484], [-87.8014651147668, 15.789455613940785], [-87.8007337882271, 15.787926520462479]], [[-87.80206255811079, 15.79070477785234], [-87.80185562185028, 15.790272105346695], [-87.80107764446058, 15.793181905941514], [-87.80206255811079, 15.79070477785234]], [[-87.80075817116388, 15.793985404072362], [-87.8007812902153, 15.793927258008829], [-87.79393427044036, 15.797071561705083], [-87.80075817116388, 15.793985404072362]], [[-87.7982633920724, 15.80844482265442], [-87.79452684765732, 15.802234565030865], [-87.79825272420712, 15.808483262308117], [-87.7982633920724, 15.80844482265442]], [[-87.7976289693346, 15.810730846116305], [-87.79814307900811, 15.808878348238135], [-87.79730335179785, 15.810831913936125], [-87.7976289693346, 15.810730846116305]], [[-87.79353232527866, 15.812002395822885], [-87.79450857644717, 15.811699379043805], [-87.79336265575992, 15.811882806951782], [-87.79353232527866, 15.812002395822885]], [[-87.78475648736465, 15.805816885562228], [-87.78927305082749, 15.809000313733538], [-87.78481429612047, 15.80577846834611], [-87.78475648736465, 15.805816885562228]], [[-87.77982325607918, 15.809439902031816], [-87.78029079738856, 15.80878459130988], [-87.77983756746553, 15.80908578844958], [-87.77982325607918, 15.809439902031816]], [[-87.77984312341695, 15.81381120493161], [-87.7797210087102, 15.811969858334265], [-87.77965792886752, 15.813530673513636], [-87.77984312341695, 15.81381120493161]], [[-87.78592088179529, 15.822900537433126], [-87.78304643524874, 15.818663559459111], [-87.78590248005126, 15.822989876301184], [-87.78592088179529, 15.822900537433126]], [[-87.78526380224933, 15.826090601526042], [-87.7857169685347, 15.823890518592478], [-87.78481661630451, 15.826398076027067], [-87.78526380224933, 15.826090601526042]], [[-87.78115981791085, 15.826408624894391], [-87.78345472997074, 15.827334476926469], [-87.78439416132225, 15.826688546101941], [-87.78115981791085, 15.826408624894391]], [[-87.77399752049013, 15.819462077213279], [-87.77933671744002, 15.824640441641977], [-87.77424021629598, 15.8194926637807], [-87.77399752049013, 15.819462077213279]], [[-87.77128457742533, 15.819146713016925], [-87.77193373133532, 15.8192019811399], [-87.77131033890178, 15.81912341598039], [-87.77128457742533, 15.819146713016925]], [[-87.7696827112565, 15.820631845275111], [-87.77038344440625, 15.819961640255476], [-87.76966701380817, 15.820609534402678], [-87.7696827112565, 15.820631845275111]], [[-87.77299556211962, 15.855825037835407], [-87.77303400257009, 15.855229768520651], [-87.77257950833018, 15.85628749662424], [-87.77299556211962, 15.855825037835407]], [[-87.76962286735503, 15.859573909677355], [-87.77175687652345, 15.857201881539508], [-87.76191380746877, 15.86423975684045], [-87.76962286735503, 15.859573909677355]]], [[[-87.97146327131999, 14.897196082087392], [-87.97372030487548, 14.898576442553829], [-87.9723376522662, 14.901590447621958], [-87.9708632527257, 14.899177310753947], [-87.97146327131999, 14.897196082087392]]], [[[-88.01810722239544, 14.928389890189765], [-88.01923849905978, 14.924856953970085], [-88.02910558435674, 14.92690103259296], [-88.02266719732884, 14.92898539541707], [-88.01810722239544, 14.928389890189765]]]]}}, {"type": "Feature", "properties": {"code": "R-02", "name": "Valle de Comayagua", "level": "subregion", "municipios": ["030100", "030200", "030300", "030400", "030500", "030600", "030700", "030800", "030900", "031000", "031100", "031200", "031300", "031500", "031600", "031700", "031800", "031900", "032000", "080300", "080500", "081100", "081900", "082400", "082800", "100700", "100900", "101100", "120100", "120400", "120500", "121200", "121400", "121700", "121800", "180900", "181000"], "source": "SINIT/SEPLAN 2016 (Marco Contextual CNI), clasificado a nivel municipio"}, "geometry": {"type": "Polygon", "coordinates": [[[-87.88060344437571, 14.17805897304527], [-87.90007213207662, 14.180093210464197], [-87.90474076055025, 14.185162281839174], [-87.91020172185408, 14.179448090490348], [-87.91368105878811, 14.179914020325038], [-87.92217320952848, 14.174937275888595], [-87.92349476970618, 14.168059989115582], [-87.9330863070029, 14.162172300702522], [-87.93405745750626, 14.156009433467348], [-87.94113773676656, 14.1440162081134], [-87.94309250303631, 14.132817091152482], [-87.9499577205775, 14.1368087251184], [-87.95221857000433, 14.164490709935887], [-87.97727217584476, 14.167081868882528], [-87.98000962416364, 14.149397145109896], [-87.99407058594487, 14.155994472517436], [-88.01313837212746, 14.197713154927802], [-88.01528295180808, 14.206786526228623], [-88.01312236151284, 14.208634328742363], [-88.01435104972087, 14.212187737614093], [-88.009313057954, 14.215713427455007], [-88.0137990473368, 14.230187722229832], [-88.01063076543721, 14.231271677870641], [-88.01248541910873, 14.231323370834051], [-88.01223854286394, 14.237215512191995], [-88.00583552830301, 14.258927650886], [-88.00385644128816, 14.269208519527457], [-88.00650621617298, 14.272462016143244], [-88.00478074113816, 14.27287357081258], [-88.00641121340048, 14.274878522069017], [-88.01371052226442, 14.27211166509567], [-88.02007589479159, 14.274727737539843], [-88.02524108738542, 14.285505646067646], [-88.0276018124618, 14.286075198621615], [-88.02682976986823, 14.289716215307715], [-88.03033654462952, 14.297778783016138], [-88.04033176696213, 14.30982922458713], [-88.04305460396925, 14.319551640928541], [-88.06928478197958, 14.339438068905244], [-88.06199673022462, 14.344258828058654], [-88.05819645412505, 14.356741433652001], [-88.05422428914399, 14.357845115763682], [-88.05469289699414, 14.367561488541888], [-88.05898741872949, 14.37186364324966], [-88.05659111270998, 14.378365354888066], [-88.0668927336836, 14.404582561484906], [-88.06398645648353, 14.406790207870433], [-88.06156246022833, 14.414824448923873], [-88.05157092777215, 14.42306464530416], [-88.05978770177948, 14.425385919267976], [-88.06553150713926, 14.430246359188335], [-88.11578238673339, 14.442755084111583], [-88.12784425168661, 14.518222426714738], [-88.14205671891041, 14.503924577879628], [-88.14938194230898, 14.518141621440444], [-88.1511361681032, 14.551716766411964], [-88.15611159870632, 14.56200802330352], [-88.14941127549046, 14.56665936840524], [-88.16336969079495, 14.600911718390579], [-88.15983570707499, 14.604889944031978], [-88.1600687095243, 14.612145612105692], [-88.13044892215689, 14.626846650203188], [-88.12861548355389, 14.635005123592483], [-88.13336799802755, 14.636921126192947], [-88.13559072895418, 14.641699239021976], [-88.13441606579464, 14.64658544121929], [-88.12885729090739, 14.650170843627722], [-88.10076640250772, 14.642191962540545], [-88.08908965304045, 14.658113420533692], [-88.076607672518, 14.66268935758111], [-88.0676175804965, 14.65462516863697], [-88.06653535390622, 14.645891671367973], [-88.06022335453687, 14.63760013588863], [-88.04109284965084, 14.640835849255257], [-88.02192077848164, 14.634540973440608], [-88.02161220975422, 14.652505034660514], [-87.9190512129005, 14.650680593373938], [-87.89946713544745, 14.672145975271569], [-87.90085251526303, 14.72848800837887], [-87.92377776256647, 14.743385638395258], [-87.92890904935129, 14.754792201399496], [-87.88135544199056, 14.809233919864914], [-87.88060727565401, 14.798630009379336], [-87.88258250645413, 14.826625374935679], [-87.88071581543768, 14.837780560807854], [-87.88875928861867, 14.848227509071311], [-87.89426612349278, 14.84723994979696], [-87.89850135382333, 14.851597871121244], [-87.90188505137715, 14.851311144967957], [-87.8830986267661, 14.860909351813756], [-87.87581014258734, 14.87576813822072], [-87.87063980461127, 14.877062519265962], [-87.86653683206818, 14.883275300316216], [-87.85652787775554, 14.887246638324093], [-87.85724832019896, 14.893861571491177], [-87.8522472337567, 14.896967548509119], [-87.85017072959769, 14.902912602468803], [-87.83608615477152, 14.904762373737912], [-87.83422526711614, 14.906777282022107], [-87.82847429366743, 14.90488044017473], [-87.8247910474937, 14.907939259858452], [-87.82663989368676, 14.910277477997472], [-87.81795220350394, 14.910765227483456], [-87.81427648568729, 14.916585753502982], [-87.81012886728381, 14.913366204295812], [-87.80144605012137, 14.919299131241482], [-87.79819770405457, 14.931019159036493], [-87.78365310246139, 14.927749298748136], [-87.78490863064285, 14.937839942668882], [-87.77821089579031, 14.944038700579634], [-87.76086968468032, 14.9460363065219], [-87.75704239911731, 14.950016733680028], [-87.74891124929009, 14.95181324120083], [-87.73876044002277, 14.963750585269192], [-87.73435775637863, 14.9758826590521], [-87.73812399498343, 14.986153099057876], [-87.74310027328927, 14.98731785966037], [-87.74126722419905, 14.998806558284457], [-87.7427808921324, 15.004594401844392], [-87.74046665824156, 15.01313063126481], [-87.736212769717, 15.012291987715578], [-87.73431367861865, 15.017483284974679], [-87.74495534581935, 15.028577658052873], [-87.7447697397181, 15.037755596565049], [-87.74981977710459, 15.048439639949391], [-87.7443221690983, 15.060655715103609], [-87.74462238240787, 15.07458623204961], [-87.73716585436004, 15.07703121068313], [-87.73188360280773, 15.082141560291658], [-87.7331977160863, 15.087775243656575], [-87.73765981424073, 15.089329289585034], [-87.73452085183537, 15.095169518211998], [-87.73871109005655, 15.099960939449723], [-87.73191474425407, 15.10983383049162], [-87.73919607656843, 15.111793428651346], [-87.75310355535244, 15.12682033816335], [-87.75530700140382, 15.133178622772638], [-87.76876174002768, 15.140519307189672], [-87.76585790191977, 15.14933232303374], [-87.75738397063971, 15.148424097150231], [-87.75734265260895, 15.157821801493204], [-87.75208921438231, 15.15946778985102], [-87.75098928274596, 15.163302359173366], [-87.74289324031304, 15.16397217538063], [-87.74088802021181, 15.175192371508182], [-87.72977442723005, 15.181406685118668], [-87.72831273363161, 15.18491686679628], [-87.73077292033221, 15.19175480842559], [-87.72673761951668, 15.195165970747002], [-87.72526654259477, 15.198695373784952], [-87.72682671356748, 15.200537989368978], [-87.72339605179747, 15.199943331921208], [-87.72287876898831, 15.201906779180868], [-87.7196848634108, 15.200180112985876], [-87.71574878828008, 15.208526885322904], [-87.71742819121047, 15.211129719175794], [-87.7136111506983, 15.210320305094458], [-87.71296588380287, 15.214141964248828], [-87.70784196597764, 15.210576981462111], [-87.70931244761226, 15.215283583081122], [-87.70615399354402, 15.215060729156988], [-87.70638243766379, 15.219964486677064], [-87.70470085852807, 15.221939468647388], [-87.70257053802628, 15.220743755444811], [-87.70017003211956, 15.228553208856948], [-87.69246526631787, 15.235989181688774], [-87.69490725809182, 15.241152811617242], [-87.6900478619526, 15.241459355817652], [-87.69193385667, 15.24397811727119], [-87.68538610789763, 15.248345567660538], [-87.68805576957575, 15.248891130706017], [-87.68910025867407, 15.257043591923228], [-87.6843483237019, 15.26414251309722], [-87.67982135487101, 15.266453714311819], [-87.6781052920263, 15.2771809553362], [-87.67444312470094, 15.282459241140675], [-87.66582648435906, 15.280374061154312], [-87.65194157964969, 15.285171369228056], [-87.65054797017726, 15.28317519869132], [-87.65310864471655, 15.27659753475296], [-87.64404975582076, 15.275179530693489], [-87.63996886354384, 15.27010702818066], [-87.63945673606013, 15.258982926432662], [-87.6476093892319, 15.238305200972516], [-87.64432949903832, 15.220173540589705], [-87.64484088072919, 15.207599971973986], [-87.60791886931314, 15.18738046308566], [-87.60540588526044, 15.183088383827268], [-87.59131358978004, 15.175520312057081], [-87.57043684158927, 15.177481722882964], [-87.54838267172701, 15.16943366553506], [-87.52926062146518, 15.16937313626784], [-87.51393050451354, 15.156957119525174], [-87.50772244285285, 15.15864260207397], [-87.48969032009285, 15.15402528488577], [-87.47657800616692, 15.139182217371422], [-87.45663120383725, 15.138938637446342], [-87.44679001083236, 15.126056901342004], [-87.42454967429107, 15.126122377552683], [-87.41939205687163, 15.118972685104577], [-87.39723014167602, 15.112065820253143], [-87.3961157828662, 15.106305264142105], [-87.39894031847001, 15.096403786315232], [-87.39560515242748, 15.085276756022925], [-87.40227111397019, 15.058461759485464], [-87.39996609150457, 15.046648051187027], [-87.4050427514829, 15.040244769782529], [-87.4006698954417, 15.03851890038606], [-87.38954579104347, 15.037833043523124], [-87.38316296905832, 15.03312897739371], [-87.38120133738269, 15.03336733672327], [-87.37997887878281, 15.041256597553772], [-87.37535777367249, 15.044771084321098], [-87.3363545442202, 15.044592602795936], [-87.33471799080456, 15.041606930656608], [-87.32727132761458, 15.039211714018515], [-87.32753134228254, 15.028415109562758], [-87.32393652162224, 15.025619768549179], [-87.31193866142247, 15.025834314563708], [-87.30883948857706, 15.02791914077262], [-87.30417075135415, 15.024719212276437], [-87.28546885705993, 15.025601239186418], [-87.27681783345403, 15.020825763041342], [-87.27448474959807, 15.015217406763105], [-87.26794267694368, 15.0203922420539], [-87.26558479758195, 15.026992810170524], [-87.25371679218807, 15.022621384223978], [-87.24415011370976, 15.02714906069368], [-87.23378981278199, 15.022486778093791], [-87.20532913360427, 15.016289377626343], [-87.19388152411209, 15.01773358320046], [-87.186263191307, 15.011099814626435], [-87.18165143077329, 15.01671636338071], [-87.17622193292671, 15.018389871503285], [-87.1730619778764, 15.023787649862621], [-87.16790615309348, 15.02591168052126], [-87.16306183157738, 15.023778088086368], [-87.15353216559572, 15.028402528689131], [-87.14720045389892, 15.026006267301765], [-87.13907183038131, 15.027373224152972], [-87.13417112898523, 15.033236017295335], [-87.12664796583577, 15.02910622610753], [-87.11782203725114, 15.031712592981041], [-87.10540224062851, 15.031354779880077], [-87.09179612463736, 15.0216560284564], [-87.08482863807527, 15.020717314432437], [-87.08160517391114, 15.01660358719915], [-87.07655498211268, 15.015431106736076], [-87.06296916320042, 15.02250780382784], [-87.05379272443894, 15.02405395415273], [-87.04704533858954, 15.021534063444049], [-87.03008974296255, 15.02533427167886], [-86.99123920838623, 15.015330801551503], [-86.9884873206749, 15.001442158653447], [-87.0023793930543, 14.987501905569], [-86.99350371019571, 14.978400631631462], [-86.99947514572439, 14.968460938565178], [-86.99726172689383, 14.962396465988018], [-87.00282926332957, 14.93711580774852], [-87.00096647503821, 14.920046904561628], [-87.00813519100384, 14.905446116722315], [-87.00399771991148, 14.888865497425938], [-87.00684275172208, 14.88501380676064], [-87.00719001712194, 14.878701783439245], [-87.02082831887496, 14.869950024403884], [-87.03814019100845, 14.849220418715078], [-87.03413289423526, 14.84627581349084], [-87.03258765302088, 14.837076409442043], [-87.02841869735711, 14.835033607518564], [-87.02912884523143, 14.832664667682588], [-87.0259727199659, 14.832278518648083], [-87.02900474373993, 14.82993417276635], [-87.0246880009188, 14.821669693873858], [-87.00724439217883, 14.81037025241634], [-87.00038306207892, 14.785417121524855], [-86.9927333005806, 14.775876009253649], [-86.983044432858, 14.769536310894654], [-86.9852206827413, 14.73620392813263], [-86.9790338697908, 14.717605101306324], [-86.97511004847118, 14.713402674614358], [-86.97392231713587, 14.702249840115377], [-86.98028705641464, 14.688942474853256], [-86.97666138980863, 14.683323960290565], [-86.97830268576254, 14.67551110515737], [-86.98374893777616, 14.670616693153221], [-86.98903977867732, 14.66933197174247], [-86.98307489798226, 14.660600869963996], [-86.98186454226207, 14.651324156534196], [-86.99330268031741, 14.634618221050067], [-86.99419691108533, 14.629259982205143], [-86.99743741568197, 14.628102716609224], [-87.00769439340627, 14.606995037159313], [-87.01376684471838, 14.603414288150693], [-87.03308014943529, 14.613376881135835], [-87.03323663449812, 14.609647634097067], [-87.02896976229734, 14.606835137162484], [-87.0279995088407, 14.593269470057786], [-87.03061337847426, 14.593351654143525], [-87.03164925846545, 14.585868453760511], [-87.03491193083956, 14.583338599531535], [-87.0355363819984, 14.573076277251573], [-87.0377984562423, 14.57010801715777], [-87.02315404123333, 14.550044299606776], [-87.02221318639744, 14.481942613593922], [-87.04126972121547, 14.478533587121266], [-87.01853031062669, 14.482276345233057], [-86.98092956170261, 14.474737792415404], [-86.96150921803135, 14.46218668077413], [-86.9501185088254, 14.465760536506778], [-86.94835745096057, 14.46352459273867], [-86.93578721626838, 14.464851762702025], [-86.91339599262606, 14.443887065121602], [-86.9089476767382, 14.446743691572298], [-86.90683124345328, 14.440759516585663], [-86.89866047012288, 14.439481266666764], [-86.895840317391, 14.435581931651553], [-86.89028768308562, 14.437647704315115], [-86.8824586969041, 14.43630576056906], [-86.87927125785953, 14.439923096706256], [-86.88102179121448, 14.414447837172345], [-86.88541465667532, 14.412866573397913], [-86.88476731162314, 14.406656855922321], [-86.89017936470336, 14.400699798140263], [-86.89736235718664, 14.400975407655444], [-86.90067087404351, 14.398283516273741], [-86.90896019692597, 14.385193275994235], [-86.90962877326032, 14.378341010793951], [-86.91350203680055, 14.37486590671263], [-86.92201206403217, 14.375133337999019], [-86.9739263626279, 14.400912621095658], [-86.97437527655505, 14.39690604343991], [-86.98036117798925, 14.395583131775881], [-86.9856402703515, 14.389900770229696], [-86.99455352639062, 14.369012405264746], [-87.05440236181471, 14.346763446425223], [-87.080849156944, 14.306408015195391], [-87.09156121533093, 14.30566270874692], [-87.09614297392096, 14.296798793294856], [-87.09716722795775, 14.298758189076002], [-87.10236102886705, 14.296673002314014], [-87.12282361645244, 14.30132098267629], [-87.13890896361305, 14.300762838946659], [-87.1392081910466, 14.305314088469057], [-87.12958550950137, 14.31459075327686], [-87.12929434734582, 14.32431648495756], [-87.12301277853382, 14.340074004734598], [-87.12271708991528, 14.350038189047904], [-87.11785494523916, 14.363146687618313], [-87.1379569660005, 14.371628301981163], [-87.15525810332889, 14.364958350819713], [-87.23768402670227, 14.37188375265734], [-87.23712765893458, 14.387411164512232], [-87.23792966086883, 14.37090925545932], [-87.26107907696911, 14.355858702893578], [-87.27757737061802, 14.356714740169386], [-87.28776864539688, 14.352679045117682], [-87.30850159890328, 14.353056453863058], [-87.31790727252631, 14.357619111990232], [-87.32741857087095, 14.346857891297532], [-87.35409878499827, 14.355688275346708], [-87.36824495320329, 14.364982978249811], [-87.38125286495905, 14.361085811037567], [-87.39466079422702, 14.366067038291684], [-87.40464927168033, 14.343728987255696], [-87.43081576701397, 14.339367821537953], [-87.43699890481412, 14.334697846444971], [-87.45183449584673, 14.338378241890101], [-87.46431584104107, 14.334990690952443], [-87.46781826424936, 14.329664003836674], [-87.4662454883561, 14.297168371052596], [-87.46138981457358, 14.264827065366484], [-87.44275561278872, 14.248899423717258], [-87.43420412194284, 14.247696771135168], [-87.42952428393733, 14.24264418079863], [-87.42484928744167, 14.224416657914675], [-87.43282419573156, 14.214442964016586], [-87.4722643808037, 14.211267066030729], [-87.47781664810533, 14.203095980446468], [-87.4868708388261, 14.198317328442329], [-87.49795886615048, 14.180930123715225], [-87.49756226798952, 14.174219806245448], [-87.4907481204524, 14.170386633375992], [-87.49997743416164, 14.161390375432571], [-87.54193664687962, 14.133811765234759], [-87.58015846487591, 14.144019761429982], [-87.58860019363098, 14.138395748274368], [-87.61745931489834, 14.106689421827992], [-87.61511938445821, 14.08705384139885], [-87.64288151284161, 14.087887849939131], [-87.65212760522586, 14.085254559816685], [-87.65658891869192, 14.081819134240993], [-87.6613948261216, 14.070827414898396], [-87.67762349519765, 14.059062446696997], [-87.67988293832853, 14.052827669611077], [-87.68893367470473, 14.04734214730872], [-87.69104710143077, 14.052195889599833], [-87.68768502378138, 14.052836112506613], [-87.69035536197968, 14.054702338023862], [-87.68951180814005, 14.06276969869052], [-87.69278842773785, 14.066193802365515], [-87.68982722516716, 14.066221490518682], [-87.69095768261283, 14.074858459664233], [-87.68945453445514, 14.080452617189527], [-87.68655671998651, 14.080929899761948], [-87.69759074143488, 14.104204683361061], [-87.71438216518466, 14.094483493276739], [-87.73788926897006, 14.130800525140225], [-87.75959771933489, 14.13172747492729], [-87.7858192242486, 14.13802856303003], [-87.78523017715398, 14.153085195694953], [-87.76865514734142, 14.16318936708152], [-87.78796047874569, 14.190138250275437], [-87.82537147938598, 14.200372219230948], [-87.82588727387751, 14.212765446674082], [-87.82947157045584, 14.212345364221175], [-87.84079506977494, 14.196490799971956], [-87.84539281813159, 14.195498183409162], [-87.84835372052008, 14.19935593534235], [-87.8654507025427, 14.195007259349989], [-87.88015840074988, 14.188028380172156], [-87.88060344437571, 14.17805897304527]], [[-87.22990807241935, 14.39267038354079], [-87.22990434386621, 14.392766064674062], [-87.23712765893458, 14.387411164512232], [-87.22990807241935, 14.39267038354079]], [[-87.72630300362705, 14.977007846576111], [-87.7270561133099, 14.981314063539193], [-87.72747312486572, 14.98122176092852], [-87.72630300362705, 14.977007846576111]], [[-87.72401819235922, 14.981079655248191], [-87.72509025425386, 14.981749192783344], [-87.72620901670602, 14.981501562487216], [-87.72401819235922, 14.981079655248191]], [[-87.71647421614381, 14.976451467697828], [-87.70463081543862, 14.974773084383976], [-87.70471325949062, 14.974903724864689], [-87.71647421614381, 14.976451467697828]], [[-87.69473712071981, 14.967677632553759], [-87.69461228408086, 14.967788018931667], [-87.70050658899416, 14.968237853373118], [-87.69473712071981, 14.967677632553759]], [[-87.69940396157938, 14.962135365592049], [-87.69934137115455, 14.962036341783863], [-87.69930872530689, 14.962244003697693], [-87.69940396157938, 14.962135365592049]], [[-87.69306284081412, 14.939222854921093], [-87.69655845705478, 14.95758979165939], [-87.69657354085902, 14.957612661637874], [-87.69306284081412, 14.939222854921093]], [[-87.69149894908264, 14.918213193531546], [-87.68799137397204, 14.925347048399459], [-87.6881310882323, 14.925729314143092], [-87.69149894908264, 14.918213193531546]], [[-87.69192729350942, 14.91725724893705], [-87.68929663389557, 14.907628586283957], [-87.68916316933424, 14.90881810968217], [-87.69192729350942, 14.91725724893705]], [[-87.6924707127307, 14.902343282138995], [-87.6895906192845, 14.905008396359289], [-87.68946373011454, 14.906139315572187], [-87.6924707127307, 14.902343282138995]], [[-87.70040247390023, 14.900506060546975], [-87.70069494114959, 14.900305528768106], [-87.69321686972825, 14.90165282064464], [-87.70040247390023, 14.900506060546975]], [[-87.70764910709279, 14.895537366622785], [-87.70759673287601, 14.895119617097096], [-87.70734950839686, 14.895742788117243], [-87.70764910709279, 14.895537366622785]], [[-87.70701914737924, 14.890512654317492], [-87.70390353792679, 14.886225701438915], [-87.70732803889318, 14.892976448362939], [-87.70701914737924, 14.890512654317492]], [[-87.70374406243428, 14.878383227810392], [-87.70325727097449, 14.884951710079823], [-87.70335312419378, 14.885140666319483], [-87.70374406243428, 14.878383227810392]], [[-87.68709533846454, 14.85844105088176], [-87.68690260550231, 14.858388049506255], [-87.69100345000898, 14.864140863641454], [-87.68709533846454, 14.85844105088176]], [[-87.68513179600257, 14.857901078631324], [-87.68453284037292, 14.858059763012081], [-87.68600318674528, 14.85814071023057], [-87.68513179600257, 14.857901078631324]], [[-87.63833879337852, 14.742005483459904], [-87.6383294519554, 14.74198361037535], [-87.63546798709024, 14.74265755307407], [-87.63833879337852, 14.742005483459904]], [[-87.63491361079504, 14.73398536626487], [-87.63383367586093, 14.731524919639813], [-87.63687680869285, 14.738582224047994], [-87.63491361079504, 14.73398536626487]], [[-87.63367206631389, 14.731306975519566], [-87.62406236665765, 14.730274154433195], [-87.63369368994454, 14.731336136811365], [-87.63367206631389, 14.731306975519566]], [[-87.61968189312915, 14.727983844908207], [-87.61962006886031, 14.72800654089927], [-87.62406236665765, 14.730274154433195], [-87.61968189312915, 14.727983844908207]], [[-87.61275142981273, 14.730119608525605], [-87.61310708894067, 14.730240137198908], [-87.61321528251977, 14.730201864923165], [-87.61275142981273, 14.730119608525605]], [[-87.60263058374656, 14.726533688951214], [-87.6028320692307, 14.726758054506405], [-87.60390780845299, 14.727122609809781], [-87.60263058374656, 14.726533688951214]], [[-87.60048722304465, 14.72397162690846], [-87.60051946851272, 14.724182841973114], [-87.60095259222403, 14.724665149879181], [-87.60048722304465, 14.72397162690846]], [[-87.60293045823835, 14.713858459727744], [-87.59992946483622, 14.72031818525811], [-87.60019316908364, 14.72204550735993], [-87.60293045823835, 14.713858459727744]], [[-87.6031319940714, 14.698693832696994], [-87.60062653900387, 14.700181902829572], [-87.60068173998567, 14.700361473491586], [-87.6031319940714, 14.698693832696994]], [[-87.60921790606899, 14.698301840516079], [-87.60471258894154, 14.697755066702578], [-87.60460474812841, 14.69781911682073], [-87.60921790606899, 14.698301840516079]], [[-87.61115382637642, 14.698504416412403], [-87.61751992081953, 14.694226646070696], [-87.61113373888227, 14.698502314444612], [-87.61115382637642, 14.698504416412403]], [[-87.62065001040227, 14.69212334639402], [-87.6219101450993, 14.68160250170264], [-87.62061164106584, 14.692149129110712], [-87.62065001040227, 14.69212334639402]], [[-87.6321840478348, 14.672476724345598], [-87.6294873260701, 14.673755248931968], [-87.62871869413418, 14.671874002924453], [-87.62937258772865, 14.674970516603565], [-87.6321840478348, 14.672476724345598]], [[-87.62840388463965, 14.671103498763724], [-87.62632179450794, 14.671175302029793], [-87.6284880798081, 14.671309568557454], [-87.62840388463965, 14.671103498763724]], [[-87.62478008522586, 14.669742601069267], [-87.62584015445893, 14.671145449942923], [-87.62588281176089, 14.671148093845742], [-87.62478008522586, 14.669742601069267]], [[-87.62925760363107, 14.666284559579811], [-87.62375723703126, 14.668389008876442], [-87.62378619848784, 14.668427335190875], [-87.62925760363107, 14.666284559579811]], [[-87.63263415973627, 14.663207091946749], [-87.63137291622053, 14.661493847407309], [-87.63259348003176, 14.663244168325772], [-87.63263415973627, 14.663207091946749]], [[-87.63219652799367, 14.651470714010811], [-87.62875302502472, 14.650954961951603], [-87.63212537530686, 14.652336623040654], [-87.63219652799367, 14.651470714010811]], [[-87.62685683864913, 14.647245345359108], [-87.62860948011986, 14.650896151213399], [-87.62864670561463, 14.65091140259992], [-87.62685683864913, 14.647245345359108]], [[-87.63010195333904, 14.645005514318504], [-87.63006541379679, 14.645005341178008], [-87.62869776019402, 14.645960141875364], [-87.63010195333904, 14.645005514318504]], [[-87.63671253712738, 14.640388737293554], [-87.63668354795536, 14.640355916880127], [-87.63521926244074, 14.64502976238992], [-87.63671253712738, 14.640388737293554]], [[-87.62142391376211, 14.627042100126843], [-87.62094032620942, 14.627554550123703], [-87.62095715951224, 14.627562188235856], [-87.62142391376211, 14.627042100126843]], [[-87.62672055435841, 14.621140236795869], [-87.62753971179907, 14.618562503705537], [-87.62658033746756, 14.621296475625268], [-87.62672055435841, 14.621140236795869]], [[-87.62803540478266, 14.617002651907796], [-87.6279186167433, 14.616696539719122], [-87.62799883639899, 14.617117725675056], [-87.62803540478266, 14.617002651907796]], [[-87.62687899023112, 14.604600090831779], [-87.62621195997914, 14.607735894667591], [-87.62648347211955, 14.609161444296749], [-87.62687899023112, 14.604600090831779]], [[-87.63105708686903, 14.59734170657495], [-87.62722268387999, 14.602984338233963], [-87.62713360294052, 14.603403120366993], [-87.63105708686903, 14.59734170657495]], [[-87.63448916419445, 14.5920394697837], [-87.6344030393366, 14.592078304299115], [-87.63238054404673, 14.595297089664001], [-87.63448916419445, 14.5920394697837]], [[-87.63708285464658, 14.591250577547745], [-87.63654888808986, 14.591110720740005], [-87.63499603736163, 14.591810915864247], [-87.63708285464658, 14.591250577547745]], [[-87.64470983473268, 14.593067200442393], [-87.6535061878957, 14.588837941860055], [-87.64446672797217, 14.592992427788687], [-87.64470983473268, 14.593067200442393]], [[-87.65912853378303, 14.591591676216197], [-87.65915653352045, 14.591585519674185], [-87.65858172044044, 14.591306006920318], [-87.65912853378303, 14.591591676216197]], [[-87.66450726582066, 14.590409008347653], [-87.66454899358276, 14.590344369156526], [-87.66070189513405, 14.59124572778403], [-87.66450726582066, 14.590409008347653]], [[-87.66999928100067, 14.581901496774599], [-87.66999650319434, 14.581893529446575], [-87.66977820581852, 14.582243957530627], [-87.66999928100067, 14.581901496774599]], [[-87.67567554619768, 14.574299699990549], [-87.67560390691614, 14.574311212208107], [-87.66858379735709, 14.577841594398505], [-87.67567554619768, 14.574299699990549]], [[-87.68696128339286, 14.572498982949654], [-87.68694939064099, 14.572488027020686], [-87.68083938781004, 14.573469886139844], [-87.68696128339286, 14.572498982949654]], [[-87.69376749241249, 14.57881131126072], [-87.69375544086513, 14.578757947017817], [-87.68925763007, 14.574614440443673], [-87.69376749241249, 14.57881131126072]], [[-87.78058113696457, 14.555918340293092], [-87.78071954873636, 14.55575967637964], [-87.78009186364447, 14.555722800922911], [-87.78058113696457, 14.555918340293092]], [[-87.80150172990008, 14.530490284231071], [-87.79500259241183, 14.53094411660385], [-87.80147246422459, 14.53056021699031], [-87.80150172990008, 14.530490284231071]], [[-87.76918806842131, 14.497537297412018], [-87.76629882973464, 14.49695080455369], [-87.7661405114172, 14.497148360562251], [-87.76918806842131, 14.497537297412018]], [[-87.76931476818038, 14.497553467152269], [-87.76970531438137, 14.496358781650844], [-87.76929297595889, 14.49755068597444], [-87.76931476818038, 14.497553467152269]], [[-87.80179554345989, 14.498755790126992], [-87.80194343532297, 14.498755531558645], [-87.79275652718304, 14.494015119756043], [-87.80179554345989, 14.498755790126992]], [[-87.83059953443431, 14.50178721990564], [-87.84290965160542, 14.502091429695046], [-87.83045777387996, 14.501734858835325], [-87.83059953443431, 14.50178721990564]], [[-87.8461932223989, 14.5035419711321], [-87.84943604777654, 14.503488363058304], [-87.84611232290042, 14.503506233186386], [-87.8461932223989, 14.5035419711321]], [[-87.85345766343634, 14.503421880579614], [-87.85368256021347, 14.503265267425046], [-87.85335176089252, 14.503423631284855], [-87.85345766343634, 14.503421880579614]], [[-87.85955121215099, 14.499895564046172], [-87.85807648356166, 14.500213658245514], [-87.858073273514, 14.50022035310683], [-87.85955121215099, 14.499895564046172]], [[-87.87374469245484, 14.499596495911772], [-87.87378075585418, 14.499572676475074], [-87.8628630282585, 14.499181215995485], [-87.87374469245484, 14.499596495911772]], [[-87.73012130076442, 14.41308814251871], [-87.73001734268084, 14.413195327959473], [-87.74288370472465, 14.410824245165433], [-87.73012130076442, 14.41308814251871]], [[-87.71637710713769, 14.420905594265752], [-87.71492466653474, 14.421173042045096], [-87.72348087957887, 14.419915022671516], [-87.71637710713769, 14.420905594265752]], [[-87.71457994746523, 14.421236517514904], [-87.713963406854, 14.423747282504946], [-87.71459365740441, 14.421233993010437], [-87.71457994746523, 14.421236517514904]], [[-87.71225177073647, 14.426577206379582], [-87.71352209712855, 14.425507120867811], [-87.71352588809357, 14.425492003399746], [-87.71225177073647, 14.426577206379582]], [[-87.70405844525774, 14.430811047150765], [-87.71026101973618, 14.428254156347913], [-87.71026324755974, 14.428252279695007], [-87.70405844525774, 14.430811047150765]], [[-87.69153333681093, 14.43246999184582], [-87.6915715621399, 14.43250590309785], [-87.70083959969813, 14.43016062499048], [-87.69153333681093, 14.43246999184582]], [[-87.65094844057042, 14.390435726606459], [-87.65073137119116, 14.391285619569377], [-87.6531862171168, 14.394950355636185], [-87.65094844057042, 14.390435726606459]], [[-87.65077635809791, 14.375766738137242], [-87.6498112296867, 14.375996009793665], [-87.64971800004727, 14.376207514236606], [-87.65077635809791, 14.375766738137242]], [[-87.6584867606222, 14.372555574252663], [-87.65526451881976, 14.372194137395887], [-87.65469611447267, 14.374134270822166], [-87.6584867606222, 14.372555574252663]], [[-87.65388058059504, 14.369715827678823], [-87.65372183596548, 14.369671259067138], [-87.65407688198708, 14.370067357565542], [-87.65388058059504, 14.369715827678823]], [[-87.64944778445755, 14.368471290649287], [-87.64941377239933, 14.368531661040393], [-87.65135150877624, 14.36900577392692], [-87.64944778445755, 14.368471290649287]], [[-87.6458693444452, 14.372184593631042], [-87.64591981066654, 14.372651220953314], [-87.64623407137005, 14.372249842230854], [-87.6458693444452, 14.372184593631042]], [[-87.64615641410127, 14.36868894132113], [-87.64559795782296, 14.369675263439953], [-87.64575504672226, 14.37112775919836], [-87.64615641410127, 14.36868894132113]], [[-87.64728881915266, 14.361808138774487], [-87.64709541922423, 14.361803311711704], [-87.6471354886505, 14.362739816806465], [-87.64728881915266, 14.361808138774487]], [[-87.64440473977453, 14.36173615512721], [-87.64441248019453, 14.361753819713055], [-87.64452687560906, 14.361739203511695], [-87.64440473977453, 14.36173615512721]], [[-87.64118491097499, 14.352955233601518], [-87.63956170462079, 14.355514915496125], [-87.63960923254483, 14.35554818935406], [-87.64118491097499, 14.352955233601518]], [[-87.64057276694629, 14.346408731388376], [-87.64021494466124, 14.345858336591068], [-87.6392445244902, 14.351998710867694], [-87.64057276694629, 14.346408731388376]], [[-87.63813623033069, 14.34266090143842], [-87.63802917204843, 14.342656148701941], [-87.63902369567036, 14.344025982167466], [-87.63813623033069, 14.34266090143842]], [[-87.63394534784526, 14.341440178811554], [-87.63393138253447, 14.34146064194648], [-87.6339582063111, 14.341467693750404], [-87.63394534784526, 14.341440178811554]], [[-87.63668035692244, 14.317411309025179], [-87.63664111240259, 14.317400035638672], [-87.63556192142143, 14.323816692096601], [-87.63668035692244, 14.317411309025179]], [[-87.6294718372722, 14.307824096834377], [-87.62593520331731, 14.314240356532665], [-87.62598795697197, 14.314255599204927], [-87.6294718372722, 14.307824096834377]], [[-87.65349353243172, 14.310370633582], [-87.63377571024063, 14.306830048007958], [-87.6294718372722, 14.307824096834377], [-87.65349353243172, 14.310370633582]], [[-87.63464884039902, 14.303901095059185], [-87.63290956821652, 14.302603576774507], [-87.63460490332348, 14.304048483882884], [-87.63464884039902, 14.303901095059185]], [[-87.63246451383908, 14.302271560774816], [-87.63057291965292, 14.303367189933432], [-87.63250366894295, 14.302300770960386], [-87.63246451383908, 14.302271560774816]], [[-87.6264710091984, 14.297088430476553], [-87.62647084895542, 14.29714967743718], [-87.63030365775562, 14.299384066723784], [-87.6264710091984, 14.297088430476553]], [[-87.6252726820905, 14.285883481229227], [-87.62494276501815, 14.286131151247666], [-87.62860776189022, 14.293009883189963], [-87.6252726820905, 14.285883481229227]], [[-87.62657422846031, 14.285146697946695], [-87.62641123189361, 14.285028767501528], [-87.62600283738257, 14.285335350835828], [-87.62657422846031, 14.285146697946695]], [[-87.62881130259669, 14.286803588341414], [-87.62881918286845, 14.286770955917788], [-87.62837082984952, 14.28644656582673], [-87.62881130259669, 14.286803588341414]], [[-87.64070155767203, 14.278992943850266], [-87.64069661914942, 14.278978885441513], [-87.63819319655889, 14.279503735767507], [-87.64070155767203, 14.278992943850266]], [[-87.63758641892318, 14.270125131069628], [-87.63742449188989, 14.270614755810959], [-87.64052298133842, 14.278484593622181], [-87.63758641892318, 14.270125131069628]], [[-87.64396102685747, 14.264594624453068], [-87.63803628106709, 14.268842146681186], [-87.61550436500393, 14.267778002410942], [-87.637847858302, 14.26933460717983], [-87.64396102685747, 14.264594624453068]], [[-87.59736467968723, 14.258225550590085], [-87.61140611299322, 14.266227779935525], [-87.61550436500393, 14.267778002410942], [-87.59736467968723, 14.258225550590085]], [[-87.59321105675176, 14.250475978583637], [-87.59312275992284, 14.251469758990352], [-87.59736467968723, 14.258225550590085], [-87.59321105675176, 14.250475978583637]], [[-87.64975777170235, 14.262685763046276], [-87.64966774123364, 14.262542818726944], [-87.64858477668483, 14.26293219038916], [-87.64975777170235, 14.262685763046276]], [[-87.65295311703971, 14.261021681752363], [-87.65288689656039, 14.260049456553446], [-87.65165075725564, 14.261006894971544], [-87.65295311703971, 14.261021681752363]], [[-87.65283212957017, 14.259245387351728], [-87.64951807576128, 14.254655230204047], [-87.65286025754902, 14.259658352194384], [-87.65283212957017, 14.259245387351728]], [[-87.64790856657804, 14.251916130522979], [-87.64772034415886, 14.251964092772253], [-87.647746263522, 14.252002893096085], [-87.64790856657804, 14.251916130522979]], [[-87.66495695861275, 14.247904352410465], [-87.66496925381286, 14.247883088730276], [-87.65844437780697, 14.244497115173314], [-87.66495695861275, 14.247904352410465]], [[-87.66278724238038, 14.252183780370755], [-87.66483168707563, 14.252146823634138], [-87.6629123456767, 14.251943159320037], [-87.66278724238038, 14.252183780370755]], [[-87.66603901125939, 14.252124999242424], [-87.66845816151677, 14.247317300729648], [-87.66592340556053, 14.252127089007617], [-87.66603901125939, 14.252124999242424]], [[-87.67227299208442, 14.244814569997544], [-87.67068657668077, 14.244064086510571], [-87.67224501299263, 14.244832925762402], [-87.67227299208442, 14.244814569997544]], [[-87.6871642944531, 14.226890748531522], [-87.6871373607097, 14.226880506909108], [-87.68310968452685, 14.229928949058165], [-87.6871642944531, 14.226890748531522]], [[-87.68514872072757, 14.226091712411467], [-87.68624189755442, 14.224342214791012], [-87.68511549874914, 14.226079516499022], [-87.68514872072757, 14.226091712411467]], [[-87.68516859940308, 14.219666814724146], [-87.6836329082768, 14.218126328529976], [-87.68517455833691, 14.221782188245806], [-87.68516859940308, 14.219666814724146]], [[-87.68562386654598, 14.210519086975978], [-87.683956076377, 14.207970821438625], [-87.68562328420379, 14.21053802319063], [-87.68562386654598, 14.210519086975978]], [[-87.7013805053616, 14.183750716263333], [-87.68036169114318, 14.195302855370274], [-87.6612490241316, 14.214441577027271], [-87.68128461081244, 14.19480182149071], [-87.7013805053616, 14.183750716263333]], [[-87.71439841960486, 14.18040880530645], [-87.70997462149133, 14.179915636667499], [-87.7099642335026, 14.179933052470476], [-87.71439841960486, 14.18040880530645]], [[-87.72077213825054, 14.184425522158245], [-87.71764667989167, 14.18077092402514], [-87.71758819403414, 14.180764403973813], [-87.72077213825054, 14.184425522158245]], [[-87.74429576921, 14.179176379484938], [-87.73509313750407, 14.18304618428], [-87.7351103635761, 14.18306013259691], [-87.74429576921, 14.179176379484938]], [[-87.75893469677712, 14.171506476838507], [-87.75534104751391, 14.171222856477224], [-87.75531723048047, 14.171254362374288], [-87.75893469677712, 14.171506476838507]], [[-87.76863027621714, 14.163204528568718], [-87.76838322049119, 14.163355134234306], [-87.76730345712213, 14.168358374937966], [-87.76863027621714, 14.163204528568718]], [[-88.00034811464998, 14.286170930312299], [-88.00469333304862, 14.272894419104594], [-88.00462034552754, 14.272911827849722], [-88.00034811464998, 14.286170930312299]], [[-87.99805747580554, 14.28826115688968], [-87.99806809607583, 14.288257577716278], [-88.00034811464998, 14.286170930312299], [-87.99805747580554, 14.28826115688968]], [[-87.97488160731993, 14.29717425484901], [-87.97769393751207, 14.293873886256463], [-87.97488762331375, 14.29713213081748], [-87.97488160731993, 14.29717425484901]], [[-87.9739690758326, 14.303625964714902], [-87.97399251078794, 14.303399715092647], [-87.97395939965146, 14.303631559505831], [-87.9739690758326, 14.303625964714902]], [[-87.97008619409189, 14.310180504083695], [-87.96824538978328, 14.308597979898584], [-87.97009101541363, 14.310224681653025], [-87.97008619409189, 14.310180504083695]], [[-87.9704441897594, 14.313460803407201], [-87.97012133120434, 14.31050246397497], [-87.97034633811913, 14.313678100299276], [-87.9704441897594, 14.313460803407201]], [[-87.96843822268326, 14.3179644643145], [-87.9699504126322, 14.319924634810246], [-87.96845766493703, 14.317925846031624], [-87.96843822268326, 14.3179644643145]], [[-87.96889783715389, 14.322575591328675], [-87.96928497490718, 14.321600568281156], [-87.96888819420496, 14.322573803264403], [-87.96889783715389, 14.322575591328675]], [[-87.96400589853178, 14.324593480896976], [-87.96409645575254, 14.324500955756706], [-87.96301482433053, 14.32320863039045], [-87.96400589853178, 14.324593480896976]], [[-87.96019882730721, 14.3235714876066], [-87.96019433507557, 14.323577517067932], [-87.96301482433053, 14.32320863039045], [-87.96019882730721, 14.3235714876066]], [[-87.95404863343242, 14.32849963714821], [-87.9527420782779, 14.32769980203337], [-87.95214593977643, 14.327856076887755], [-87.95404863343242, 14.32849963714821]], [[-87.95583689490216, 14.329594358877369], [-87.95564021974803, 14.329473960060723], [-87.95559249946118, 14.32971987537603], [-87.95583689490216, 14.329594358877369]], [[-87.95418888202484, 14.337168050959477], [-87.95225076351792, 14.331436122591427], [-87.9541790763939, 14.337185743481772], [-87.95418888202484, 14.337168050959477]], [[-87.95124572868943, 14.342478449276786], [-87.95406807396277, 14.337386027685918], [-87.95104960105593, 14.342068277288538], [-87.95124572868943, 14.342478449276786]], [[-87.95860948046824, 14.349881761199647], [-87.95481732457478, 14.34994791474345], [-87.95860967484322, 14.34991008118456], [-87.95860948046824, 14.349881761199647]], [[-87.96179488895746, 14.368698289897434], [-87.96177921370843, 14.368687331855284], [-87.96037577299847, 14.370279382420458], [-87.96179488895746, 14.368698289897434]], [[-87.95788660468514, 14.390629789411882], [-87.95788743123383, 14.390533899735148], [-87.95333123854851, 14.389886520892992], [-87.95788660468514, 14.390629789411882]], [[-87.94810543274916, 14.384728352620714], [-87.95039872801148, 14.389150209399514], [-87.95041714859346, 14.389143425682493], [-87.94810543274916, 14.384728352620714]], [[-87.93399308441074, 14.381800692264106], [-87.93585656370043, 14.3832741128084], [-87.93401893270858, 14.381785138608384], [-87.93399308441074, 14.381800692264106]], [[-87.92875259671517, 14.38441750257725], [-87.93356329104104, 14.383102352719055], [-87.93395689969357, 14.38182246563722], [-87.93231753283722, 14.382808919284656], [-87.92875259671517, 14.38441750257725]], [[-87.86630263713555, 14.413634812370502], [-87.88257494803882, 14.40322058300237], [-87.91722575716574, 14.381038285612405], [-87.86630263713555, 14.413634812370502]], [[-87.74625780242818, 14.365836490320799], [-87.73105460836133, 14.359030968229517], [-87.74818250896521, 14.36780128214158], [-87.74625780242818, 14.365836490320799]], [[-87.99728600595174, 14.270449681194235], [-87.99763531580805, 14.270362808118028], [-87.97347505514432, 14.270970495193179], [-87.99728600595174, 14.270449681194235]], [[-87.92149085164246, 14.235848417210036], [-87.91836209823923, 14.233937202088], [-87.92132644212757, 14.235845422973618], [-87.92149085164246, 14.235848417210036]], [[-87.91369393301969, 14.230932189611375], [-87.9123507139293, 14.226975755888361], [-87.91283445659913, 14.230378923553795], [-87.91369393301969, 14.230932189611375]], [[-87.89200109598657, 14.232511026879006], [-87.88977968902343, 14.231017464302722], [-87.88978792761002, 14.231100988734397], [-87.89200109598657, 14.232511026879006]], [[-87.8892549712664, 14.225697771173975], [-87.88826969054425, 14.215493996285653], [-87.88825108342091, 14.21552015625215], [-87.8892549712664, 14.225697771173975]], [[-87.89232687309351, 14.209767435326027], [-87.89235286353065, 14.20973112789739], [-87.89246478156046, 14.209277860059808], [-87.89232687309351, 14.209767435326027]], [[-87.88446649939719, 14.193207533096256], [-87.89369376881056, 14.204300463708146], [-87.893743769763, 14.204097959932561], [-87.88446649939719, 14.193207533096256]], [[-88.00905363517425, 14.230503139974136], [-88.00892976969297, 14.231224267665644], [-88.0094365175573, 14.231238391757495], [-88.00905363517425, 14.230503139974136]], [[-88.00749031319124, 14.227501081569594], [-88.00746426252012, 14.227525708049056], [-88.0075544971037, 14.227624334396532], [-88.00749031319124, 14.227501081569594]], [[-88.00629686283986, 14.228629285922926], [-88.00637550913768, 14.228670890026393], [-88.0068251032273, 14.22812992446727], [-88.00629686283986, 14.228629285922926]], [[-88.0051609803337, 14.227892033293383], [-88.00519076831536, 14.228044158939037], [-88.0057955733586, 14.228364102436592], [-88.0051609803337, 14.227892033293383]], [[-88.0047073258453, 14.225475262798483], [-88.00468765590618, 14.225474790495351], [-88.00470255448029, 14.225550876724716], [-88.0047073258453, 14.225475262798483]], [[-87.90074950959387, 14.197778096949637], [-87.8979068304588, 14.198732417548015], [-87.90986440677614, 14.19803746612914], [-87.90074950959387, 14.197778096949637]], [[-87.76898371002335, 14.236882866785], [-87.7643822197979, 14.235062276610083], [-87.76431267204293, 14.235096979662975], [-87.76898371002335, 14.236882866785]], [[-87.74112413631487, 14.236798684064691], [-87.74105879547189, 14.236755284165207], [-87.73728813008894, 14.24034953165376], [-87.74112413631487, 14.236798684064691]], [[-87.73479353943665, 14.245968414613268], [-87.73491013235343, 14.245936412816349], [-87.73728813008894, 14.24034953165376], [-87.73479353943665, 14.245968414613268]], [[-87.72418141357257, 14.247664438518663], [-87.72105704226304, 14.250701570207452], [-87.72114410997982, 14.250734088259156], [-87.72418141357257, 14.247664438518663]], [[-87.71328317905822, 14.252753565748906], [-87.7175498158689, 14.249406932441982], [-87.71326245481417, 14.252748160241213], [-87.71328317905822, 14.252753565748906]], [[-87.71320418870253, 14.252732962682545], [-87.7122931075115, 14.251568736362824], [-87.70866079073396, 14.251547907506792], [-87.71320418870253, 14.252732962682545]], [[-87.70758892372639, 14.252872896936369], [-87.70769556097592, 14.252932954704848], [-87.70866079073396, 14.251547907506792], [-87.70758892372639, 14.252872896936369]], [[-87.70014318117288, 14.250521126049394], [-87.70011969453196, 14.250524334149008], [-87.69769260927572, 14.253387348891067], [-87.70014318117288, 14.250521126049394]], [[-87.68369664978135, 14.260763742114923], [-87.68150514602196, 14.264812299529927], [-87.68196753192437, 14.264825970659627], [-87.68369664978135, 14.260763742114923]], [[-87.6809118708449, 14.264794758463362], [-87.6793247853245, 14.263675692546197], [-87.68008522485594, 14.264770317440243], [-87.6809118708449, 14.264794758463362]], [[-87.67823969949195, 14.264520158927413], [-87.67857873578406, 14.2626017815179], [-87.67875750649578, 14.258074503853964], [-87.67870819066815, 14.258102010523888], [-87.67823969949195, 14.264520158927413]], [[-87.67086973812016, 14.258603135725002], [-87.66842881603512, 14.25732046321043], [-87.66834134036141, 14.257423574729302], [-87.67086973812016, 14.258603135725002]], [[-87.66459704484828, 14.26183714459503], [-87.66310465764961, 14.266464505799208], [-87.6631401499145, 14.266481650319717], [-87.66459704484828, 14.26183714459503]], [[-87.66202197024471, 14.265941514198612], [-87.65750110549685, 14.26346164389601], [-87.6572000558961, 14.263612290923565], [-87.66202197024471, 14.265941514198612]], [[-87.65704298683303, 14.263690889225678], [-87.6560567530686, 14.264184406522208], [-87.65586339914799, 14.26653229904281], [-87.65704298683303, 14.263690889225678]], [[-87.65504204102056, 14.268510799731036], [-87.65392134097229, 14.268580157009737], [-87.65490705843088, 14.268835947967423], [-87.65504204102056, 14.268510799731036]], [[-87.65338209838922, 14.26844022504896], [-87.65267642816032, 14.267319809349871], [-87.65327801006212, 14.268413214415602], [-87.65338209838922, 14.26844022504896]], [[-87.82588743875019, 14.212769408144386], [-87.82590064197721, 14.213086648049373], [-87.8335108176945, 14.223000875543681], [-87.82588743875019, 14.212769408144386]], [[-87.8300602543298, 14.228352750929261], [-87.83150403397833, 14.226113469009547], [-87.8335108176945, 14.223000875543681], [-87.8300602543298, 14.228352750929261]], [[-87.72882655975977, 14.212783918386377], [-87.73157642047576, 14.217875915568813], [-87.73162417361507, 14.217856615937352], [-87.72882655975977, 14.212783918386377]], [[-87.73931188297571, 14.20636185931914], [-87.73660263327264, 14.19878687312697], [-87.7392858085063, 14.206366016306086], [-87.73931188297571, 14.20636185931914]], [[-87.73883449681166, 14.186677172125808], [-87.73881491492365, 14.186658458015529], [-87.73934008525454, 14.193720992286234], [-87.73883449681166, 14.186677172125808]], [[-87.94905537527487, 14.325607493773498], [-87.94989497011316, 14.327094717002941], [-87.95207671674989, 14.327832663140173], [-87.94905537527487, 14.325607493773498]], [[-87.94774661456619, 14.326080289546404], [-87.9477483318635, 14.3261009059736], [-87.94905537527487, 14.325607493773498], [-87.94774661456619, 14.326080289546404]], [[-87.89166823566617, 14.313595934306212], [-87.89166546489726, 14.31367223118589], [-87.89219350785437, 14.313536044374112], [-87.89166823566617, 14.313595934306212]], [[-87.89183141512822, 14.311011340993986], [-87.89176448467184, 14.310945587411082], [-87.89173565595291, 14.311739425281296], [-87.89183141512822, 14.311011340993986]], [[-87.88891607886356, 14.3081472666232], [-87.88844985726104, 14.307993585289728], [-87.89121738290021, 14.310408105618217], [-87.88891607886356, 14.3081472666232]], [[-87.88342078810429, 14.306335845601252], [-87.88341152844188, 14.306346807463711], [-87.88386730074104, 14.306483030238468], [-87.88342078810429, 14.306335845601252]], [[-87.88026617757012, 14.305824303940746], [-87.88009806540722, 14.30588548985873], [-87.88137051656673, 14.308763017739604], [-87.88026617757012, 14.305824303940746]], [[-87.87637522399613, 14.306613403709967], [-87.87663527228578, 14.30703563287475], [-87.87670138778145, 14.307010564260226], [-87.87637522399613, 14.306613403709967]], [[-87.87431336416876, 14.30326565105228], [-87.87491449734308, 14.283246440619362], [-87.87400329333063, 14.302762202438249], [-87.87431336416876, 14.30326565105228]], [[-87.87819156125356, 14.273160440475094], [-87.87776554251575, 14.2730063276544], [-87.8780673102563, 14.273504940283381], [-87.87819156125356, 14.273160440475094]], [[-87.87460419607535, 14.27186270655544], [-87.87334511084651, 14.271999662817498], [-87.8753320255239, 14.272125999784926], [-87.87460419607535, 14.27186270655544]], [[-87.86635974352372, 14.27370199965819], [-87.87116355488385, 14.272236960296071], [-87.86798168912979, 14.27258306588929], [-87.86857016034111, 14.270416749687845], [-87.86635974352372, 14.27370199965819]], [[-87.86615127231747, 14.284217491181693], [-87.86609386640282, 14.284469441996617], [-87.86615765152776, 14.284211064659013], [-87.86615127231747, 14.284217491181693]], [[-87.86330130900772, 14.296725794253023], [-87.8645823073184, 14.29735320766764], [-87.8634030078869, 14.296279444505865], [-87.86330130900772, 14.296725794253023]], [[-87.83252505778012, 14.28629743823559], [-87.83252742171096, 14.286385210186475], [-87.83829377841477, 14.28948976919357], [-87.83252505778012, 14.28629743823559]], [[-87.82129786078136, 14.24938351038208], [-87.8212257043382, 14.249442134414004], [-87.81979485675788, 14.252921080986235], [-87.82129786078136, 14.24938351038208]], [[-87.8265855502803, 14.245819652519732], [-87.82636680076828, 14.245265212879735], [-87.82148055923442, 14.24923507568274], [-87.8265855502803, 14.245819652519732]], [[-87.88216565734339, 14.25396548589602], [-87.88214869596888, 14.253908727029549], [-87.87517679502166, 14.261621761266031], [-87.88216565734339, 14.25396548589602]], [[-87.70939533853443, 14.267183934127399], [-87.68965734872387, 14.271258189224405], [-87.70926725510077, 14.267265436653862], [-87.70939533853443, 14.267183934127399]], [[-87.67969475959048, 14.309471476748113], [-87.68230569882076, 14.30821856742546], [-87.6795351869116, 14.309450730157662], [-87.67969475959048, 14.309471476748113]], [[-87.65367442086502, 14.310389809541045], [-87.66509578390102, 14.307573413923368], [-87.65362797769363, 14.310384886106549], [-87.65367442086502, 14.310389809541045]], [[-87.86964368754228, 14.299832194425454], [-87.86983896572552, 14.299927838698153], [-87.86984441512406, 14.299882100970784], [-87.86964368754228, 14.299832194425454]], [[-87.8697947708124, 14.30029877410933], [-87.8686707165253, 14.304978108077385], [-87.86927043610964, 14.304699604314246], [-87.8697947708124, 14.30029877410933]], [[-87.8596056195487, 14.307256030675559], [-87.86393314742556, 14.307178187675996], [-87.8668636020901, 14.305817313905845], [-87.8596056195487, 14.307256030675559]], [[-87.85455193541267, 14.310459564384292], [-87.85445076775825, 14.310523694627186], [-87.8485527889006, 14.316397692023026], [-87.85455193541267, 14.310459564384292]], [[-87.99819945844536, 14.62616550314905], [-87.9972199922604, 14.625514687792968], [-87.99754910341771, 14.62593587725957], [-87.99819945844536, 14.62616550314905]], [[-87.98831703392916, 14.614179395339638], [-87.98828869060361, 14.6141425849589], [-87.98603994800057, 14.61494909124614], [-87.98831703392916, 14.614179395339638]], [[-87.98533965494185, 14.615200249717546], [-87.98532339658017, 14.615206080741025], [-87.98589470927817, 14.617688645676441], [-87.98533965494185, 14.615200249717546]], [[-87.96436329489933, 14.612314173735868], [-87.96383057906272, 14.610161742924925], [-87.96422986443135, 14.612227276498292], [-87.96436329489933, 14.612314173735868]], [[-87.96368284696418, 14.609397513545725], [-87.9652433042747, 14.607847511102879], [-87.96366977001328, 14.609329865484357], [-87.96368284696418, 14.609397513545725]], [[-87.94292553622712, 14.543262326047872], [-87.94289993433951, 14.543193949636459], [-87.94161681524744, 14.542290267881135], [-87.94292553622712, 14.543262326047872]], [[-87.94065226282103, 14.541610947905934], [-87.94064076342778, 14.541602849053735], [-87.93989259837882, 14.541600571336353], [-87.94065226282103, 14.541610947905934]], [[-87.9304605172065, 14.541471734653834], [-87.93062803818736, 14.541474022891926], [-87.91901126580578, 14.536338178035228], [-87.9304605172065, 14.541471734653834]], [[-87.91024355582466, 14.535403526562881], [-87.90170084174507, 14.528212277788073], [-87.90185151015287, 14.528818208777723], [-87.91024355582466, 14.535403526562881]], [[-87.89991091186272, 14.521013861073538], [-87.89979110774352, 14.520258083815982], [-87.89974740965964, 14.520356317443968], [-87.89991091186272, 14.521013861073538]], [[-87.90171245037058, 14.515938890842515], [-87.90424824863112, 14.510395403560995], [-87.90422888951154, 14.51028191633799], [-87.90171245037058, 14.515938890842515]], [[-88.08263812511002, 14.543417669983091], [-88.08258931552133, 14.543455589428033], [-88.08067342396978, 14.547933697853116], [-88.08263812511002, 14.543417669983091]], [[-88.08233299306903, 14.552104574054736], [-88.08256668830836, 14.551964798307537], [-88.08067342396978, 14.547933697853116], [-88.08233299306903, 14.552104574054736]], [[-88.07705837141732, 14.554437850017248], [-88.07918133493334, 14.553989616180957], [-88.08132989553802, 14.552704537953506], [-88.07705837141732, 14.554437850017248]], [[-88.06792925322517, 14.561847472619943], [-88.07334761347401, 14.55960669181861], [-88.07336220341571, 14.559586224573293], [-88.06792925322517, 14.561847472619943]], [[-88.06295003656888, 14.56853394752195], [-88.06727507717405, 14.568218185718054], [-88.06727717299668, 14.568195325750509], [-88.06295003656888, 14.56853394752195]], [[-88.06279099416173, 14.569176377062558], [-88.06204400924038, 14.572193718087895], [-88.06280275301451, 14.573935031796672], [-88.06279099416173, 14.569176377062558]], [[-88.06524588391586, 14.574634703421294], [-88.06530079617363, 14.57461865638053], [-88.06280275301451, 14.573935031796672], [-88.06524588391586, 14.574634703421294]], [[-88.07056261003403, 14.573089215675017], [-88.07459056080577, 14.575373918690719], [-88.07057741852556, 14.573084806964495], [-88.07056261003403, 14.573089215675017]], [[-88.08095445995396, 14.5748522948266], [-88.08094003878298, 14.57480787783722], [-88.07459056080577, 14.575373918690719], [-88.08095445995396, 14.5748522948266]], [[-88.08100126687462, 14.57499645943717], [-88.0813318116501, 14.578948732521834], [-88.08421110277892, 14.584882705671076], [-88.08100126687462, 14.57499645943717]], [[-88.08380272216215, 14.587448213326475], [-88.08380049682309, 14.587462193236796], [-88.08824312405868, 14.591179646804585], [-88.08380272216215, 14.587448213326475]], [[-88.09405462827158, 14.593852109358345], [-88.09353954562005, 14.598163285828752], [-88.09356595594427, 14.598174548977433], [-88.09405462827158, 14.593852109358345]], [[-88.09751860121023, 14.602308640050119], [-88.09752001293674, 14.602324539042566], [-88.09757011835117, 14.602343030507392], [-88.09751860121023, 14.602308640050119]], [[-88.10308581401794, 14.604378604777361], [-88.10839945751621, 14.606339611446032], [-88.10697409034175, 14.605092487944226], [-88.10308581401794, 14.604378604777361]], [[-88.11356370728767, 14.608309741030785], [-88.11419132044877, 14.608922731400826], [-88.11364740856408, 14.60832307146132], [-88.11356370728767, 14.608309741030785]], [[-87.63294446018392, 14.672116210370126], [-87.63257025357608, 14.672293622943705], [-87.63849769013929, 14.673947062314145], [-87.63294446018392, 14.672116210370126]], [[-87.81743994252226, 14.731699565765737], [-87.84091809926774, 14.749572430554888], [-87.86933329267004, 14.771197465999144], [-87.81743994252226, 14.731699565765737]], [[-87.77949675526509, 14.714660225724609], [-87.77980293163841, 14.715882621240588], [-87.78243973489097, 14.718147486037019], [-87.77949675526509, 14.714660225724609]], [[-87.65769327175272, 14.664380691054305], [-87.65450583467451, 14.665160439689075], [-87.65769920025791, 14.664381660652227], [-87.65769327175272, 14.664380691054305]], [[-87.6517386397771, 14.671934291813349], [-87.64096025893669, 14.673129435836119], [-87.63888872401809, 14.674056139957322], [-87.6389491085487, 14.674072984027978], [-87.6517386397771, 14.671934291813349]], [[-87.78269208413539, 14.568169779204684], [-87.78479531266387, 14.567187262368348], [-87.7826973234544, 14.568137940979405], [-87.78269208413539, 14.568169779204684]], [[-87.79660423943261, 14.673555429724033], [-87.7945726442052, 14.662919129116627], [-87.79659266455336, 14.67355820734871], [-87.79660423943261, 14.673555429724033]], [[-87.77723711305715, 14.707545257082215], [-87.77866946931529, 14.707388104553278], [-87.7772235130434, 14.707510482951477], [-87.77723711305715, 14.707545257082215]], [[-87.75134245074646, 14.728087944464367], [-87.72265646398911, 14.732240853872293], [-87.6660800026969, 14.740452471274825], [-87.75134245074646, 14.728087944464367]], [[-87.75172654550644, 14.734025387440884], [-87.7523890471271, 14.731497456710612], [-87.7508112107586, 14.726047136904096], [-87.75134245074646, 14.728087944464367], [-87.75172654550644, 14.734025387440884]], [[-87.6543305683114, 14.736823275494647], [-87.65892519034465, 14.737265681378469], [-87.65430407737232, 14.73675745441088], [-87.6543305683114, 14.736823275494647]], [[-87.65135921789474, 14.72944046795912], [-87.6517790691579, 14.73048365729555], [-87.65137595377871, 14.729451909251022], [-87.65135921789474, 14.72944046795912]], [[-87.64764821739614, 14.727308914539782], [-87.65112159176826, 14.729278017629007], [-87.64798448919285, 14.727133374039], [-87.64764821739614, 14.727308914539782]], [[-87.75025502910337, 14.72391051362129], [-87.75325378286315, 14.720150685402364], [-87.75021494647918, 14.723756532512235], [-87.75025502910337, 14.72391051362129]], [[-87.73894493748581, 14.74911838052079], [-87.72739181479365, 14.75601587288824], [-87.7272715986368, 14.756184764093653], [-87.73894493748581, 14.74911838052079]], [[-87.71418473893384, 14.774570441762586], [-87.71415731701373, 14.774608966710169], [-87.71532907112939, 14.777409128148877], [-87.71418473893384, 14.774570441762586]], [[-87.71439875537241, 14.781994092432372], [-87.71407334409191, 14.782575471420882], [-87.71438121811231, 14.7820805229917], [-87.71439875537241, 14.781994092432372]], [[-87.68696776033795, 14.794236709218199], [-87.6828005844602, 14.806627175936441], [-87.68275220650418, 14.808267502349006], [-87.68696776033795, 14.794236709218199]], [[-87.68268218516212, 14.81064167989357], [-87.68648892391359, 14.814635462871614], [-87.68271070571345, 14.8096746482642], [-87.68268218516212, 14.81064167989357]], [[-87.6860439428046, 14.821916690039762], [-87.68544405835307, 14.83043408155205], [-87.68551420970226, 14.830584714319322], [-87.6860439428046, 14.821916690039762]], [[-87.68639586868893, 14.832477860131599], [-87.69008024482329, 14.834373327295493], [-87.68558121391652, 14.83072858938843], [-87.68639586868893, 14.832477860131599]], [[-87.68604145415765, 14.83765943536451], [-87.68598504513363, 14.83768548910244], [-87.68606654160558, 14.838104429493265], [-87.68604145415765, 14.83765943536451]], [[-87.68642051258706, 14.839924051101026], [-87.69059897032967, 14.841697112662798], [-87.6863587051309, 14.839606323974706], [-87.68642051258706, 14.839924051101026]], [[-87.69473888901464, 14.845210940694914], [-87.69480730983358, 14.845254426742793], [-87.70343971621399, 14.840184533003496], [-87.69473888901464, 14.845210940694914]], [[-87.7063053222221, 14.84582107333678], [-87.70635786140939, 14.845924415962198], [-87.71104190920703, 14.847206538793335], [-87.7063053222221, 14.84582107333678]], [[-87.71280585512595, 14.847722498100252], [-87.713028887446, 14.847929722097742], [-87.71284524816761, 14.847734020679402], [-87.71280585512595, 14.847722498100252]], [[-87.71889106810596, 14.854176953516667], [-87.71757818776062, 14.858717729468179], [-87.7192972068156, 14.85460976899174], [-87.71889106810596, 14.854176953516667]], [[-87.715345259936, 14.864053783902063], [-87.70775620975242, 14.8736285888632], [-87.71486269842572, 14.86520696693744], [-87.715345259936, 14.864053783902063]], [[-87.56108755199148, 14.723887039329185], [-87.57962788417082, 14.722775351238544], [-87.57292245651631, 14.722323598650487], [-87.56108755199148, 14.723887039329185]], [[-87.55610333362966, 14.728630079207369], [-87.53210746212518, 14.72641600317942], [-87.55578432223554, 14.729217389187946], [-87.56084963279444, 14.72391846945607], [-87.55610333362966, 14.728630079207369]], [[-87.51515176895349, 14.756355679540146], [-87.51691186669345, 14.771686716215719], [-87.51504857621264, 14.749095915574019], [-87.51515176895349, 14.756355679540146]], [[-87.43393299964707, 14.719396416461489], [-87.44541986866511, 14.725890348569536], [-87.4341807403651, 14.719303645887436], [-87.43393299964707, 14.719396416461489]], [[-87.4249347687314, 14.725293690966943], [-87.42759580039808, 14.724000411001446], [-87.4248394345537, 14.725294495056325], [-87.4249347687314, 14.725293690966943]], [[-87.25427930496448, 14.730742730917216], [-87.2554610865906, 14.736944236583884], [-87.25560325766877, 14.735316223048498], [-87.25427930496448, 14.730742730917216]], [[-87.25587386467139, 14.725135289452485], [-87.25464808919203, 14.729445861342398], [-87.2559283204691, 14.725132683890969], [-87.25587386467139, 14.725135289452485]], [[-87.26489075821664, 14.720718601405805], [-87.26843390499249, 14.724511901887], [-87.26846060433971, 14.72451074985828], [-87.26489075821664, 14.720718601405805]], [[-87.2652296989693, 14.700656422261009], [-87.2690009093398, 14.702265970486325], [-87.26523065067353, 14.70064339324133], [-87.2652296989693, 14.700656422261009]], [[-87.26537789591455, 14.698627576672296], [-87.2652461474334, 14.700431239523422], [-87.26551106023086, 14.698601681567311], [-87.26537789591455, 14.698627576672296]], [[-87.27368800516889, 14.69701159457187], [-87.27162186240527, 14.697413376259782], [-87.27357797405737, 14.69710022512309], [-87.27368800516889, 14.69701159457187]], [[-87.27539533635712, 14.695612805665105], [-87.27480479854093, 14.696112012528241], [-87.27538918418382, 14.695641287285708], [-87.27539533635712, 14.695612805665105]], [[-87.27602310261705, 14.691690552224722], [-87.27543305449478, 14.695438188723308], [-87.27625535900789, 14.691631312026372], [-87.27602310261705, 14.691690552224722]], [[-87.28547084258535, 14.686483698140991], [-87.28302604997401, 14.68990435383873], [-87.28557745630206, 14.686483856268623], [-87.28547084258535, 14.686483698140991]], [[-87.29236303943135, 14.686493920528884], [-87.2875475440275, 14.686486778268874], [-87.2922792982295, 14.686622147390969], [-87.29236303943135, 14.686493920528884]], [[-87.30606791106749, 14.675726427520242], [-87.29641969844553, 14.680282251189787], [-87.30607515714871, 14.675727973764339], [-87.30606791106749, 14.675726427520242]], [[-87.32414118457146, 14.668858155082177], [-87.32107589620124, 14.666450018726183], [-87.32412454708972, 14.668868893647957], [-87.32414118457146, 14.668858155082177]], [[-87.33006340183736, 14.664885496073387], [-87.32507964928915, 14.668252428490398], [-87.33011555206603, 14.665002034343386], [-87.33006340183736, 14.664885496073387]], [[-87.32441850001666, 14.645165258736546], [-87.32446561929432, 14.6455778516208], [-87.32823594003733, 14.640763513407128], [-87.32441850001666, 14.645165258736546]], [[-87.33056057606326, 14.633075015748444], [-87.32616192050392, 14.63232511118644], [-87.33038273982412, 14.633347629870833], [-87.33056057606326, 14.633075015748444]], [[-87.33166316433092, 14.628979929505393], [-87.3311516460699, 14.6321689347837], [-87.33116126841138, 14.6321541842121], [-87.33166316433092, 14.628979929505393]], [[-87.33337185125467, 14.62232185384118], [-87.3351127579141, 14.62544352177497], [-87.3351561478762, 14.625399039840007], [-87.33337185125467, 14.62232185384118]], [[-87.33266001550226, 14.615348528053884], [-87.33490263204307, 14.619148376057288], [-87.33270848741213, 14.615293264748697], [-87.33266001550226, 14.615348528053884]], [[-87.33707823597611, 14.610311271072687], [-87.33561686217853, 14.611977397832913], [-87.33725295820093, 14.611328660417769], [-87.33707823597611, 14.610311271072687]], [[-87.33659313466484, 14.606173726382655], [-87.33667828178925, 14.606500967204155], [-87.33702225542737, 14.606182912011285], [-87.33659313466484, 14.606173726382655]], [[-87.3314475344403, 14.603221145599429], [-87.33160962195342, 14.60331415252876], [-87.3343501368755, 14.59763164371809], [-87.3314475344403, 14.603221145599429]], [[-87.33913004658481, 14.591484466392087], [-87.33425637384401, 14.594720426745765], [-87.33425682400022, 14.594734403495236], [-87.33913004658481, 14.591484466392087]], [[-87.33747133058412, 14.578140654745477], [-87.3362079800373, 14.582967113045868], [-87.3375448600511, 14.578207111271626], [-87.33747133058412, 14.578140654745477]], [[-87.33203034783214, 14.566566181420239], [-87.33094437401495, 14.572115805275402], [-87.33106619772704, 14.572226270038518], [-87.33203034783214, 14.566566181420239]], [[-87.32579744337897, 14.562551386350215], [-87.32608373043544, 14.562734853513042], [-87.32534571682707, 14.558730947569831], [-87.32579744337897, 14.562551386350215]], [[-87.32027649701337, 14.551871045587365], [-87.32025549962434, 14.552271036541052], [-87.32534571682707, 14.558730947569831], [-87.32027649701337, 14.551871045587365]], [[-87.31774465172681, 14.562596315859249], [-87.31810735730568, 14.562592229348255], [-87.31775759007976, 14.562590794815145], [-87.31774465172681, 14.562596315859249]], [[-87.21408051028219, 14.659424749410201], [-87.21407604681318, 14.659412544905033], [-87.21372495324721, 14.66178038509053], [-87.21408051028219, 14.659424749410201]], [[-87.21317656811077, 14.664330596031476], [-87.21170288834917, 14.662935030325933], [-87.21310430816938, 14.664378942536144], [-87.21317656811077, 14.664330596031476]], [[-87.21122852765217, 14.665633959213318], [-87.2121304916482, 14.66503048783336], [-87.21119371228333, 14.66554056637657], [-87.21122852765217, 14.665633959213318]], [[-87.21273778705294, 14.669786398004753], [-87.21272006822733, 14.66973976808936], [-87.2122266118536, 14.670649392965075], [-87.21273778705294, 14.669786398004753]], [[-87.21060045064074, 14.673394770544311], [-87.21086954870316, 14.672940463934774], [-87.20838860044697, 14.673180895350539], [-87.21060045064074, 14.673394770544311]], [[-87.19348387238057, 14.688414002282435], [-87.1948686027707, 14.68263299362328], [-87.19484096918934, 14.682652312807562], [-87.19348387238057, 14.688414002282435]], [[-87.17288649055772, 14.693068535407713], [-87.1781287016466, 14.689445720141126], [-87.17814816809165, 14.689399304052007], [-87.17288649055772, 14.693068535407713]], [[-87.17222136131926, 14.696245985119544], [-87.17222201222374, 14.696242763570268], [-87.17219437867656, 14.696269621680809], [-87.17222136131926, 14.696245985119544]], [[-87.16273589846554, 14.704555168411465], [-87.16309265825245, 14.704242649928569], [-87.16212410838027, 14.703959082207307], [-87.16273589846554, 14.704555168411465]], [[-87.16143304590413, 14.70328575843473], [-87.16157946394756, 14.70342841811135], [-87.16223695822656, 14.69960090365819], [-87.16143304590413, 14.70328575843473]], [[-87.15960544362221, 14.698904158089801], [-87.1623029548101, 14.699216713429532], [-87.16230610129564, 14.699198396587443], [-87.15960544362221, 14.698904158089801]], [[-87.15581030928628, 14.693150374539188], [-87.15547559264778, 14.696308667243859], [-87.15630955678267, 14.693467943627875], [-87.15581030928628, 14.693150374539188]], [[-87.15089861747298, 14.691300440173686], [-87.1537703761352, 14.692183003876353], [-87.15090367138643, 14.69124900281046], [-87.15089861747298, 14.691300440173686]], [[-87.14310731472574, 14.68284252732507], [-87.14644589698227, 14.681116054647235], [-87.14634674252956, 14.680945183820606], [-87.14310731472574, 14.68284252732507]], [[-87.13658446713436, 14.681066407333546], [-87.13664202055254, 14.68108207867573], [-87.13966802257805, 14.674055146618556], [-87.13658446713436, 14.681066407333546]], [[-87.11634836704675, 14.662751766180676], [-87.11701335027993, 14.663244082867708], [-87.11649297946477, 14.662605522378744], [-87.11634836704675, 14.662751766180676]], [[-87.11205133706282, 14.667186112265979], [-87.11301445400721, 14.666123289352212], [-87.11196599087667, 14.667183580276774], [-87.11205133706282, 14.667186112265979]], [[-87.1099143003649, 14.66712271219982], [-87.1103672973609, 14.667136151388554], [-87.10990395152751, 14.667107708948697], [-87.1099143003649, 14.66712271219982]], [[-87.10426518484995, 14.666723149108641], [-87.10822161227287, 14.664668733694102], [-87.10426518484995, 14.66672314910864], [-87.10426518484995, 14.666723149108641]], [[-87.10278888602029, 14.663042587186894], [-87.09701836203077, 14.659370386322879], [-87.10279596980354, 14.66306455604294], [-87.10278888602029, 14.663042587186894]], [[-87.09410557598345, 14.659842588565505], [-87.09436561042504, 14.659792342587192], [-87.09411633390869, 14.659831993411412], [-87.09410557598345, 14.659842588565505]], [[-87.09042003943937, 14.663406001850879], [-87.09043560588302, 14.663390919895711], [-87.08851269588205, 14.661352047720767], [-87.09042003943937, 14.663406001850879]], [[-87.074607784331, 14.650452153731123], [-87.07486929299156, 14.653342639579517], [-87.07464746766789, 14.650475411818704], [-87.074607784331, 14.650452153731123]], [[-87.07089441100248, 14.648389406361487], [-87.07386600396612, 14.650017402169409], [-87.0710780531523, 14.648383406410439], [-87.07089441100248, 14.648389406361487]], [[-87.06243920979675, 14.651929045606481], [-87.0701637972673, 14.648413276952473], [-87.06783121080085, 14.648489487150558], [-87.06243920979675, 14.651929045606481]], [[-87.05589507220874, 14.6504863199007], [-87.05603985279674, 14.650518238342695], [-87.05305543722548, 14.646911949071324], [-87.05589507220874, 14.6504863199007]], [[-87.0527746359546, 14.646558492420251], [-87.05278712911871, 14.646574218103877], [-87.05323073048855, 14.643685439102507], [-87.0527746359546, 14.646558492420251]], [[-87.04034327157393, 14.625419482939531], [-87.03977597599798, 14.62748564424478], [-87.04050629486652, 14.625498631678216], [-87.04034327157393, 14.625419482939531]], [[-87.0331238565155, 14.621863949844826], [-87.03317859455736, 14.621889554810235], [-87.03376224709622, 14.621018418096828], [-87.0331238565155, 14.621863949844826]], [[-87.03426051231432, 14.620274727123869], [-87.0332599105617, 14.613520027282162], [-87.03425385076349, 14.620284669891372], [-87.03426051231432, 14.620274727123869]], [[-87.64491403572936, 14.362732262518826], [-87.64490445580228, 14.362716501289325], [-87.63528528481649, 14.365402886160522], [-87.64491403572936, 14.362732262518826]], [[-87.62051760291482, 14.37092445650597], [-87.61297427206873, 14.376039270846272], [-87.6129946726179, 14.376035430365512], [-87.62051760291482, 14.37092445650597]], [[-87.5675047500085, 14.37911216571006], [-87.55752566975153, 14.383786305100134], [-87.55832051617217, 14.383728165399779], [-87.5675047500085, 14.37911216571006]], [[-87.55287104067742, 14.384126771802379], [-87.54497017821144, 14.38447929260227], [-87.54568020623353, 14.384652751348874], [-87.55287104067742, 14.384126771802379]], [[-87.54410124056501, 14.384267012480445], [-87.54327140938484, 14.379456096676419], [-87.54350325956695, 14.384120926648347], [-87.54410124056501, 14.384267012480445]], [[-87.54139693807637, 14.378724640421929], [-87.54137680182356, 14.378748553602003], [-87.54327140938484, 14.379456096676419], [-87.54139693807637, 14.378724640421929]], [[-87.49176430488188, 14.369274997169093], [-87.4900043577598, 14.363658235803909], [-87.48998290375862, 14.363660636517155], [-87.49176430488188, 14.369274997169093]], [[-87.46738033199212, 14.357596405735574], [-87.46242841867394, 14.357036501763723], [-87.46238785908841, 14.357068114724143], [-87.46738033199212, 14.357596405735574]], [[-87.45604718996543, 14.362010160344784], [-87.45565186227974, 14.362318286730176], [-87.45566478058171, 14.362318550291763], [-87.45604718996543, 14.362010160344784]], [[-87.4363548245468, 14.372633994012926], [-87.43391639452688, 14.370994048152015], [-87.433910157337, 14.371029726225956], [-87.4363548245468, 14.372633994012926]], [[-87.39128271191449, 14.375573300480951], [-87.39186657437594, 14.373930252997923], [-87.38475860790024, 14.39393049056339], [-87.39128271191449, 14.375573300480951]], [[-87.3854128504246, 14.397647764960732], [-87.38563100750244, 14.397807922789768], [-87.38475860790024, 14.39393049056339], [-87.3854128504246, 14.397647764960732]], [[-87.53688582162663, 14.209853664732819], [-87.53687070890506, 14.209860320027108], [-87.55105182571288, 14.217204987690435], [-87.53688582162663, 14.209853664732819]], [[-87.49119241589737, 14.201890116413614], [-87.50349202187908, 14.211008999413924], [-87.50359838122031, 14.211009001817208], [-87.49119241589737, 14.201890116413614]], [[-87.58887286423122, 14.235225847831797], [-87.59012208572472, 14.227994301838574], [-87.58861510037947, 14.234959933323141], [-87.58887286423122, 14.235225847831797]], [[-87.22954573235165, 14.410754567435731], [-87.22586242367022, 14.41562198955971], [-87.22956106939624, 14.410795904154934], [-87.22954573235165, 14.410754567435731]], [[-87.22525571264305, 14.416413641274973], [-87.22415069145589, 14.417048308176389], [-87.22524346111433, 14.41642962737591], [-87.22525571264305, 14.416413641274973]], [[-87.22087790883324, 14.42128122274673], [-87.22046765438323, 14.41916365379498], [-87.22035523945569, 14.42192063912143], [-87.22087790883324, 14.42128122274673]], [[-87.22025890962115, 14.425342382287456], [-87.22024597238125, 14.425801927478743], [-87.22036875697488, 14.425638655886747], [-87.22025890962115, 14.425342382287456]], [[-87.21937979730275, 14.426953715173195], [-87.21756653708299, 14.429205873259841], [-87.21772783135803, 14.429150400455441], [-87.21937979730275, 14.426953715173195]], [[-87.21195838784772, 14.431180132275745], [-87.21190376745781, 14.431197996738863], [-87.21059613240632, 14.436355179137013], [-87.21195838784772, 14.431180132275745]], [[-87.20737725008154, 14.438487346149891], [-87.20436874508854, 14.44333117223256], [-87.20437620762704, 14.443330646709267], [-87.20737725008154, 14.438487346149891]], [[-87.1707344419977, 14.47169450064228], [-87.1616360287342, 14.475536347870774], [-87.17042937052074, 14.471966598103686], [-87.1707344419977, 14.47169450064228]], [[-87.15006409439447, 14.47662562357152], [-87.14922431102393, 14.474036858040158], [-87.14916691510126, 14.474071321580483], [-87.15006409439447, 14.47662562357152]], [[-87.14661353867672, 14.47560450350839], [-87.14596029138326, 14.475996747650369], [-87.14597576596452, 14.476002064208085], [-87.14661353867672, 14.47560450350839]], [[-87.62770924758894, 14.584132780241788], [-87.62672292279386, 14.586734265151614], [-87.62674222850079, 14.586889134592084], [-87.62770924758894, 14.584132780241788]], [[-87.62991876795083, 14.577834847619652], [-87.62448629968719, 14.575876196776512], [-87.62986984797662, 14.577974287249509], [-87.62991876795083, 14.577834847619652]], [[-87.61368442980371, 14.572630773014197], [-87.61352474425911, 14.572682275293332], [-87.61534045783334, 14.57561791293814], [-87.61368442980371, 14.572630773014197]], [[-87.60316444981865, 14.573514801885027], [-87.60286322970288, 14.57354264142975], [-87.60321728525386, 14.573542596621106], [-87.60316444981865, 14.573514801885027]], [[-87.59542974042868, 14.574229663797329], [-87.59115640565014, 14.576436038338683], [-87.59691115661961, 14.574092747468896], [-87.59542974042868, 14.574229663797329]], [[-87.58754981789114, 14.581146906571568], [-87.5890484685682, 14.577524391803456], [-87.58748405261566, 14.581166509133114], [-87.58754981789114, 14.581146906571568]], [[-87.57962629322518, 14.585331004779212], [-87.57964285328633, 14.58534368364424], [-87.58196727018459, 14.58281088857726], [-87.57962629322518, 14.585331004779212]], [[-87.56538092748269, 14.567073536541274], [-87.56172424169475, 14.570249040439517], [-87.56545924224622, 14.567115983310694], [-87.56538092748269, 14.567073536541274]], [[-87.54471472447364, 14.57035708867285], [-87.5483071701563, 14.571839372185798], [-87.54832730678821, 14.571834244419504], [-87.54471472447364, 14.57035708867285]], [[-87.50883935412978, 14.56609130032223], [-87.50594653271746, 14.565957433483108], [-87.53572876276738, 14.570505556034963], [-87.50883935412978, 14.56609130032223]], [[-87.46874947823353, 14.52393491933351], [-87.5043869766414, 14.567862418066463], [-87.5043869766414, 14.56786241806646], [-87.46874947823353, 14.52393491933351]], [[-87.4686912977298, 14.523740458398592], [-87.42020419037524, 14.562506086149362], [-87.46874947823353, 14.52393491933351], [-87.4686912977298, 14.523740458398592]], [[-87.45441992087375, 14.476040196149091], [-87.45436208378173, 14.476028757165901], [-87.46329017482566, 14.505687891952649], [-87.45441992087375, 14.476040196149091]], [[-87.41273609898344, 14.44693107595721], [-87.41271323250946, 14.446935753635806], [-87.41997556037701, 14.451688807211728], [-87.41273609898344, 14.44693107595721]], [[-87.39290975754861, 14.452945933971087], [-87.412111345746, 14.447058878558046], [-87.40294352449885, 14.44893429324844], [-87.39290975754861, 14.452945933971087]], [[-87.37500510286114, 14.446201869734985], [-87.3740342603949, 14.445926402168574], [-87.37502267760989, 14.446230777892525], [-87.37500510286114, 14.446201869734985]], [[-87.36956644482564, 14.444658700842322], [-87.36392979419512, 14.448972384659674], [-87.36962917319096, 14.444676499435543], [-87.36956644482564, 14.444658700842322]], [[-87.31331517569072, 14.486493336665568], [-87.31336020738324, 14.486474920145477], [-87.31208931699801, 14.483894116525864], [-87.31331517569072, 14.486493336665568]], [[-87.30561615651489, 14.489632712987463], [-87.30561065791044, 14.489644237698654], [-87.30768555506495, 14.488795671211541], [-87.30561615651489, 14.489632712987463]], [[-87.29514392815764, 14.500759322043477], [-87.29522697541013, 14.501437027931514], [-87.2952543745216, 14.500631478780083], [-87.29514392815764, 14.500759322043477]], [[-87.29558552862186, 14.504362996166089], [-87.29566902408475, 14.505044359668574], [-87.30042048490121, 14.508760060427708], [-87.29558552862186, 14.504362996166089]], [[-87.30081510815039, 14.51448285196984], [-87.30081981320062, 14.514483660016252], [-87.29845060817854, 14.5108952499587], [-87.30081510815039, 14.51448285196984]], [[-87.31288529700237, 14.522241303117818], [-87.31287411282497, 14.522175001361171], [-87.30759848301417, 14.516455291493886], [-87.31288529700237, 14.522241303117818]], [[-87.31140801924316, 14.527816606036758], [-87.31325989695016, 14.524461997023733], [-87.3129262285307, 14.522483952365551], [-87.31140801924316, 14.527816606036758]], [[-87.31403325201553, 14.533569170282432], [-87.31408031099453, 14.533581668867432], [-87.31381203650207, 14.529939294320872], [-87.31403325201553, 14.533569170282432]], [[-87.32897203032589, 14.538935736719761], [-87.32908565006638, 14.537846627553622], [-87.3289627543008, 14.537812013126247], [-87.32897203032589, 14.538935736719761]], [[-87.32889402529005, 14.5396834588951], [-87.32166711905333, 14.542112097660777], [-87.32165350920138, 14.542181262593985], [-87.32889402529005, 14.5396834588951]], [[-87.32046921763025, 14.548199803261312], [-87.320360620981, 14.55026852129281], [-87.3214530282882, 14.54320010166911], [-87.32046921763025, 14.548199803261312]], [[-87.41778733677774, 14.424057179919146], [-87.4175012314418, 14.424456202159185], [-87.41753794019922, 14.424449948030256], [-87.41778733677774, 14.424057179919146]], [[-87.41869167728092, 14.421282707100366], [-87.41928398945038, 14.421700140994473], [-87.41936710767462, 14.421569240289546], [-87.41869167728092, 14.421282707100366]], [[-87.40840559182514, 14.417694948583685], [-87.41161377501952, 14.41828009731764], [-87.40450636168252, 14.415264968254338], [-87.40840559182514, 14.417694948583685]], [[-87.39689261215865, 14.416207352712131], [-87.39690518813012, 14.416254350354968], [-87.40450636168252, 14.415264968254338], [-87.39689261215865, 14.416207352712131]], [[-87.3944250282517, 14.406985748849282], [-87.39637866013187, 14.414286663416824], [-87.39468310517883, 14.407358931713409], [-87.3944250282517, 14.406985748849282]], [[-87.40510439214076, 14.621687217744231], [-87.40508740397236, 14.621347935017678], [-87.40432726418683, 14.62188449363293], [-87.40510439214076, 14.621687217744231]], [[-87.37425594420048, 14.616569361801108], [-87.37604590691916, 14.614836146581839], [-87.37598403204218, 14.614789950345317], [-87.37425594420048, 14.616569361801108]], [[-87.36139087109018, 14.610824619949923], [-87.36148311936354, 14.610793622551231], [-87.36089851535772, 14.608001060940573], [-87.36139087109018, 14.610824619949923]], [[-87.35744041667704, 14.606615313964475], [-87.3587921833633, 14.608284597848609], [-87.35748030662273, 14.606608290671142], [-87.35744041667704, 14.606615313964475]], [[-87.34970939967252, 14.608020360907465], [-87.35515949282512, 14.607016908827683], [-87.34967781619211, 14.607982049849701], [-87.34970939967252, 14.608020360907465]], [[-87.3478574085469, 14.606414846006082], [-87.34817697803986, 14.606445835566193], [-87.34815544115591, 14.606421225601537], [-87.3478574085469, 14.606414846006082]], [[-87.40337462734502, 14.60892152437349], [-87.402370418108, 14.607174878214908], [-87.4029624946812, 14.60991499252959], [-87.40337462734502, 14.60892152437349]], [[-87.40475713795198, 14.614751958729574], [-87.40357126626446, 14.612732370897827], [-87.4049831972712, 14.619266749284154], [-87.40475713795198, 14.614751958729574]], [[-87.53292046815642, 14.719666041563643], [-87.51673587301545, 14.701062095124376], [-87.5167300175248, 14.70108239640646], [-87.53292046815642, 14.719666041563643]], [[-87.5169160974099, 14.678983022173655], [-87.51664939293542, 14.673058234090128], [-87.516614365238, 14.673056816471984], [-87.5169160974099, 14.678983022173655]], [[-87.4849516585981, 14.659512675312952], [-87.48125476639164, 14.657558597131665], [-87.48125038146408, 14.657578752171155], [-87.4849516585981, 14.659512675312952]], [[-87.47126745335181, 14.612364444274359], [-87.4741460255651, 14.59993258447932], [-87.47414235613135, 14.599935844029304], [-87.47126745335181, 14.612364444274359]], [[-87.50047023437936, 14.57262794330694], [-87.50049100259145, 14.572621317484241], [-87.50205066650285, 14.570716201180906], [-87.50047023437936, 14.57262794330694]], [[-87.25543402385806, 14.737254134317316], [-87.25258315288785, 14.738945145736528], [-87.25542390984324, 14.737369950791619], [-87.25543402385806, 14.737254134317316]], [[-87.24956750351562, 14.743524505077865], [-87.24956909621007, 14.743533539806126], [-87.25258315288785, 14.738945145736528], [-87.24956750351562, 14.743524505077865]], [[-87.25057423841432, 14.749235315643054], [-87.24880675473098, 14.75444168032096], [-87.24930701016464, 14.755808087932763], [-87.25057423841432, 14.749235315643054]], [[-87.2526451083937, 14.754970626738924], [-87.24940775249038, 14.756083257519062], [-87.25059507052035, 14.759326321531198], [-87.2495995940598, 14.756397158850865], [-87.2526451083937, 14.754970626738924]], [[-87.25290880203795, 14.754879999179305], [-87.25630944460623, 14.756514137246898], [-87.25294760692964, 14.75486666251871], [-87.25290880203795, 14.754879999179305]], [[-87.26801695696301, 14.751015998753449], [-87.28240345818911, 14.754884542181912], [-87.26806271704064, 14.750960697061556], [-87.26801695696301, 14.751015998753449]], [[-87.38490107113144, 14.892815581383664], [-87.38297936287456, 14.902760715659229], [-87.38299002009595, 14.902777236371332], [-87.38490107113144, 14.892815581383664]], [[-87.38396895056636, 14.90429476405413], [-87.38849292093563, 14.91130777517097], [-87.38854602656862, 14.911312340747815], [-87.38396895056636, 14.90429476405413]], [[-87.40256335064949, 14.911194185115702], [-87.41145725779248, 14.912105893054854], [-87.40407738142011, 14.910702172736658], [-87.39493609196838, 14.913295973898762], [-87.4023924333424, 14.911312026258884], [-87.40041293600356, 14.91427162370734], [-87.40256335064949, 14.911194185115702]], [[-87.39715119146362, 14.918939476273513], [-87.39731969813515, 14.918698327928057], [-87.38894183947367, 14.923423863390772], [-87.39715119146362, 14.918939476273513]], [[-87.38604249525136, 14.928402769298666], [-87.3856052626792, 14.929153607995179], [-87.38563251504526, 14.929135007642742], [-87.38604249525136, 14.928402769298666]], [[-87.37725732444973, 14.937799996308684], [-87.37579510822447, 14.938740238818104], [-87.37710715870772, 14.938078499455035], [-87.37725732444973, 14.937799996308684]], [[-87.3751468086604, 14.939067212014702], [-87.36690967897107, 14.93786115092713], [-87.3656604928647, 14.938486583469077], [-87.3751468086604, 14.939067212014702]], [[-87.36081733303573, 14.940781266651564], [-87.35939230174057, 14.940687140525256], [-87.36066700968607, 14.940865971635857], [-87.36081733303573, 14.940781266651564]], [[-87.35693868298321, 14.940342917859256], [-87.35750285023074, 14.940422065914932], [-87.35472703372751, 14.936430597178655], [-87.35693868298321, 14.940342917859256]], [[-87.35444813445426, 14.9362824372078], [-87.34428132903429, 14.930881513866515], [-87.34338080786954, 14.93072976115181], [-87.35444813445426, 14.9362824372078]], [[-87.33691097094287, 14.929639486591093], [-87.33398362920452, 14.929146181077522], [-87.3335377792422, 14.92924939973454], [-87.33691097094287, 14.929639486591093]], [[-87.31851201383732, 14.927494439348491], [-87.31842787125083, 14.927452793811668], [-87.31738696185155, 14.928530269963456], [-87.31851201383732, 14.927494439348491]], [[-87.31430727778108, 14.931365722089197], [-87.30701185780646, 14.921509187722547], [-87.31420433747203, 14.931460498797275], [-87.31430727778108, 14.931365722089197]], [[-87.30675295665851, 14.92115939729635], [-87.3067376939622, 14.921138776510807], [-87.30245512142088, 14.919567912310848], [-87.30675295665851, 14.92115939729635]], [[-87.2948659581374, 14.914004791833248], [-87.29885467188035, 14.913736027483036], [-87.2948961833315, 14.913933778589366], [-87.2948659581374, 14.914004791833248]], [[-87.29000200380992, 14.92430418857268], [-87.28574926593905, 14.925685650575604], [-87.28977014656559, 14.924798854506996], [-87.29000200380992, 14.92430418857268]], [[-87.2744191891587, 14.925342175007748], [-87.28504785388382, 14.925840345407613], [-87.27428343207477, 14.925163620984383], [-87.2744191891587, 14.925342175007748]], [[-87.27321149879027, 14.923753764532112], [-87.27294022394459, 14.923322994605291], [-87.27292197690353, 14.923372971896976], [-87.27321149879027, 14.923753764532112]], [[-87.26987788896038, 14.916344753329767], [-87.26735501147104, 14.909595013838912], [-87.26724320573939, 14.909525686885912], [-87.26987788896038, 14.916344753329767]], [[-87.23413491542689, 14.888819456407509], [-87.21785298985485, 14.883868654283136], [-87.21786392803895, 14.883913631371549], [-87.23413491542689, 14.888819456407509]], [[-87.21633174052398, 14.881153329911855], [-87.21767738930153, 14.883146596441277], [-87.2171365389288, 14.877897834162965], [-87.21633174052398, 14.881153329911855]], [[-87.2172279777372, 14.87752795438906], [-87.22114446593473, 14.875059263798704], [-87.21730350151942, 14.877222452600652], [-87.2172279777372, 14.87752795438906]], [[-87.22145522274641, 14.87486338361774], [-87.22148241846953, 14.874846241264084], [-87.22158209267062, 14.874585982602678], [-87.22145522274641, 14.87486338361774]], [[-87.2230006945617, 14.870881880385406], [-87.22308579072056, 14.870659686355735], [-87.2227405897487, 14.87062391393351], [-87.2230006945617, 14.870881880385406]], [[-87.20884213540738, 14.858657779148754], [-87.21003192182187, 14.859640781237628], [-87.21078424795009, 14.849115737201792], [-87.20884213540738, 14.858657779148754]], [[-87.19719639045236, 14.860387829457528], [-87.19696525480346, 14.860416206483029], [-87.196968661666, 14.860421660033303], [-87.19719639045236, 14.860387829457528]], [[-87.19614366729853, 14.859101046656804], [-87.19533895443645, 14.857767164623333], [-87.19532184994576, 14.857785518900592], [-87.19614366729853, 14.859101046656804]], [[-87.19215975007208, 14.861003576704572], [-87.19201009414766, 14.860903059627349], [-87.19211483835498, 14.861049631403084], [-87.19215975007208, 14.861003576704572]], [[-87.1883690618691, 14.855831332848515], [-87.18836441853011, 14.85582005481474], [-87.18133171836318, 14.855372510196034], [-87.1883690618691, 14.855831332848515]], [[-87.18015755918503, 14.852459751533083], [-87.18013392164417, 14.852401113442772], [-87.17915033297268, 14.852867168743373], [-87.18015755918503, 14.852459751533083]], [[-87.17752549197516, 14.85352440758233], [-87.17715271942572, 14.852856163163969], [-87.17748944491889, 14.853538988409284], [-87.17752549197516, 14.85352440758233]], [[-87.17524659764253, 14.849439186124593], [-87.1751729422137, 14.84930714896343], [-87.16641781851138, 14.848299888782606], [-87.17524659764253, 14.849439186124593]], [[-87.16477520177963, 14.84541266374454], [-87.16473517693424, 14.845342312132072], [-87.16394209853037, 14.845510050235747], [-87.16477520177963, 14.84541266374454]], [[-87.15943656338203, 14.846036729563304], [-87.15908075781792, 14.843983313277619], [-87.15929125050316, 14.846053716066972], [-87.15943656338203, 14.846036729563304]], [[-87.15514388255089, 14.840509589189871], [-87.15511018046668, 14.840517647540947], [-87.15908075781792, 14.843983313277619], [-87.15514388255089, 14.840509589189871]], [[-87.24933038437297, 14.764758484392157], [-87.25091001292097, 14.760253031064696], [-87.25089855169433, 14.760219306713946], [-87.24933038437297, 14.764758484392157]], [[-87.25108042185066, 14.773886132056326], [-87.25380306080233, 14.767962170842956], [-87.25379026693206, 14.767953006855919], [-87.25108042185066, 14.773886132056326]], [[-87.26620924014425, 14.811904449519735], [-87.26622062185339, 14.811851913339897], [-87.26288030639591, 14.809078930083038], [-87.26620924014425, 14.811904449519735]], [[-87.2626316908898, 14.828167904607604], [-87.26269127722225, 14.828142813225503], [-87.26557510922343, 14.81483149814345], [-87.2626316908898, 14.828167904607604]], [[-87.2438285300325, 14.845868420096782], [-87.24509624625088, 14.846103623394706], [-87.24517658114482, 14.845987644530066], [-87.2438285300325, 14.845868420096782]], [[-87.23197364573079, 14.843083866757839], [-87.22918411476869, 14.843151396589237], [-87.23386318977559, 14.84401951979923], [-87.23197364573079, 14.843083866757839]], [[-87.21844782558833, 14.843411304010248], [-87.21736624773558, 14.844020315660003], [-87.21914482914389, 14.843394430731825], [-87.21844782558833, 14.843411304010248]], [[-87.21110360435787, 14.847546666320389], [-87.21108449631832, 14.847640548477521], [-87.21152752208096, 14.847307967986062], [-87.21110360435787, 14.847546666320389]], [[-87.09803070431263, 14.692659018748135], [-87.09801114471848, 14.693053419634413], [-87.09858135984295, 14.69056584544646], [-87.09803070431263, 14.692659018748135]], [[-87.14372829565868, 14.841299085298605], [-87.14758404404787, 14.842317187567705], [-87.14369712816024, 14.841254378302215], [-87.14372829565868, 14.841299085298605]], [[-87.1383754408379, 14.82652618865791], [-87.14131271135383, 14.833580370878304], [-87.13838828798501, 14.82653212335627], [-87.1383754408379, 14.82652618865791]], [[-87.13450336590591, 14.824771352099853], [-87.13602367543392, 14.825439798180192], [-87.13447319641143, 14.82472355937377], [-87.13450336590591, 14.824771352099853]], [[-87.132093563681, 14.820953886157726], [-87.13413773664142, 14.824192143876784], [-87.13215700445929, 14.820704017973247], [-87.132093563681, 14.820953886157726]], [[-87.13457832641892, 14.811167386513931], [-87.1345710926183, 14.811195877599266], [-87.13516714602669, 14.810928467708273], [-87.13457832641892, 14.811167386513931]], [[-87.14094143821828, 14.805177040966853], [-87.13879806580107, 14.80929951324313], [-87.13882197950223, 14.809288784741073], [-87.14094143821828, 14.805177040966853]], [[-87.14012570500348, 14.802076332907813], [-87.1401350099892, 14.802111702368903], [-87.1415338524926, 14.801347119705994], [-87.14012570500348, 14.802076332907813]], [[-87.14245877266404, 14.800798188207828], [-87.14242445944284, 14.800860329640663], [-87.1424354305665, 14.8008543330178], [-87.14245877266404, 14.800798188207828]], [[-87.14718207316098, 14.78943371005373], [-87.14717411605264, 14.789456360083769], [-87.14718234928742, 14.789436556662038], [-87.14718207316098, 14.78943371005373]], [[-87.14940456003453, 14.782874952161404], [-87.149395092501, 14.78462021628224], [-87.1494119025143, 14.784609266868664], [-87.14940456003453, 14.782874952161404]], [[-87.1493890361389, 14.779208163647377], [-87.14620099143141, 14.774119978635502], [-87.14938939725779, 14.779293460961437], [-87.1493890361389, 14.779208163647377]], [[-87.14301369917547, 14.759680438813268], [-87.14554471635738, 14.765013565611836], [-87.14545303483543, 14.763686528358182], [-87.14301369917547, 14.759680438813268]], [[-87.73389872505646, 15.010519059334822], [-87.73286143572567, 15.009724329775368], [-87.72829105462934, 15.009888223904763], [-87.73389872505646, 15.010519059334822]], [[-87.72646553913357, 15.009953686995601], [-87.72600938384173, 15.009970044750643], [-87.71163985202905, 15.013635039668065], [-87.72646553913357, 15.009953686995601]], [[-87.71048279728913, 15.013922346861921], [-87.70265330304053, 15.011324859652296], [-87.70262550471125, 15.011347858551826], [-87.71048279728913, 15.013922346861921]], [[-87.69483499134932, 15.017349207980587], [-87.69405535453993, 15.017181183403506], [-87.69454069582615, 15.017577664426282], [-87.69483499134932, 15.017349207980587]], [[-87.69103115314358, 15.014710677603256], [-87.68963487173008, 15.013157003285148], [-87.68933366494396, 15.013323979465987], [-87.69103115314358, 15.014710677603256]], [[-87.67833299414436, 15.019422281633988], [-87.67443135538616, 15.018207735834354], [-87.6742430806138, 15.018395047804514], [-87.67833299414436, 15.019422281633988]], [[-87.67140525777602, 15.023597997433907], [-87.66671730531921, 15.021736015504086], [-87.67140029232498, 15.02367390881669], [-87.67140525777602, 15.023597997433907]], [[-87.64659540163953, 15.021246701726751], [-87.64372280621434, 15.020696269528035], [-87.64657562892033, 15.021277707861943], [-87.64659540163953, 15.021246701726751]], [[-87.64289215764735, 15.020537104853092], [-87.64287813621408, 15.020534418137004], [-87.64281839090104, 15.020560608104109], [-87.64289215764735, 15.020537104853092]], [[-87.63883586936714, 15.021829502395478], [-87.63227533401631, 15.018040129043829], [-87.63854572920339, 15.021921945636365], [-87.63883586936714, 15.021829502395478]], [[-87.63190175818545, 15.017808859272854], [-87.63194075853234, 15.017833003236532], [-87.62985938132093, 15.01386414206837], [-87.63190175818545, 15.017808859272854]], [[-87.6293239438396, 15.013379781907911], [-87.62239844112914, 15.007114927987413], [-87.62225883374757, 15.007161995032826], [-87.6293239438396, 15.013379781907911]], [[-87.61065401681861, 15.02051245242083], [-87.5975546688272, 15.021606145370736], [-87.59212330910071, 15.0222596729419], [-87.61065401681861, 15.02051245242083]], [[-87.59231354379499, 14.990927290115696], [-87.5913885285589, 14.98951464811328], [-87.5975546688272, 15.021606145370736], [-87.59231354379499, 14.990927290115696]], [[-87.57822144371448, 14.965994790214117], [-87.57762504782964, 14.96098763468952], [-87.57737516170613, 14.96069484133438], [-87.57822144371448, 14.965994790214117]], [[-87.56951950379151, 14.955798171566885], [-87.57723219900812, 14.960527330920343], [-87.57551732721743, 14.958518003398744], [-87.56951950379151, 14.955798171566885]], [[-87.56897573228284, 14.95452489078686], [-87.56853740017378, 14.95342849662629], [-87.56849915648361, 14.953408953677808], [-87.56897573228284, 14.95452489078686]], [[-87.55996804448796, 14.949007065706667], [-87.56134984556303, 14.94480087746528], [-87.55991585678473, 14.94898017889273], [-87.55996804448796, 14.949007065706667]], [[-87.5549355542413, 14.93677592411115], [-87.55488423834501, 14.936648818567157], [-87.55492279038805, 14.936759955187725], [-87.5549355542413, 14.93677592411115]], [[-87.553043004334, 14.93134096690733], [-87.55295611781678, 14.930719786361495], [-87.55286716377347, 14.930834059254373], [-87.553043004334, 14.93134096690733]], [[-87.55745843583857, 14.917206571112816], [-87.5569198696225, 14.92558900355725], [-87.55693675308338, 14.925567997029416], [-87.55745843583857, 14.917206571112816]], [[-87.46190423486442, 14.94310889773084], [-87.46396259415259, 14.945642207543937], [-87.46410791648078, 14.945076694139763], [-87.46190423486442, 14.94310889773084]], [[-87.4604605030483, 14.94133203593695], [-87.46003480104615, 14.939292993399613], [-87.45996766620875, 14.939282595848649], [-87.4604605030483, 14.94133203593695]], [[-87.4517276006877, 14.936244560100688], [-87.45171468777404, 14.936253700134865], [-87.45415630616417, 14.938382557737677], [-87.4517276006877, 14.936244560100688]], [[-87.45833537306035, 14.928436943056376], [-87.45736577012329, 14.927226826133282], [-87.45832369814282, 14.928455789266428], [-87.45833537306035, 14.928436943056376]], [[-87.45685360658251, 14.926587618325218], [-87.45302032132619, 14.926005310952789], [-87.45685979200181, 14.926595338063144], [-87.45685360658251, 14.926587618325218]], [[-87.45130237704596, 14.912806728325679], [-87.45132331813016, 14.912878719756005], [-87.45133233795036, 14.912882107318262], [-87.45130237704596, 14.912806728325679]], [[-87.44995078780877, 14.9094062490299], [-87.444737436869, 14.908994720364849], [-87.45007565974718, 14.909720415811883], [-87.44995078780877, 14.9094062490299]], [[-87.4442225489692, 14.908954076423456], [-87.4423853184924, 14.909869712409757], [-87.4442871029207, 14.908959172148219], [-87.4442225489692, 14.908954076423456]], [[-87.43819897814157, 14.909361208206635], [-87.44004627053748, 14.910989606602255], [-87.44008703036313, 14.910970091529064], [-87.43819897814157, 14.909361208206635]], [[-87.43666268012673, 14.9080520684349], [-87.4328223776398, 14.910606695296634], [-87.4366822517005, 14.908068746140255], [-87.43666268012673, 14.9080520684349]], [[-87.41168073511538, 14.912128801552349], [-87.41172046222404, 14.912132873949304], [-87.41394473159885, 14.909739742080246], [-87.41168073511538, 14.912128801552349]], [[-87.58673565526361, 15.022907941608262], [-87.58619844003823, 15.0235252382509], [-87.58724433092642, 15.022846735282927], [-87.58673565526361, 15.022907941608262]], [[-87.58296139116867, 15.027244826424928], [-87.58327830105615, 15.027834268501977], [-87.58360676410346, 15.02650324925608], [-87.58296139116867, 15.027244826424928]], [[-87.58433872883421, 15.029806629657998], [-87.59081097949662, 15.03465274498729], [-87.58365017004772, 15.02852593272396], [-87.58433872883421, 15.029806629657998]], [[-87.58985072239038, 15.03769076725829], [-87.5901786977579, 15.037728269900805], [-87.59021010697464, 15.037575490178304], [-87.58985072239038, 15.03769076725829]], [[-87.56445300731887, 15.047297838566], [-87.56436391491154, 15.047490703506389], [-87.56446713711824, 15.047290029025609], [-87.56445300731887, 15.047297838566]], [[-87.557022327063, 15.051579709368154], [-87.56218326993108, 15.051730099400013], [-87.5622810772253, 15.0515399520605], [-87.557022327063, 15.051579709368154]], [[-87.5457038480623, 15.05647382057564], [-87.55429581342422, 15.051600322410836], [-87.54474271892632, 15.056496912041016], [-87.5457038480623, 15.05647382057564]], [[-87.5408379865577, 15.056257733024433], [-87.54110600981957, 15.056584285255791], [-87.54254698804617, 15.05654966524732], [-87.5408379865577, 15.056257733024433]], [[-87.53761134814103, 15.050938635796486], [-87.53253744708084, 15.046144582140652], [-87.53972804934925, 15.054905415805543], [-87.53761134814103, 15.050938635796486]], [[-87.53247622595684, 15.046086737624204], [-87.53003942877868, 15.045540939205425], [-87.53249226885515, 15.04610189568787], [-87.53247622595684, 15.046086737624204]], [[-87.51792043679893, 15.04136825864253], [-87.5167241703877, 15.034513436416981], [-87.51664730987315, 15.034449789240652], [-87.51792043679893, 15.04136825864253]], [[-87.50665101775769, 15.022710202526177], [-87.50779112224345, 15.027038625854964], [-87.50788203197433, 15.027114087911848], [-87.50665101775769, 15.022710202526177]], [[-87.50627889928634, 15.021378969242617], [-87.50584682157478, 15.02079832586377], [-87.50629179933217, 15.02142511844428], [-87.50627889928634, 15.021378969242617]], [[-87.50245203352645, 15.015553909706489], [-87.50224503741482, 15.015724877695776], [-87.50235551457506, 15.015880495056875], [-87.50245203352645, 15.015553909706489]], [[-87.50645699896779, 15.012207652109261], [-87.50580488366066, 15.010758209869975], [-87.50644040627093, 15.012216705323976], [-87.50645699896779, 15.012207652109261]], [[-87.50314673198024, 15.004657872794079], [-87.50446985782038, 14.998693549237997], [-87.50397965067307, 14.99614647049792], [-87.50314673198024, 15.004657872794079]], [[-87.5032775865556, 14.992498599189611], [-87.50298301174114, 14.992385998488615], [-87.50347329456798, 14.993515483011757], [-87.5032775865556, 14.992498599189611]], [[-87.49558626032551, 14.989382752791313], [-87.4965986492989, 14.983224759551549], [-87.49650759856574, 14.983187358455268], [-87.49558626032551, 14.989382752791313]], [[-87.4855348917899, 14.97665317601123], [-87.48546004735952, 14.976695799936335], [-87.48790370489738, 14.979653119418511], [-87.4855348917899, 14.97665317601123]], [[-87.48104309220419, 14.979211257196312], [-87.48118544356372, 14.979235687961989], [-87.48294926032644, 14.978125693890096], [-87.48104309220419, 14.979211257196312]], [[-87.47330461833478, 14.977869887743815], [-87.47329413939188, 14.977881358760355], [-87.47465712805487, 14.978115278947383], [-87.47330461833478, 14.977869887743815]], [[-87.4777531931046, 14.97304867440157], [-87.47774597221776, 14.973008057277042], [-87.47524915046864, 14.97574126079332], [-87.4777531931046, 14.97304867440157]], [[-87.47715871046735, 14.969704739530629], [-87.47695184125924, 14.969749613719578], [-87.47760867949485, 14.972235792630626], [-87.47715871046735, 14.969704739530629]], [[-87.46446790266381, 14.964901872381533], [-87.46251572633997, 14.970972378865595], [-87.46263748723717, 14.971005607704816], [-87.46446790266381, 14.964901872381533]], [[-87.46023470157976, 14.954689534419561], [-87.46237730315545, 14.951811275432737], [-87.46309216563986, 14.94902942957258], [-87.46023470157976, 14.954689534419561]], [[-87.21130826662632, 14.881173459885419], [-87.21165663196996, 14.881172063922127], [-87.21129625724153, 14.881141964352295], [-87.21130826662632, 14.881173459885419]], [[-87.20671480500006, 14.875591350490522], [-87.19949397644382, 14.87601465699184], [-87.19932983519121, 14.876360980847686], [-87.20671480500006, 14.875591350490522]], [[-87.19850124548779, 14.882935526261829], [-87.19768757097975, 14.879826016388567], [-87.19848458527134, 14.882946277155348], [-87.19850124548779, 14.882935526261829]], [[-87.1931942817063, 14.889711500523179], [-87.19511835188968, 14.885118518841546], [-87.1930930193755, 14.889574216818804], [-87.1931942817063, 14.889711500523179]], [[-87.19843723495393, 14.896802712626688], [-87.1983253879751, 14.896667861003053], [-87.19843623958965, 14.89681814512313], [-87.19843723495393, 14.896802712626688]], [[-87.21570264424204, 14.911254323372265], [-87.19798988368389, 14.90623289888022], [-87.19798115812533, 14.906412883009976], [-87.21570264424204, 14.911254323372265]], [[-87.20413689310622, 14.9570138104081], [-87.20940266098185, 14.949548875521387], [-87.20410623954055, 14.957036590563025], [-87.20413689310622, 14.9570138104081]], [[-87.18506981510535, 14.970709746153686], [-87.19097318582065, 14.964136158152582], [-87.18506771001901, 14.970697070793452], [-87.18506981510535, 14.970709746153686]], [[-87.18710906740147, 14.98198228336632], [-87.18519467961352, 14.971461593044527], [-87.18702587621613, 14.98248778048973], [-87.18710906740147, 14.98198228336632]], [[-87.18423264816987, 15.001210835625677], [-87.18709348834058, 15.006716935288935], [-87.18450650406513, 14.999451380866239], [-87.18423264816987, 15.001210835625677]], [[-87.35956820067587, 14.943445566902142], [-87.35573570115359, 14.946036206150799], [-87.35563117695736, 14.946385499531985], [-87.35956820067587, 14.943445566902142]], [[-87.3542972642685, 14.950843097773587], [-87.35426287434836, 14.950958020173516], [-87.3551987902595, 14.954279364381808], [-87.3542972642685, 14.950843097773587]], [[-87.35569044369588, 14.956024126142948], [-87.35572270180192, 14.956138602531716], [-87.36202220378613, 14.9607170861925], [-87.35569044369588, 14.956024126142948]], [[-87.36172277482424, 14.963962205785288], [-87.36390976793456, 14.966450457576254], [-87.36392029225335, 14.966429213620746], [-87.36172277482424, 14.963962205785288]]]}}, {"type": "Feature", "properties": {"code": "R-03", "name": "Occidente", "level": "subregion", "municipios": ["040100", "040200", "040300", "040400", "040500", "040600", "040700", "040800", "040900", "041000", "041100", "041200", "041300", "041400", "041500", "041600", "041700", "041800", "041900", "042000", "042100", "042200", "042300", "130100", "130200", "130400", "130900", "131000", "131300", "132300", "140600", "140700", "140800", "141000", "141100", "141200", "141300", "141500"], "source": "SINIT/SEPLAN 2016 (Marco Contextual CNI), clasificado a nivel municipio"}, "geometry": {"type": "Polygon", "coordinates": [[[-88.80942292906789, 14.306368389951098], [-88.81304978182025, 14.301854606275825], [-88.81818743526136, 14.301514876504534], [-88.82112625408195, 14.298161955608984], [-88.82722498295679, 14.299856080940533], [-88.82929850241361, 14.29782359794932], [-88.83666132900348, 14.298145308422464], [-88.83880171959113, 14.29345062451367], [-88.83484288612794, 14.267459268784258], [-88.84453198929921, 14.267198070208108], [-88.84936885337312, 14.264210911054358], [-88.85665987717745, 14.26654694975955], [-88.86638225797243, 14.262539645042708], [-88.87069768024337, 14.263896480952468], [-88.88095790944885, 14.257195730665519], [-88.88539565903787, 14.258923002035946], [-88.88894460030643, 14.247481666688365], [-88.89609201668273, 14.245868265693614], [-88.89896346335114, 14.239635561102924], [-88.93022647420614, 14.26603476167109], [-88.94076993256436, 14.263563300379193], [-88.95250574993113, 14.255669468154162], [-88.95079127510773, 14.249435387492786], [-88.94643284651134, 14.24856839105017], [-88.9294104246027, 14.230090880542534], [-88.92545385233065, 14.223397879560714], [-88.92601149507094, 14.217760841236961], [-88.91976274574601, 14.20767228012915], [-88.92444641796288, 14.208072952376565], [-88.93066431074578, 14.203340371963227], [-88.94085372753263, 14.203000384247993], [-88.94464578024335, 14.205855873856787], [-88.96077574789057, 14.2091086576786], [-88.96237911748429, 14.211947870054349], [-88.97088843359798, 14.212505976275642], [-88.97420874941558, 14.218890443330794], [-88.96595295737195, 14.22802841766183], [-88.9734136081958, 14.25646434255424], [-88.96573852443954, 14.271030090353943], [-88.97623628703236, 14.291966891547448], [-88.98026366105464, 14.295173190163277], [-88.98098664872707, 14.300546471546696], [-88.96907750719618, 14.30324694380328], [-88.96083735126248, 14.311010168561854], [-88.95670182042988, 14.311912959512055], [-88.95612823414645, 14.319655742909086], [-88.94763716306166, 14.323735783385455], [-88.94710314558377, 14.330392663830702], [-88.95125130621032, 14.336967028133971], [-88.94842798172212, 14.341454602600885], [-88.9721776997917, 14.341563300275148], [-88.98008220510751, 14.343970194941168], [-88.98415099473746, 14.348270559401529], [-88.99188339432668, 14.349359058884653], [-88.99639438396055, 14.347039275850955], [-89.01725685264314, 14.346411971602146], [-89.02027724538455, 14.350754430356677], [-89.02408003133678, 14.351343264535348], [-89.02673644394557, 14.35812413705694], [-89.03517440421848, 14.364384302577815], [-89.03834184069795, 14.373475108654386], [-89.04289769123329, 14.374802636471099], [-89.04744117661099, 14.372348317750186], [-89.07268267340662, 14.380742717234886], [-89.07129474791726, 14.386683980637077], [-89.06095980217556, 14.394900779594122], [-89.07198727606563, 14.394362358981892], [-89.07960746605296, 14.387875005394688], [-89.07828704043806, 14.395487447797523], [-89.06935393660429, 14.403304503682985], [-89.06652336743687, 14.438914070112613], [-89.06794440828641, 14.456939630715725], [-89.08603805793715, 14.513958996852358], [-89.08454909425018, 14.51944489754526], [-89.07062326012483, 14.522372960453458], [-89.0599283929958, 14.545925937652088], [-89.05672610968641, 14.54446306675196], [-89.05235436703366, 14.54761112319446], [-89.04335261212934, 14.549198976337662], [-89.04133655856204, 14.551758109752809], [-89.04403701283584, 14.557061596271677], [-89.04980260213541, 14.555375542741325], [-89.04589497690027, 14.561852800699507], [-89.04925809010669, 14.562844492071353], [-89.0520836651338, 14.569442351582524], [-89.0363340263193, 14.577570687183316], [-89.02142242655015, 14.593304218153664], [-89.02257841146138, 14.60042638246887], [-89.01941253729714, 14.607915824169648], [-89.02878499662647, 14.614932725532212], [-89.02912753548817, 14.639336458073041], [-89.04228118776699, 14.62860124024342], [-89.0608844067457, 14.649015583277283], [-89.06461262159581, 14.649010761431688], [-89.07359308207734, 14.635721976590187], [-89.07863121981673, 14.637517072525247], [-89.08321129856951, 14.633395095102234], [-89.08966722930667, 14.620435685284367], [-89.0836045855495, 14.618026437777942], [-89.09263676875949, 14.613105460625476], [-89.11610761322906, 14.612444049428715], [-89.12435787834774, 14.610069316637349], [-89.13297138128466, 14.604788162758496], [-89.1323036185167, 14.590198714958868], [-89.1394409121519, 14.585607480633472], [-89.15123429264013, 14.584859836518019], [-89.15386208789332, 14.587126246625715], [-89.15116058099603, 14.590643560892783], [-89.15162407788263, 14.5968639577177], [-89.14651368509514, 14.610989134786074], [-89.15288800336181, 14.617205849495194], [-89.14633277406185, 14.629650160420695], [-89.1484457066867, 14.630628017015502], [-89.15132402792996, 14.649513729846129], [-89.15473696622672, 14.654779456107592], [-89.15288380079068, 14.659933559032067], [-89.15776262879729, 14.669316170350067], [-89.15584611332791, 14.674073306063994], [-89.15436259042093, 14.672784768955381], [-89.14948488867621, 14.676348336539057], [-89.14668818332304, 14.673964398497128], [-89.14873284823538, 14.676210722632725], [-89.13149721537935, 14.712791561133367], [-89.16558704748152, 14.731303852604853], [-89.16909493215597, 14.774850655494355], [-89.19454104852278, 14.797193571282632], [-89.2238854103069, 14.834439977380889], [-89.22816809234438, 14.882322358380177], [-89.21991977855195, 14.889689454725268], [-89.2113268675315, 14.892736169087955], [-89.20336703890725, 14.90204489355881], [-89.19268282078437, 14.901431369400592], [-89.18391816029786, 14.906718508743484], [-89.18083806706487, 14.912208778186328], [-89.1815226494588, 14.915998348711566], [-89.17854824934943, 14.917236334795131], [-89.17997457676807, 14.922418229497099], [-89.17188717344152, 14.930715372060392], [-89.17504789631599, 14.940953195957935], [-89.16672343860803, 14.943825448956915], [-89.16189708922369, 14.967292847708238], [-89.16396236510681, 14.97017145573507], [-89.15627002290157, 14.979650494717816], [-89.15805281704773, 14.983000553015776], [-89.1786535227905, 14.993528650205157], [-89.17952303862658, 14.99973115737455], [-89.18443545380056, 15.00214739906365], [-89.1794855390888, 15.010819294721559], [-89.17856231979613, 15.01764096617283], [-89.17398087819072, 15.025740038446294], [-89.16986150934764, 15.028335344339661], [-89.17516017619151, 15.031964435428462], [-89.17527419905926, 15.036964531453304], [-89.17316164298163, 15.039546341709535], [-89.16501920917732, 15.04057962982384], [-89.1553607040407, 15.05238059909078], [-89.1526960337243, 15.059105846992894], [-89.15458983094365, 15.06081819863815], [-89.15277734830444, 15.065575749327587], [-89.15421870337225, 15.068553993290848], [-88.97401458562256, 15.136532962731119], [-88.84630421680093, 15.242465663672501], [-88.7582659645767, 15.29487555730585], [-88.71017340340562, 15.245751842086115], [-88.72152172257462, 15.21964029595185], [-88.71022951577882, 15.213987638261058], [-88.69771917621905, 15.198302690669047], [-88.68974585025379, 15.19567512379041], [-88.68213597339516, 15.17432283822981], [-88.67427260544575, 15.170344901011374], [-88.67051622015923, 15.172480839239515], [-88.66669952653015, 15.171496870985692], [-88.64754157495511, 15.157356719919978], [-88.65936385251841, 15.150794433639678], [-88.66359866034549, 15.138799393202973], [-88.66226735377951, 15.132958308494718], [-88.66430620354606, 15.119074700469632], [-88.6593192341065, 15.11200644471423], [-88.64479896523835, 15.100122533240432], [-88.6425629434784, 15.089283032162067], [-88.6368113167633, 15.08192820024292], [-88.63784071787458, 15.075292521714788], [-88.64578234638634, 15.069098207798506], [-88.65580853195573, 15.068482945757477], [-88.66666576724502, 15.059520280463989], [-88.67652268440439, 15.047152772922589], [-88.68169135479728, 15.000915225699005], [-88.68685328636704, 14.995978514775166], [-88.70409883178078, 14.954028795152283], [-88.69462698674353, 14.92919542408024], [-88.6907269356352, 14.923267182105837], [-88.6831954416566, 14.92158744299994], [-88.67008632251215, 14.912799168388919], [-88.64502915930909, 14.922942849032866], [-88.62445847837989, 14.919264434395712], [-88.61091714439914, 14.93210067496261], [-88.61382024619644, 14.936725836805703], [-88.6103750091115, 14.947949607986661], [-88.58585050459658, 14.938545107799907], [-88.56167937747594, 14.933154052444577], [-88.55626522413286, 14.935265286405564], [-88.53752388564429, 14.882206133335147], [-88.50403440907974, 14.830198249480251], [-88.48877223194815, 14.811496905451337], [-88.46771569525525, 14.796209522733534], [-88.45736476417328, 14.783068246744577], [-88.44737139285823, 14.781907506009958], [-88.44540559757333, 14.768277805444454], [-88.44005165167023, 14.765608601282079], [-88.43543422724096, 14.766912966916752], [-88.4325694830465, 14.77078362046118], [-88.4272943862948, 14.768265022261959], [-88.43332691400222, 14.761933141648358], [-88.43698166535168, 14.76124381316195], [-88.4374571524575, 14.75837437129738], [-88.44087589545578, 14.758751923403354], [-88.44388419204057, 14.754906282226818], [-88.44673153392696, 14.755358506864654], [-88.452888782764, 14.751077233539252], [-88.44772335664344, 14.743586969823731], [-88.44724376788578, 14.72867229358088], [-88.44260358974417, 14.729217611695722], [-88.43175247639486, 14.724012962073752], [-88.42804948460746, 14.719429303179302], [-88.4189754942385, 14.716364328200923], [-88.41380709739984, 14.717291921836246], [-88.40727207559608, 14.711806545491928], [-88.40352911417123, 14.712438252589836], [-88.40758061816092, 14.71009289467822], [-88.41134752557939, 14.69924000426802], [-88.41207523674127, 14.674996056022774], [-88.3916467486717, 14.661081462167374], [-88.34791065254859, 14.653398066528117], [-88.33049784895935, 14.623141669420665], [-88.32321773159853, 14.568035524268799], [-88.34872042795713, 14.530279012767007], [-88.34321363759369, 14.51827346153529], [-88.34510728308521, 14.506487573454782], [-88.37663788612207, 14.478724509886195], [-88.38709747195011, 14.474907192117996], [-88.40063443720673, 14.47601565097328], [-88.43082266677031, 14.473061166059319], [-88.44960778391162, 14.478977518063736], [-88.47315493698466, 14.472186352547816], [-88.50268236693587, 14.453386118642825], [-88.50361210573027, 14.46327558604402], [-88.50920249799837, 14.465343616459442], [-88.508069308223, 14.469375467751137], [-88.51212754516384, 14.469390099846468], [-88.5141253321729, 14.474633384390282], [-88.51168755356402, 14.479205805322643], [-88.51338496007433, 14.480067142721225], [-88.50883310829218, 14.484424911228851], [-88.51021287238973, 14.489364855894898], [-88.51772403436193, 14.492616790097061], [-88.52659863313959, 14.51026187008138], [-88.52926336336222, 14.509530451718637], [-88.52766602475965, 14.511676277458234], [-88.53056727063581, 14.51430575097962], [-88.5311493630416, 14.526343913665738], [-88.53628117270917, 14.529802707208088], [-88.53592022799265, 14.533212694207078], [-88.53944028831535, 14.526446667077796], [-88.55518891995484, 14.523400627237738], [-88.56308230706388, 14.513616852043455], [-88.58567548975421, 14.517414004395103], [-88.58967290024025, 14.520377592105305], [-88.60434248158303, 14.518510662982465], [-88.62114912844233, 14.520903287424378], [-88.63275347594701, 14.513242933364122], [-88.6484140702696, 14.51090434014688], [-88.65815558984568, 14.514651020139416], [-88.66330671743246, 14.51332885411463], [-88.67984048418317, 14.517277137477288], [-88.69003502280633, 14.52305274951667], [-88.69944452790834, 14.51974456622954], [-88.71700044078403, 14.518413501087412], [-88.71789548136908, 14.525742484773941], [-88.7156493348053, 14.525927262705972], [-88.714554558158, 14.534355376166877], [-88.72239387346444, 14.54397650319459], [-88.73011647725386, 14.545449262523933], [-88.7447364416424, 14.544560122854893], [-88.75243316278049, 14.541086319462988], [-88.7774793801001, 14.549550151563599], [-88.79764707024503, 14.543858283477615], [-88.81168892394423, 14.533189557898961], [-88.82597649554067, 14.537327454141167], [-88.83168326934472, 14.533701770114874], [-88.83198885425143, 14.527507501467372], [-88.82627386638192, 14.518176710719356], [-88.83029627893517, 14.51142928997719], [-88.82520966503336, 14.504530269144507], [-88.82556777683271, 14.500224447998002], [-88.84635552113663, 14.496626515165383], [-88.85341022060692, 14.511497518187966], [-88.84844942596631, 14.5006950088245], [-88.85610152282115, 14.496417519997072], [-88.84657994322723, 14.473096626849664], [-88.84882797712372, 14.473163690204196], [-88.84604767756592, 14.472838711171915], [-88.84383822264564, 14.46775546089248], [-88.83800514733916, 14.4635274443993], [-88.84357572899339, 14.449808889780234], [-88.8388166248915, 14.431395804063895], [-88.82027900241695, 14.426737206060658], [-88.82012919611867, 14.420208613821305], [-88.826197011183, 14.403557250286745], [-88.8057127916085, 14.385103625378363], [-88.79906833474008, 14.36527667293206], [-88.78441893160213, 14.350887313209062], [-88.7832421720637, 14.336972121360613], [-88.80202141012215, 14.309881596982564], [-88.80942292906789, 14.306368389951098]], [[-88.91712389397594, 15.109806996881874], [-88.90102567463106, 15.128983136031792], [-88.91711927740326, 15.109820408852157], [-88.91712389397594, 15.109806996881874]], [[-88.86769010496405, 15.141022142003633], [-88.86807161606681, 15.141277231237277], [-88.87531563845448, 15.140568742698083], [-88.86769010496405, 15.141022142003633]], [[-88.86554794364743, 15.135886968328002], [-88.86659971224894, 15.140293074251595], [-88.8673151988461, 15.140771469051717], [-88.86554794364743, 15.135886968328002]], [[-88.86553547073056, 15.135701206962176], [-88.86552135521742, 15.135775583144241], [-88.86552349346331, 15.135784540758939], [-88.86553547073056, 15.135701206962176]], [[-88.86753455424613, 15.121792256286517], [-88.86689128626601, 15.117999112056175], [-88.86745523145483, 15.1223441575869], [-88.86753455424613, 15.121792256286517]], [[-88.86682157136019, 15.117588025695714], [-88.86537405798659, 15.115937813166878], [-88.86682905887994, 15.117632177189714], [-88.86682157136019, 15.117588025695714]], [[-88.86275246964243, 15.1014848357449], [-88.86461448816054, 15.115053286021952], [-88.86461691549819, 15.115056112682469], [-88.86275246964243, 15.1014848357449]], [[-88.86351698399429, 15.088954321486554], [-88.8571458683988, 15.076434953813727], [-88.86351541490764, 15.088980039071313], [-88.86351698399429, 15.088954321486554]], [[-88.8251583415828, 14.979927215794618], [-88.82486673276071, 14.979816120753766], [-88.82517421311874, 14.979942471377687], [-88.8251583415828, 14.979927215794618]], [[-88.81818222411148, 14.977269504515805], [-88.82064806117837, 14.971377829095827], [-88.8173565636572, 14.977590530730353], [-88.82077570004734, 14.978257548406175], [-88.81818222411148, 14.977269504515805]], [[-88.8318258241056, 14.960160588608886], [-88.83181154364159, 14.960160167213173], [-88.82900898948064, 14.96603542077398], [-88.8318258241056, 14.960160588608886]], [[-88.84290182100162, 14.961967578034873], [-88.84293062532481, 14.961657060429078], [-88.8427790700253, 14.961897772101969], [-88.84290182100162, 14.961967578034873]], [[-88.84444264660678, 14.957749450855433], [-88.84338464976948, 14.957619031125297], [-88.84340049797495, 14.95768679517422], [-88.84444264660678, 14.957749450855433]], [[-88.8494601817427, 14.958051113278955], [-88.85058180669907, 14.956899798384885], [-88.84911531619663, 14.958030379397957], [-88.8494601817427, 14.958051113278955]], [[-88.8515952744911, 14.955859503625932], [-88.84862328856732, 14.949927739218671], [-88.85132528852675, 14.956136636245152], [-88.8515952744911, 14.955859503625932]], [[-88.84851790449935, 14.949717403948073], [-88.84097122885164, 14.94831997767789], [-88.84852385114753, 14.94972927281858], [-88.84851790449935, 14.949717403948073]], [[-88.83859949223611, 14.935329901101085], [-88.83861418691669, 14.935342250764267], [-88.8395114191733, 14.933976047559756], [-88.83859949223611, 14.935329901101085]], [[-88.83760766758076, 14.934421082350788], [-88.83762360559403, 14.934509749123055], [-88.8383180566051, 14.935093377739133], [-88.83760766758076, 14.934421082350788]], [[-88.83608756356763, 14.924273815572947], [-88.83642242206193, 14.927827293484922], [-88.83734344165448, 14.932951133767974], [-88.83608756356763, 14.924273815572947]], [[-88.79632671149298, 14.913961531630058], [-88.80478786149682, 14.91688855387739], [-88.83642242206193, 14.927827293484922], [-88.79632671149298, 14.913961531630058]], [[-88.80158296974005, 14.852901437144828], [-88.77944325044226, 14.852302414201938], [-88.79815276073379, 14.85343441506646], [-88.80158296974005, 14.852901437144828]], [[-88.8020283883676, 14.850030802672034], [-88.80215746492958, 14.840905318384054], [-88.80158296974005, 14.852901437144828], [-88.8020283883676, 14.850030802672034]], [[-88.8042651467459, 14.838432843339177], [-88.80417029551327, 14.838275515677987], [-88.80215746492958, 14.840905318384054], [-88.8042651467459, 14.838432843339177]], [[-88.84610673771992, 14.840613082720493], [-88.81675501928729, 14.839989481126553], [-88.84610682237157, 14.84061320445288], [-88.84610673771992, 14.840613082720493]], [[-88.80912262756728, 14.823196646557438], [-88.80561614876899, 14.825113192257925], [-88.80901488521096, 14.823287134868723], [-88.80912262756728, 14.823196646557438]], [[-88.81583656516368, 14.817557890399808], [-88.8138827831534, 14.818044373877292], [-88.81086897609129, 14.821729961270048], [-88.81583656516368, 14.817557890399808]], [[-88.81900912419323, 14.812396721410913], [-88.81895922493605, 14.812425965717807], [-88.81680502416843, 14.815982386040151], [-88.81900912419323, 14.812396721410913]], [[-88.82402038953653, 14.809452155822493], [-88.8229371710335, 14.807007072336251], [-88.82400161381857, 14.809463085903285], [-88.82402038953653, 14.809452155822493]], [[-88.85148394215473, 14.796368442427784], [-88.84845096859615, 14.794220432921893], [-88.84844506862274, 14.794233842207388], [-88.85148394215473, 14.796368442427784]], [[-88.86169190265723, 14.807453070390672], [-88.86167260701947, 14.807398825361407], [-88.85325698820704, 14.80293560963118], [-88.86169190265723, 14.807453070390672]], [[-88.86406500492173, 14.814390431534774], [-88.86408630372829, 14.814184351199764], [-88.86206273025327, 14.8084955626911], [-88.86406500492173, 14.814390431534774]], [[-88.86194173285558, 14.832706585122294], [-88.86215192601875, 14.832900761686725], [-88.86294600450674, 14.82521751613089], [-88.86194173285558, 14.832706585122294]], [[-88.8663194411087, 14.836750714511894], [-88.86631481843342, 14.836734504539642], [-88.86615401182637, 14.83659789084619], [-88.8663194411087, 14.836750714511894]], [[-88.9392188050692, 14.871933774955348], [-88.91801184308602, 14.871614286851074], [-88.93913501309089, 14.871956371061158], [-88.90626387904454, 14.880925406681332], [-88.9392188050692, 14.871933774955348]], [[-88.8960828250704, 14.75532891436247], [-88.8951060256479, 14.75585009110145], [-88.89524228123318, 14.755854117092264], [-88.8960828250704, 14.75532891436247]], [[-88.91025202471712, 14.747768859456842], [-88.91230646189416, 14.748611130343141], [-88.9130144441169, 14.746294955294625], [-88.91025202471712, 14.747768859456842]], [[-88.91487214155022, 14.740217468735475], [-88.91482961324046, 14.740203452997081], [-88.91469045558509, 14.740811857246364], [-88.91487214155022, 14.740217468735475]], [[-88.90329202261428, 14.736401095160499], [-88.90995190772347, 14.739544218435167], [-88.9146602460368, 14.740147635908839], [-88.90329202261428, 14.736401095160499]], [[-88.89857737067953, 14.725583209935007], [-88.89830237114782, 14.726293378022522], [-88.89831536344435, 14.726319696986717], [-88.89857737067953, 14.725583209935007]], [[-88.90080044584772, 14.724951200481122], [-88.89891628896825, 14.724707975888517], [-88.89890801099294, 14.72472935321182], [-88.90080044584772, 14.724951200481122]], [[-88.89413010329037, 14.708382017216922], [-88.89424498099174, 14.708490628759863], [-88.90189015410974, 14.709262826949947], [-88.89413010329037, 14.708382017216922]], [[-88.889366695886, 14.703504602561779], [-88.88945683650338, 14.703963660040476], [-88.89271534931194, 14.707044432893488], [-88.889366695886, 14.703504602561779]], [[-88.89179959475013, 14.69376755003354], [-88.88878292148581, 14.700531625317304], [-88.88908117934162, 14.702050557661728], [-88.89179959475013, 14.69376755003354]], [[-88.88104194094775, 14.681659819029699], [-88.88103329521257, 14.68185362809678], [-88.88127855941012, 14.682124500688094], [-88.88104194094775, 14.681659819029699]], [[-88.88361653347955, 14.659843439345902], [-88.88193823627712, 14.661567813210329], [-88.881933735968, 14.661668695401893], [-88.88361653347955, 14.659843439345902]], [[-88.88463393600924, 14.658739907806343], [-88.88458478970946, 14.658032002983902], [-88.8845908485831, 14.658786642832368], [-88.88463393600924, 14.658739907806343]], [[-88.88434611585149, 14.654594137349145], [-88.88421068691211, 14.654525854284412], [-88.88439681879349, 14.655324464094454], [-88.88434611585149, 14.654594137349145]], [[-88.87717939312603, 14.64797816779567], [-88.87838569522005, 14.651413789686949], [-88.8786176161773, 14.651520887252094], [-88.87717939312603, 14.64797816779567]], [[-88.87985230045297, 14.646341053594178], [-88.87696972625007, 14.647381023753132], [-88.87699009238878, 14.647439027757557], [-88.87985230045297, 14.646341053594178]], [[-88.88678570810843, 14.64568057129565], [-88.8868135133376, 14.645617596919791], [-88.882232825949, 14.647487621799335], [-88.88678570810843, 14.64568057129565]], [[-88.88747679957444, 14.63966406151623], [-88.88324579469688, 14.640206869990466], [-88.88748307660107, 14.639682671376342], [-88.88747679957444, 14.63966406151623]], [[-88.88192464600229, 14.637806395764791], [-88.88206251619464, 14.63813315900496], [-88.88286935506768, 14.639547154637777], [-88.88192464600229, 14.637806395764791]], [[-88.88261272757656, 14.634990721322653], [-88.88148109886265, 14.636755154027574], [-88.88156656302321, 14.636957710835153], [-88.88261272757656, 14.634990721322653]], [[-88.88548933392663, 14.629582151032217], [-88.88452671543288, 14.627594034613091], [-88.88525400111392, 14.630024621743967], [-88.88548933392663, 14.629582151032217]], [[-88.88428471342729, 14.62709422273132], [-88.88263437628302, 14.626944115297235], [-88.88432535421542, 14.627178159014171], [-88.88428471342729, 14.62709422273132]], [[-88.88120389086745, 14.616947641940481], [-88.88117446092045, 14.626742052330403], [-88.8811936985381, 14.626744714957427], [-88.88120389086745, 14.616947641940481]], [[-88.8903414109336, 14.610174854840512], [-88.88023560622203, 14.609904099060875], [-88.88005506518616, 14.610203174698055], [-88.8903414109336, 14.610174854840512]], [[-88.87402263364541, 14.602533323234246], [-88.87400928436047, 14.602536385680246], [-88.88023560622203, 14.609904099060875], [-88.87402263364541, 14.602533323234246]], [[-88.9115062061881, 14.602022501629063], [-88.90662665753754, 14.604190691988967], [-88.90661130770222, 14.604232422156398], [-88.9115062061881, 14.602022501629063]], [[-88.91894302110224, 14.595137155387096], [-88.91873573412727, 14.595058780054964], [-88.9115062061881, 14.602022501629063], [-88.91894302110224, 14.595137155387096]], [[-88.92371930844995, 14.591438994526596], [-88.92365815728736, 14.59145538551609], [-88.92359868781278, 14.591725039091873], [-88.92371930844995, 14.591438994526596]], [[-88.92795548745093, 14.589950270762508], [-88.92778874927441, 14.589536668189945], [-88.92778890139218, 14.59000625314776], [-88.92795548745093, 14.589950270762508]], [[-88.93016204748682, 14.5630150326393], [-88.93011183444042, 14.562971076677716], [-88.92841986675131, 14.56466738302916], [-88.93016204748682, 14.5630150326393]], [[-88.92321130521579, 14.556930427497322], [-88.92317599809785, 14.55692921471123], [-88.92589442607108, 14.559279202680763], [-88.92321130521579, 14.556930427497322]], [[-88.93290971803296, 14.532870122034803], [-88.90716054612581, 14.533209167596713], [-88.9293708302721, 14.533552632641259], [-88.93290971803296, 14.532870122034803]], [[-89.12916354782237, 14.714890172409369], [-89.12920488886, 14.714852995405522], [-89.11352253152117, 14.718789031737355], [-89.12916354782237, 14.714890172409369]], [[-89.10340155939527, 14.723190342287914], [-89.10341219283613, 14.723191327048344], [-89.11352253152117, 14.718789031737355], [-89.10340155939527, 14.723190342287914]], [[-89.09810504110736, 14.72269983298917], [-89.10215438343036, 14.723074841618473], [-89.09812162062012, 14.722655364789059], [-89.09810504110736, 14.72269983298917]], [[-89.09787189907058, 14.724088032177274], [-89.09796694576029, 14.723070220926074], [-89.09760408921414, 14.724043444791873], [-89.09787189907058, 14.724088032177274]], [[-89.08411562262782, 14.726282477634983], [-89.08721699273757, 14.72588045597811], [-89.09170712048599, 14.723499568023582], [-89.09087525785104, 14.723399755694906], [-89.08411562262782, 14.726282477634983]], [[-89.08169219204974, 14.726596619946877], [-89.08226671230933, 14.726522146543672], [-89.08163973437837, 14.72650911303489], [-89.08169219204974, 14.726596619946877]], [[-89.04010114971953, 14.683328917737457], [-89.04385570362521, 14.682724088683239], [-89.04271363539793, 14.682680940630313], [-89.04010114971953, 14.683328917737457]], [[-89.0388089545155, 14.683649422043793], [-89.0362966334927, 14.686365485643476], [-89.03905397618585, 14.683588649104653], [-89.0388089545155, 14.683649422043793]], [[-89.02865176589813, 14.685920934459967], [-89.03082730237074, 14.685341377789223], [-89.03056129800713, 14.685290688331765], [-89.02865176589813, 14.685920934459967]], [[-89.02152016810923, 14.690958885710351], [-89.02453749454892, 14.6872788606116], [-89.02333712300927, 14.687675046416336], [-89.02152016810923, 14.690958885710351]], [[-89.02059586044302, 14.692086200065823], [-89.02066211176525, 14.692005397894263], [-89.01879124496551, 14.692220136846693], [-89.02059586044302, 14.692086200065823]], [[-89.01013944642516, 14.692439099172697], [-89.00818333444153, 14.697213835859916], [-89.01098210457116, 14.692799723544692], [-89.00834020300773, 14.688994237544842], [-89.01013944642516, 14.692439099172697]], [[-89.00965761410994, 14.775246817828247], [-89.02616172407963, 14.756356373283209], [-89.00965761410994, 14.775246817828243], [-89.00965761410994, 14.775246817828247]], [[-88.99420828628303, 14.772979420264415], [-89.00726428463776, 14.773694210706575], [-89.00679770955287, 14.773387663157338], [-88.99420828628303, 14.772979420264415]], [[-88.91243907650768, 14.749642924438662], [-88.91315523517395, 14.74961069397465], [-88.91236069479774, 14.74903308376301], [-88.91243907650768, 14.749642924438662]], [[-89.04018478892652, 14.556180701501352], [-89.03885349987067, 14.555236271806914], [-89.03974994986906, 14.556411107047612], [-89.04018478892652, 14.556180701501352]], [[-89.03383374359652, 14.551675206790028], [-89.0337853293365, 14.55164086123254], [-89.0337850231824, 14.551653208196972], [-89.03383374359652, 14.551675206790028]], [[-89.02706132190104, 14.555312730681948], [-89.02267285485947, 14.554608805772427], [-89.02267325760062, 14.554614211868447], [-89.02706132190104, 14.555312730681948]], [[-88.98943497724196, 14.548970794249183], [-88.9893362622136, 14.549129994642259], [-88.98934194323046, 14.549150534067635], [-88.98943497724196, 14.548970794249183]], [[-89.00432212222587, 14.605166676202883], [-89.00183517903533, 14.61687614153789], [-89.00211350052629, 14.616663424038364], [-89.00432212222587, 14.605166676202883]], [[-89.00134865349179, 14.61724798668976], [-88.99444653210541, 14.609477147516618], [-89.0008294988616, 14.61764476982862], [-89.00134865349179, 14.61724798668976]], [[-88.93949180680642, 14.53488901994288], [-88.93627665392522, 14.532825788777188], [-88.93562503479038, 14.532834368803627], [-88.93949180680642, 14.53488901994288]], [[-89.05885268951393, 14.397190374691489], [-89.05876135466784, 14.398271654619439], [-89.06037371455342, 14.395537624206522], [-89.05885268951393, 14.397190374691489]], [[-89.05846406736627, 14.401791130545107], [-89.0599800231407, 14.404613144396702], [-89.05864657834422, 14.399630449649209], [-89.05846406736627, 14.401791130545107]], [[-89.00955045679287, 14.370833882702234], [-89.00958346502078, 14.370849574347794], [-89.01441977833294, 14.370289982991935], [-89.00955045679287, 14.370833882702234]], [[-88.99970757604424, 14.368701088801425], [-88.99960355188448, 14.368804273583352], [-89.00041556817447, 14.368855836923974], [-88.99970757604424, 14.368701088801425]], [[-88.99551986797314, 14.372855005978467], [-88.99551349815975, 14.372870826923684], [-88.99583368312506, 14.37254372302182], [-88.99551986797314, 14.372855005978467]], [[-88.9874566521808, 14.384841474722991], [-88.98745773052913, 14.384845224716742], [-88.99017506523222, 14.378203567038499], [-88.9874566521808, 14.384841474722991]], [[-88.91036054987414, 14.444805021205264], [-88.91052645836973, 14.444914897134023], [-88.91512343229897, 14.441747301296665], [-88.91036054987414, 14.444805021205264]], [[-88.9046181631695, 14.441466421032281], [-88.90380543201061, 14.442204416202362], [-88.90497519124999, 14.441684612098616], [-88.9046181631695, 14.441466421032281]], [[-88.89916673258567, 14.446416556629927], [-88.8991714722477, 14.446431557248712], [-88.89925296438592, 14.446338254412272], [-88.89916673258567, 14.446416556629927]], [[-88.8786031712722, 14.372346066730577], [-88.87857813307633, 14.37239090036353], [-88.87770661259178, 14.40029649911057], [-88.8786031712722, 14.372346066730577]], [[-88.88793160608671, 14.355642482146465], [-88.89753317955945, 14.353598945557888], [-88.8882237938371, 14.355119287966515], [-88.88793160608671, 14.355642482146465]], [[-88.94459717047408, 14.466582816740033], [-88.94049065547406, 14.466652866906964], [-88.9344841539961, 14.46754164758965], [-88.94459717047408, 14.466582816740033]], [[-88.98236330117813, 14.469642552949585], [-88.98440111705764, 14.471181261235333], [-88.98237765025897, 14.46962476837043], [-88.98236330117813, 14.469642552949585]], [[-88.97979314064983, 14.472844480534853], [-88.98067002464614, 14.471741238631585], [-88.97977436715229, 14.472851337025334], [-88.97979314064983, 14.472844480534853]], [[-88.97495354133245, 14.473577206696655], [-88.9758036398521, 14.472377106876435], [-88.9757904423046, 14.472367553874681], [-88.97495354133245, 14.473577206696655]], [[-88.97081959943165, 14.475521363510316], [-88.97073903270984, 14.475610292127413], [-88.97403859822131, 14.474868848827317], [-88.97081959943165, 14.475521363510316]], [[-88.96882014162965, 14.477735229154293], [-88.96636752730008, 14.477898087360336], [-88.97126311419053, 14.479402818737956], [-88.96882014162965, 14.477735229154293]], [[-88.99344683797011, 14.535941246812346], [-88.99691498518004, 14.532844385395503], [-88.99337396973516, 14.535578809763507], [-88.99344683797011, 14.535941246812346]], [[-88.98021920979814, 14.49073756621757], [-88.98103709263579, 14.49263052253511], [-88.99817769483518, 14.51954956613071], [-88.9981901255257, 14.51949969982598], [-88.98021920979814, 14.49073756621757]], [[-88.98381721039155, 14.483356650585247], [-88.97899220776085, 14.487897720274889], [-88.97930548244867, 14.488622781704368], [-88.98381721039155, 14.483356650585247]], [[-88.98204150652316, 14.482715717784812], [-88.97444362834142, 14.47997329579256], [-88.97384787464233, 14.480197283271519], [-88.98204150652316, 14.482715717784812]], [[-88.9839579551958, 14.643190337432888], [-88.9777777723101, 14.641403949619063], [-88.98396637766312, 14.643199198285718], [-88.9839579551958, 14.643190337432888]], [[-89.1466154616064, 14.673902409819432], [-89.1465453838287, 14.673928383511939], [-89.14663160859708, 14.673916173666699], [-89.1466154616064, 14.673902409819432]], [[-89.14468818565766, 14.67410082736387], [-89.14468876269002, 14.674191290066457], [-89.14474941840751, 14.674182700922788], [-89.14468818565766, 14.67410082736387]], [[-89.14481119927248, 14.67148614270434], [-89.14467128363937, 14.671451058778805], [-89.14467288802021, 14.67170258128255], [-89.14481119927248, 14.67148614270434]], [[-89.13284875434412, 14.657444718681978], [-89.12743827881258, 14.65778260400259], [-89.13304625510139, 14.65775440067144], [-89.13284875434412, 14.657444718681978]], [[-89.12733772293544, 14.657788883738], [-89.12673060439546, 14.658895709054917], [-89.12736452898022, 14.657787209694936], [-89.12733772293544, 14.657788883738]], [[-89.1248593119323, 14.656229100509345], [-89.12323321012889, 14.658385515886865], [-89.12489241660353, 14.6562762749628], [-89.1248593119323, 14.656229100509345]], [[-89.12069317486831, 14.657563817551274], [-89.12019150509705, 14.659444517317082], [-89.12071308253105, 14.657570257656102], [-89.12069317486831, 14.657563817551274]], [[-89.11599439644752, 14.658954150881481], [-89.10871620511541, 14.660528719905221], [-89.11654744433292, 14.659788813337066], [-89.11599439644752, 14.658954150881481]], [[-89.10392881675804, 14.661564426864292], [-89.09854518993406, 14.664788832432835], [-89.10416147038943, 14.661514094414303], [-89.10392881675804, 14.661564426864292]], [[-89.09747589988817, 14.665429260324869], [-89.09624546699136, 14.668405753013918], [-89.09632011254776, 14.668396798072214], [-89.09747589988817, 14.665429260324869]], [[-89.08965152194455, 14.67057136298615], [-89.08965340423035, 14.670568646996763], [-89.0874513551267, 14.67118113944142], [-89.08965152194455, 14.67057136298615]], [[-89.08017044138799, 14.673199045417787], [-89.08021622183506, 14.673186357362267], [-89.07244693184015, 14.672926966560507], [-89.08017044138799, 14.673199045417787]], [[-89.00249411153972, 14.67780121275669], [-89.00444743033923, 14.681541069695578], [-89.00436895798543, 14.679593693395566], [-89.00249411153972, 14.67780121275669]], [[-89.00236969531923, 14.67756300337397], [-89.00240836845391, 14.677637047606352], [-89.00274944981246, 14.671316509828657], [-89.00236969531923, 14.67756300337397]], [[-88.991083421233, 14.65067866758709], [-88.9996166356978, 14.65965711854596], [-88.99812635711852, 14.657310994584957], [-88.991083421233, 14.65067866758709]], [[-89.09851002248136, 14.730011121743344], [-89.0985773776054, 14.731138460412414], [-89.10008591687124, 14.732884586568698], [-89.09851002248136, 14.730011121743344]], [[-89.14246471134895, 14.90916922710087], [-89.14179192657343, 14.923322557253483], [-89.1424223499187, 14.92216427339484], [-89.14246471134895, 14.90916922710087]], [[-89.14148969601146, 14.923877848843084], [-89.13258506449252, 14.929458919349855], [-89.14093013704651, 14.924905932783682], [-89.14148969601146, 14.923877848843084]], [[-89.04497652232013, 14.970799978273721], [-89.04494602173231, 14.970839325448464], [-89.04496598223405, 14.9708850733196], [-89.04497652232013, 14.970799978273721]], [[-88.9994333593334, 14.960675844866731], [-88.99918984842617, 14.960621466189533], [-88.99281416109093, 14.96104885694903], [-88.9994333593334, 14.960675844866731]], [[-88.98710968495115, 14.963491029859442], [-88.9445548458399, 14.947503366314429], [-88.96349858994836, 14.95470732547529], [-88.98710968495115, 14.963491029859442]], [[-88.94207986795907, 14.935887114676913], [-88.94208387414211, 14.935826659076305], [-88.94207310412655, 14.935871533941587], [-88.94207986795907, 14.935887114676913]], [[-88.93953532114534, 14.92828583410972], [-88.94238538818408, 14.93127663918933], [-88.94256059754971, 14.930773513185759], [-88.93953532114534, 14.92828583410972]], [[-88.93816997135303, 14.927163109553083], [-88.93801036160431, 14.92703186275803], [-88.93410426403379, 14.9290744982135], [-88.93816997135303, 14.927163109553083]], [[-88.93291718657431, 14.932829134367628], [-88.93016030097782, 14.931991710558028], [-88.93294030230292, 14.932887721853051], [-88.93291718657431, 14.932829134367628]], [[-88.92970097165292, 14.934426563988854], [-88.92986269119821, 14.934442082671264], [-88.93016030097782, 14.931991710558028], [-88.92970097165292, 14.934426563988854]], [[-88.92925161223003, 14.934383443250669], [-88.91666409290579, 14.931995357738723], [-88.92522057013224, 14.933996622585381], [-88.92925161223003, 14.934383443250669]], [[-88.9161990063273, 14.931886579161333], [-88.91588838880972, 14.931597074522832], [-88.91616189566204, 14.931877899389523], [-88.9161990063273, 14.931886579161333]], [[-88.9136562515311, 14.929305213648512], [-88.91226894793334, 14.926160507219029], [-88.91282367364501, 14.928450359110567], [-88.9136562515311, 14.929305213648512]], [[-88.91180015923118, 14.924225394651087], [-88.91352452105585, 14.919516586204344], [-88.91172853743981, 14.92392974710678], [-88.91180015923118, 14.924225394651087]], [[-88.91365671305505, 14.919155602335703], [-88.91366000740695, 14.919146606270113], [-88.90879300501929, 14.910981697853737], [-88.91365671305505, 14.919155602335703]], [[-88.88747134133432, 14.905896664015696], [-88.8980546464493, 14.908850143133627], [-88.90879300501929, 14.910981697853737], [-88.88747134133432, 14.905896664015696]], [[-89.07937041768434, 14.72291483238362], [-89.07948920840965, 14.722989587336828], [-89.07947851855059, 14.722970380979437], [-89.07937041768434, 14.72291483238362]], [[-89.06685545872953, 14.717660851935216], [-89.06955022759232, 14.717868639977993], [-89.06848807226963, 14.717322841976866], [-89.06685545872953, 14.717660851935216]], [[-89.05126047773823, 14.71575076901223], [-89.05254124502969, 14.715958340074174], [-89.0513026322802, 14.715733897631976], [-89.05126047773823, 14.71575076901223]], [[-88.88577262842787, 14.930611231672929], [-88.88576995267817, 14.9306274739045], [-88.89237095084418, 14.928247751599853], [-88.88577262842787, 14.930611231672929]], [[-88.88062086394524, 14.945377679951896], [-88.88137483910788, 14.944841317230248], [-88.88137602533095, 14.944800936792488], [-88.88062086394524, 14.945377679951896]], [[-88.86822142261147, 14.95405338969525], [-88.86829479649369, 14.954146195697678], [-88.86882052590265, 14.953772202401067], [-88.86822142261147, 14.95405338969525]], [[-89.08509138182399, 15.09109341062828], [-89.08506164133851, 15.091109598351041], [-89.08505755970292, 15.091297501678184], [-89.08509138182399, 15.09109341062828]], [[-89.08053654186668, 15.087433212001923], [-89.08052976201391, 15.087440764983388], [-89.08245071687215, 15.092530722476743], [-89.08053654186668, 15.087433212001923]], [[-89.05777294198866, 15.013225735104173], [-89.0577791109268, 15.013188806451803], [-89.05342346590764, 15.016155490994228], [-89.05777294198866, 15.013225735104173]], [[-89.05947709874248, 15.003024269168243], [-89.05735089728012, 15.001305161838262], [-89.05947448494197, 15.003039915966433], [-89.05947709874248, 15.003024269168243]], [[-89.0526303095775, 14.990651141091426], [-89.0532365524487, 14.99539647511935], [-89.05324725249058, 14.995400852852894], [-89.0526303095775, 14.990651141091426]], [[-89.05410911619799, 14.991061386428157], [-89.05425389021018, 14.990659783171287], [-89.05407576678869, 14.991052134752206], [-89.05410911619799, 14.991061386428157]], [[-89.05462220627042, 14.989638074046018], [-89.05375787060724, 14.988619361874044], [-89.05460631084715, 14.989682167966336], [-89.05462220627042, 14.989638074046018]], [[-89.05340291900487, 14.988201013386062], [-89.0524128752752, 14.989144057945424], [-89.05341752890615, 14.98821823271983], [-89.05340291900487, 14.988201013386062]], [[-89.04762110843468, 14.976961118119895], [-89.04760757006906, 14.976939381046622], [-89.04762225245567, 14.976973031900672], [-89.04762110843468, 14.976961118119895]], [[-88.92770448594807, 14.99778421498215], [-88.92862070202077, 14.996515562786973], [-88.92820093362026, 14.996637482329314], [-88.92770448594807, 14.99778421498215]], [[-88.83239518189973, 14.981464072625993], [-88.83256689579625, 14.981311312510192], [-88.83251378308395, 14.98132546536098], [-88.83239518189973, 14.981464072625993]], [[-88.80250895983738, 14.824977360969482], [-88.80441441164652, 14.825758856018519], [-88.80444456156073, 14.825742657212123], [-88.80250895983738, 14.824977360969482]], [[-88.80048699104765, 14.827308084193303], [-88.80109565762073, 14.826564653336959], [-88.80047299774844, 14.82726396821186], [-88.80048699104765, 14.827308084193303]], [[-88.80120052392671, 14.833349620620563], [-88.80091000574258, 14.832867744474328], [-88.80090210539072, 14.83288081650338], [-88.80120052392671, 14.833349620620563]], [[-88.75761759038414, 14.890617276022128], [-88.74987369576482, 14.891814402892617], [-88.750056883415, 14.892583203742545], [-88.75761759038414, 14.890617276022128]], [[-88.75927197436671, 14.89142814045329], [-88.76120200410577, 14.891743183713226], [-88.75761759038414, 14.890617276022128], [-88.75927197436671, 14.89142814045329]], [[-88.74197150112538, 14.90592572196711], [-88.74664346709486, 14.910645084864067], [-88.73183854178293, 14.895688244542798], [-88.74197150112538, 14.90592572196711]], [[-88.64628578931233, 14.890744638768515], [-88.64288384825136, 14.893712076775774], [-88.6413665573099, 14.896647577682224], [-88.64628578931233, 14.890744638768515]], [[-88.64712454126163, 14.886616108671735], [-88.64672610363937, 14.888601688787636], [-88.64713571985217, 14.886608142356199], [-88.64712454126163, 14.886616108671735]], [[-88.64947070785865, 14.884944135506489], [-88.6473829909012, 14.886431927010259], [-88.64947588002903, 14.88502318574031], [-88.64947070785865, 14.884944135506489]], [[-88.64534464671233, 14.871848168702181], [-88.64882067315659, 14.875009158214743], [-88.64533852588157, 14.871834454301727], [-88.64534464671233, 14.871848168702181]], [[-88.64358901304439, 14.867914476671803], [-88.64515307990337, 14.871418942011275], [-88.64363465755173, 14.867876265188594], [-88.64358901304439, 14.867914476671803]], [[-88.64529184128577, 14.866488947149264], [-88.64448591584903, 14.8671636308755], [-88.64533624331195, 14.86650786179891], [-88.64529184128577, 14.866488947149264]], [[-88.65429406677438, 14.867363422701159], [-88.65005433410096, 14.86851770328496], [-88.65414495805577, 14.867653368470382], [-88.65429406677438, 14.867363422701159]], [[-88.65776369869171, 14.860437164874783], [-88.65612179587062, 14.863809356086954], [-88.65781652510192, 14.860513911158325], [-88.65776369869171, 14.860437164874783]], [[-88.65747181885972, 14.854039482597905], [-88.65721076291189, 14.854299693144734], [-88.66779045437328, 14.855097368565922], [-88.65747181885972, 14.854039482597905]], [[-88.67435589571556, 14.853120571912946], [-88.66825724854233, 14.855132563376353], [-88.6683167889487, 14.855137052535502], [-88.67435589571556, 14.853120571912946]], [[-88.67884195140492, 14.852229220992616], [-88.67668831242301, 14.854569975936851], [-88.67889104005258, 14.852257449293843], [-88.67884195140492, 14.852229220992616]], [[-88.70124851754147, 14.85284278975961], [-88.6889365628911, 14.857931127409543], [-88.68903545071538, 14.857987381346073], [-88.70124851754147, 14.85284278975961]], [[-88.66484156025815, 14.76816162930018], [-88.66585365119212, 14.76342965432841], [-88.66580627664868, 14.763152330967912], [-88.66484156025815, 14.76816162930018]], [[-88.66444439710445, 14.755180095578462], [-88.65928611156558, 14.751418901378804], [-88.66445495863925, 14.75524192119437], [-88.66444439710445, 14.755180095578462]], [[-88.66422729949561, 14.743257037549599], [-88.65955349385604, 14.750977238791592], [-88.66445848683516, 14.743364888882764], [-88.66422729949561, 14.743257037549599]], [[-88.66138396379277, 14.742850352175937], [-88.66382934451512, 14.743071387352357], [-88.65854435381853, 14.740605883430236], [-88.66138396379277, 14.742850352175937]], [[-88.6589392551306, 14.737774896068629], [-88.65836260911327, 14.740462229789644], [-88.65842397713506, 14.740510735960607], [-88.6589392551306, 14.737774896068629]], [[-88.54897192976892, 14.745066676346493], [-88.55353815510082, 14.73829724829166], [-88.54897267210931, 14.745065338220034], [-88.54897192976892, 14.745066676346493]], [[-88.51461321189511, 14.808516667640278], [-88.51422461909004, 14.802868008547373], [-88.51420019449527, 14.802893556525802], [-88.51461321189511, 14.808516667640278]], [[-88.51621542618949, 14.810714572040506], [-88.51469724760217, 14.80966078921638], [-88.5146991158511, 14.809686224879115], [-88.51621542618949, 14.810714572040506]], [[-88.40669445114281, 14.582692350188328], [-88.40539240090195, 14.586987854625736], [-88.40672419717683, 14.58430680939362], [-88.40669445114281, 14.582692350188328]], [[-88.39817890798263, 14.594771025962238], [-88.3963332279482, 14.593826516629797], [-88.39522759921408, 14.595034134038679], [-88.39817890798263, 14.594771025962238]], [[-88.39409642614619, 14.596269652117291], [-88.3934520080937, 14.59697351448515], [-88.38772131614675, 14.609443414068055], [-88.39409642614619, 14.596269652117291]], [[-88.38101545881275, 14.612792723260263], [-88.3848244506533, 14.609186951403375], [-88.38088487244067, 14.612820207451021], [-88.38101545881275, 14.612792723260263]], [[-88.37602201151527, 14.613843681762939], [-88.38068776637564, 14.612861691877038], [-88.37127111942986, 14.61383789156518], [-88.37602201151527, 14.613843681762939]], [[-88.36560651224292, 14.61388749558362], [-88.36557865193419, 14.613883604626459], [-88.36001978814772, 14.618534067304925], [-88.36560651224292, 14.61388749558362]], [[-88.75353653420447, 14.642476057013376], [-88.73355678380189, 14.611438299055239], [-88.7535051156579, 14.642456186070294], [-88.75353653420447, 14.642476057013376]], [[-88.6780201132807, 14.655395381612907], [-88.67795696408055, 14.655416778442882], [-88.67801415382634, 14.655401760759084], [-88.6780201132807, 14.655395381612907]], [[-88.67057678688091, 14.657354768654965], [-88.66867008009014, 14.657141062775136], [-88.66675355584418, 14.658358726165373], [-88.67057678688091, 14.657354768654965]], [[-88.66283098548209, 14.659388769586055], [-88.6618024004083, 14.659464638316349], [-88.66205916186016, 14.659591445834103], [-88.66283098548209, 14.659388769586055]], [[-88.64803870675387, 14.655300910429501], [-88.63981182142287, 14.656535177914611], [-88.63978490591516, 14.656561764836704], [-88.64803870675387, 14.655300910429501]], [[-88.63599382280931, 14.660306566245918], [-88.6346314429341, 14.661652314132255], [-88.63463117611454, 14.661658746839928], [-88.63599382280931, 14.660306566245918]], [[-88.619769134054, 14.6889428729904], [-88.61969840222918, 14.68889678764079], [-88.61826431604568, 14.688933478647131], [-88.619769134054, 14.6889428729904]], [[-88.61687292388332, 14.688969077329581], [-88.61684548012522, 14.688969779476436], [-88.6165648252565, 14.689210414701273], [-88.61687292388332, 14.688969077329581]], [[-88.5959951440347, 14.707383059207752], [-88.6027006997432, 14.70109760189095], [-88.5943765559629, 14.708234774388064], [-88.5959951440347, 14.707383059207752]], [[-88.59277458714598, 14.705978263335307], [-88.5873531368865, 14.704672101524393], [-88.58713048148095, 14.704875124457502], [-88.59277458714598, 14.705978263335307]], [[-88.58474744195969, 14.70704804126646], [-88.58232527887051, 14.709256631952256], [-88.58276786621944, 14.709179757175043], [-88.58474744195969, 14.70704804126646]], [[-88.57962092852713, 14.709726361443288], [-88.57616613411653, 14.709971552999672], [-88.57587424332169, 14.710377138269939], [-88.57962092852713, 14.709726361443288]], [[-88.57528036947748, 14.711202332102244], [-88.56992107516413, 14.718649126831508], [-88.57472222485889, 14.71322280724131], [-88.57528036947748, 14.711202332102244]], [[-88.52264341029603, 14.628610110582702], [-88.51979531300144, 14.620978319998374], [-88.51977988515458, 14.621019289646673], [-88.52264341029603, 14.628610110582702]], [[-88.52104448634584, 14.579382869031596], [-88.52161349180781, 14.574397805161912], [-88.52160231228808, 14.574411284223547], [-88.52104448634584, 14.579382869031596]], [[-88.52182327284068, 14.57414487377137], [-88.52476113748187, 14.570811333657636], [-88.5245135651255, 14.570901208892469], [-88.52182327284068, 14.57414487377137]], [[-88.52243876265238, 14.571654416408201], [-88.52073693594869, 14.572272223973162], [-88.52082789714592, 14.572331748161353], [-88.52243876265238, 14.571654416408201]], [[-88.52046152168975, 14.572091995362731], [-88.51584789441867, 14.568377964297824], [-88.51418941148268, 14.567987582935293], [-88.52046152168975, 14.572091995362731]], [[-88.5124424829049, 14.566844408608356], [-88.51220587921544, 14.56614920739747], [-88.51212759133732, 14.566638346402714], [-88.5124424829049, 14.566844408608356]], [[-88.53358289628481, 14.541369744908542], [-88.53359873653211, 14.541366196818991], [-88.53583079432721, 14.536091005089585], [-88.53358289628481, 14.541369744908542]], [[-88.52910849453802, 14.54260110808009], [-88.52953170485532, 14.54518909289383], [-88.5294005542374, 14.542521710325726], [-88.52910849453802, 14.54260110808009]], [[-88.51326333274957, 14.559542287116273], [-88.51315481776527, 14.560220283668862], [-88.51337196544165, 14.559468116421879], [-88.51326333274957, 14.559542287116273]], [[-88.39326889702139, 14.592258374208523], [-88.38999354649701, 14.592170553063392], [-88.39582907966688, 14.593568523506521], [-88.39326889702139, 14.592258374208523]], [[-88.84266828687424, 14.60370719743451], [-88.84284925623157, 14.60384015631435], [-88.86736158205939, 14.598545900556113], [-88.84266828687424, 14.60370719743451]], [[-88.79428743847608, 14.699012494796307], [-88.79568107248333, 14.690315420055434], [-88.79566526518855, 14.690284874901092], [-88.79428743847608, 14.699012494796307]], [[-88.79198122282048, 14.716229306525008], [-88.79217851398845, 14.716209340528168], [-88.79219469784033, 14.716183327975797], [-88.79198122282048, 14.716229306525008]], [[-88.77851134900469, 14.715474710899247], [-88.7793387743839, 14.716134331903756], [-88.77941939257242, 14.716150271128647], [-88.77851134900469, 14.715474710899247]], [[-88.77397006353067, 14.712096115460003], [-88.76737639699681, 14.713601571904809], [-88.7740945816911, 14.712188753654926], [-88.77397006353067, 14.712096115460003]], [[-88.7441864614891, 14.708284543658731], [-88.75723796797311, 14.71519928615158], [-88.75724822414911, 14.715193453283243], [-88.7441864614891, 14.708284543658731]], [[-88.73415493192226, 14.707293347861988], [-88.73294028907912, 14.707142205783134], [-88.73416448517422, 14.7073256571242], [-88.73415493192226, 14.707293347861988]], [[-88.73011235971306, 14.706790317056617], [-88.72571223714044, 14.70875270922397], [-88.73040402975748, 14.706826610537538], [-88.73011235971306, 14.706790317056617]], [[-88.72049504639101, 14.708661577851611], [-88.71639956600588, 14.711006783900785], [-88.7205438989126, 14.708662431183903], [-88.72049504639101, 14.708661577851611]], [[-88.70818312554775, 14.71096806952674], [-88.70746032198937, 14.711523899043947], [-88.70819842115745, 14.710973920574105], [-88.70818312554775, 14.71096806952674]], [[-88.70487894756741, 14.713447353799177], [-88.69940899007203, 14.71153645134988], [-88.69521826826595, 14.711524649689942], [-88.70487894756741, 14.713447353799177]], [[-88.69071029979388, 14.71151195461893], [-88.69015715212583, 14.712187962498932], [-88.69174099097496, 14.711514857189748], [-88.69071029979388, 14.71151195461893]], [[-88.68206559416454, 14.72207674493332], [-88.68629298915941, 14.717952126201595], [-88.68730949131785, 14.71566812025247], [-88.68206559416454, 14.72207674493332]], [[-88.67388543895619, 14.718665746197127], [-88.68122292798323, 14.72289892424712], [-88.68130440202653, 14.7228194309976], [-88.67388543895619, 14.718665746197127]], [[-88.66686746779078, 14.717151619774647], [-88.66686036419588, 14.71714906629451], [-88.6684906609984, 14.721024083177618], [-88.66686746779078, 14.717151619774647]], [[-88.66522513800324, 14.716561262842426], [-88.66521610020583, 14.716575149887555], [-88.66611585276873, 14.716881441919995], [-88.66522513800324, 14.716561262842426]], [[-88.6621607812565, 14.721269806138668], [-88.66318318202812, 14.720828393439081], [-88.66499178255445, 14.716919825609374], [-88.6621607812565, 14.721269806138668]], [[-88.65894856208493, 14.72086122059395], [-88.66098254329499, 14.721778500198557], [-88.6614200466799, 14.721589611892162], [-88.65894856208493, 14.72086122059395]], [[-88.65445983424357, 14.71622705185406], [-88.65711715798896, 14.716487221546421], [-88.65779119366765, 14.72033927356763], [-88.65753435330882, 14.715933398005555], [-88.65445983424357, 14.71622705185406]], [[-88.6534398182866, 14.71779578603106], [-88.65353127828627, 14.718102945615904], [-88.65417496881014, 14.716665160825029], [-88.6534398182866, 14.71779578603106]], [[-88.6530027221554, 14.728394307107287], [-88.65441321163578, 14.724117834229798], [-88.65425013895884, 14.723408664880862], [-88.6530027221554, 14.728394307107287]], [[-88.65295212588421, 14.728596528935217], [-88.65415441000539, 14.729959878860175], [-88.65295578244769, 14.728581914479784], [-88.65295212588421, 14.728596528935217]], [[-88.65502631183348, 14.730948586330362], [-88.65532055853649, 14.730961701358973], [-88.65501733535406, 14.730938407303352], [-88.65502631183348, 14.730948586330362]], [[-88.65742064761548, 14.732718315596745], [-88.65791059323622, 14.731160671674747], [-88.6578437762859, 14.731155538697298], [-88.65742064761548, 14.732718315596745]], [[-88.65699144956733, 14.734303509042219], [-88.65822854945569, 14.736459344475564], [-88.65701563563418, 14.734214180596272], [-88.65699144956733, 14.734303509042219]], [[-88.66793735822097, 14.69857616924601], [-88.66767925847873, 14.691525715625394], [-88.66763389057365, 14.69154553309655], [-88.66793735822097, 14.69857616924601]], [[-88.67180810893177, 14.709527512142213], [-88.67184453011545, 14.709525984093982], [-88.66793735822097, 14.69857616924601], [-88.67180810893177, 14.709527512142213]], [[-88.6678750824756, 14.71238578447407], [-88.66792342179109, 14.712305371487934], [-88.66578745586379, 14.713227027964859], [-88.6678750824756, 14.71238578447407]], [[-88.66521176572664, 14.713459011777411], [-88.66525180026355, 14.713442879202079], [-88.66488787321191, 14.712764175488678], [-88.66521176572664, 14.713459011777411]], [[-88.66415743638045, 14.71284936924498], [-88.66449795689053, 14.712037003232451], [-88.66447636020898, 14.711996726622344], [-88.66415743638045, 14.71284936924498]], [[-88.66373026174983, 14.713868462489126], [-88.66373784956544, 14.71385036054423], [-88.6636511877877, 14.71389481578895], [-88.66373026174983, 14.713868462489126]], [[-88.89352388202958, 14.752359527402094], [-88.8940152411287, 14.755817861314716], [-88.89469713132662, 14.755838009359787], [-88.89352388202958, 14.752359527402094]], [[-88.89171176294147, 14.751257090283431], [-88.89127396305915, 14.750990746396887], [-88.89109547689182, 14.75122687118199], [-88.89171176294147, 14.751257090283431]], [[-88.88884856375167, 14.754199380986528], [-88.8885652766613, 14.754574150103565], [-88.88865750419956, 14.754528728100572], [-88.88884856375167, 14.754199380986528]], [[-88.88478587724018, 14.75643550187619], [-88.87139465116245, 14.75774407378687], [-88.88477178459533, 14.75644244249467], [-88.88478587724018, 14.75643550187619]], [[-88.85986864161258, 14.75713069949311], [-88.85976122252413, 14.757065292744308], [-88.85977953201355, 14.757205242553724], [-88.85986864161258, 14.75713069949311]], [[-88.8539608491499, 14.754469454744834], [-88.85449118947027, 14.750086787782376], [-88.85394006881447, 14.754472059073244], [-88.8539608491499, 14.754469454744834]], [[-88.82525535016299, 14.728522233441462], [-88.82102672059462, 14.730331861974078], [-88.82106417063535, 14.73037290662897], [-88.82525535016299, 14.728522233441462]], [[-88.81781176538894, 14.726808321696636], [-88.80907666366049, 14.726323185425047], [-88.8111458023701, 14.727323740761404], [-88.81781176538894, 14.726808321696636]], [[-88.8017224271202, 14.72558089580683], [-88.79414424505605, 14.720903851552015], [-88.80084120091544, 14.7255536797878], [-88.8017224271202, 14.72558089580683]], [[-88.78717517394482, 14.720649941490057], [-88.7873942417681, 14.720893911204927], [-88.79414424505605, 14.720903851552015], [-88.78717517394482, 14.720649941490057]], [[-88.78770389378973, 14.911192489043081], [-88.78770389378973, 14.91119248904308], [-88.78074284381667, 14.925307866036663], [-88.78770389378973, 14.911192489043081]], [[-88.63943863820919, 14.900377520380081], [-88.63945928312995, 14.900441985290804], [-88.63992564255595, 14.899435313673186], [-88.63943863820919, 14.900377520380081]], [[-88.67984757667016, 14.78297340693], [-88.6798222134573, 14.782893629076973], [-88.6798076399364, 14.782888078083436], [-88.67984757667016, 14.78297340693]], [[-88.66769523202588, 14.778259196994565], [-88.66771339824002, 14.778265248559686], [-88.66972958928588, 14.772803554043634], [-88.66769523202588, 14.778259196994565]], [[-88.65255453579834, 14.849718539748542], [-88.65266135245386, 14.849932013394795], [-88.65256895096103, 14.849677295888895], [-88.65255453579834, 14.849718539748542]], [[-88.65417439173594, 14.845083898265283], [-88.65387436533494, 14.845942317073918], [-88.65419461676234, 14.845074057014411], [-88.65417439173594, 14.845083898265283]], [[-88.66241482295975, 14.841074205060597], [-88.66199599418906, 14.841278002025845], [-88.66241250709696, 14.841079340127118], [-88.66241482295975, 14.841074205060597]], [[-88.66962853047812, 14.8363161668125], [-88.66352687489884, 14.838608402367305], [-88.66946968196183, 14.836616504702471], [-88.66962853047812, 14.8363161668125]], [[-88.67892833560845, 14.81703845674037], [-88.67112507655577, 14.833486618877714], [-88.67810490168226, 14.820289731680713], [-88.67892833560845, 14.81703845674037]], [[-88.67656486126153, 14.807212738867593], [-88.6793429088826, 14.81540154131298], [-88.67953846979012, 14.814629381874713], [-88.67656486126153, 14.807212738867593]], [[-88.67961206599321, 14.798256132987408], [-88.68025906075442, 14.799885713367605], [-88.68026667130309, 14.799870618707926], [-88.67961206599321, 14.798256132987408]], [[-88.6811165583958, 14.786964882227638], [-88.68087908240344, 14.786217921465202], [-88.67843126372182, 14.795282056024648], [-88.6811165583958, 14.786964882227638]], [[-88.8064659151255, 15.014525408078692], [-88.8132270301443, 15.01790919468012], [-88.8198107192195, 15.020450095197006], [-88.81969717461519, 15.020331480783412], [-88.8064659151255, 15.014525408078692]], [[-88.74992926205307, 15.014273705885822], [-88.73867977649809, 15.023833664169063], [-88.74999193586447, 15.014303928143567], [-88.74992926205307, 15.014273705885822]], [[-88.80809620988359, 14.975783986929072], [-88.81342684375205, 14.976823906548496], [-88.79088657257195, 14.969313427294145], [-88.80809620988359, 14.975783986929072]], [[-88.70341146658481, 15.145396070916462], [-88.70429813905115, 15.146320195816987], [-88.70422721195301, 15.13069236250663], [-88.70341146658481, 15.145396070916462]], [[-88.72068775723943, 15.110259994489194], [-88.72130236194302, 15.111777396827378], [-88.72133232983123, 15.111789253426961], [-88.72068775723943, 15.110259994489194]], [[-88.71930785839749, 15.10685315149406], [-88.71932541652518, 15.106896500892235], [-88.72122683646607, 15.107121454571972], [-88.71930785839749, 15.10685315149406]], [[-88.72429560792122, 15.10631925077326], [-88.72395334987544, 15.107444023622131], [-88.72402218915116, 15.107452167876879], [-88.72429560792122, 15.10631925077326]], [[-88.72219621931588, 15.105791855475223], [-88.72225881138002, 15.105807579462786], [-88.7227107373079, 15.105284215098312], [-88.72219621931588, 15.105791855475223]], [[-88.72340898898769, 15.104595297020825], [-88.72336644919993, 15.104637268174848], [-88.72671605669258, 15.106427316635896], [-88.72340898898769, 15.104595297020825]], [[-88.73300094356446, 15.101917832726423], [-88.72950447030966, 15.100784623496622], [-88.73296523151967, 15.101963540868603], [-88.73300094356446, 15.101917832726423]], [[-88.73585642094712, 15.098263083552904], [-88.73177100073028, 15.096130148374126], [-88.73215227333603, 15.09703183728283], [-88.73585642094712, 15.098263083552904]], [[-88.73132568533593, 15.095077001764853], [-88.73155443243705, 15.095617976177552], [-88.73320495443048, 15.095355210090432], [-88.73132568533593, 15.095077001764853]], [[-88.73326994503705, 15.09531702032839], [-88.73323514822128, 15.095350403184314], [-88.73324965288214, 15.09534809401607], [-88.73326994503705, 15.09531702032839]], [[-88.73545126148164, 15.093224341127511], [-88.73525361250645, 15.093413958686432], [-88.7355922275757, 15.093409575913798], [-88.73545126148164, 15.093224341127511]], [[-88.7399087868257, 15.096056207469765], [-88.737837236348, 15.096302638425149], [-88.73784285940975, 15.096311535088146], [-88.7399087868257, 15.096056207469765]], [[-88.7536191176146, 15.092639263148495], [-88.75086510687441, 15.094702117736182], [-88.75092530760186, 15.094694677538502], [-88.7536191176146, 15.092639263148495]], [[-88.82037084108254, 15.06184557119685], [-88.81803009197213, 15.062054127846924], [-88.82036544859669, 15.061877102363095], [-88.82037084108254, 15.06184557119685]], [[-88.8222595402327, 15.06592880135446], [-88.82217160205653, 15.065895576589272], [-88.82218685065726, 15.065935051595298], [-88.8222595402327, 15.06592880135446]], [[-88.81200665435324, 15.072081752201623], [-88.81155944855725, 15.06881179245167], [-88.81152831576524, 15.068827630169107], [-88.81200665435324, 15.072081752201623]], [[-88.8021580073403, 15.07926698404502], [-88.8045117824463, 15.07478874731677], [-88.80439546316222, 15.07478023312756], [-88.8021580073403, 15.07926698404502]], [[-88.79197549329606, 15.086002751042745], [-88.7936143310888, 15.085545695254567], [-88.79195741619749, 15.085950808659755], [-88.79197549329606, 15.086002751042745]], [[-88.79300610635532, 15.088752001957072], [-88.79242109951548, 15.08728314727586], [-88.79293614161888, 15.088763059225808], [-88.79300610635532, 15.088752001957072]], [[-88.7906988773966, 15.08911663779985], [-88.79211014339364, 15.088893600478706], [-88.79063405898472, 15.089013646888812], [-88.7906988773966, 15.08911663779985]], [[-88.7956025686435, 15.096866165042105], [-88.79433786165362, 15.094898672457251], [-88.79560548391103, 15.096912815775031], [-88.7956025686435, 15.096866165042105]], [[-88.70686260139465, 15.148992979283333], [-88.70726247406397, 15.167844783906014], [-88.71171505045291, 15.180689651081199], [-88.7077253841445, 15.169179978773302], [-88.70686260139465, 15.148992979283333]], [[-88.71243623379206, 15.187661952437812], [-88.71225118818246, 15.187891765148866], [-88.71244201243638, 15.187679241335205], [-88.71243623379206, 15.187661952437812]], [[-88.7025457203024, 15.199945225321786], [-88.70163031944192, 15.201082084250213], [-88.70219935419192, 15.201071651227752], [-88.7025457203024, 15.199945225321786]]]}}, {"type": "Feature", "properties": {"code": "R-04", "name": "Valle de Lean", "level": "subregion", "municipios": ["010100", "010200", "010300", "010400", "010500", "010600", "010800", "020200"], "source": "SINIT/SEPLAN 2016 (Marco Contextual CNI), clasificado a nivel municipio"}, "geometry": {"type": "Polygon", "coordinates": [[[-87.09279633333868, 15.78653641496653], [-87.09149609886357, 15.784494691563028], [-87.09097087839757, 15.786254664074015], [-87.04686940814484, 15.775735166056602], [-87.0188345536294, 15.776988133397653], [-87.00335195257519, 15.770839022745793], [-86.99926368235727, 15.763178222944036], [-87.00323525332297, 15.770839024511378], [-86.96563416437692, 15.762164084818632], [-86.91181082821413, 15.755457730665599], [-86.89714118506143, 15.757366784654835], [-86.89039989528533, 15.761133449918939], [-86.82991327403002, 15.76866953053681], [-86.81411228683145, 15.778301815694386], [-86.80481124702989, 15.781073659766106], [-86.77883196611461, 15.799435080842418], [-86.70532113503016, 15.787655050694664], [-86.66669817549813, 15.788784722040706], [-86.63688544337867, 15.797360476895003], [-86.59895999965254, 15.797997844470858], [-86.5221660994747, 15.807369999610927], [-86.50215890449465, 15.816468237642928], [-86.47978938663896, 15.810176858496778], [-86.42656072495005, 15.78132313606489], [-86.4132687734583, 15.777567633751866], [-86.4070426798804, 15.778042320929721], [-86.39569989749937, 15.786002673423477], [-86.3713081514116, 15.780394167745623], [-86.35820160398339, 15.781700628440424], [-86.35118450819213, 15.787180737214362], [-86.34662466726664, 15.794541581246172], [-86.33786309692265, 15.796810129451792], [-86.33145087996598, 15.802047319184457], [-86.30979043572192, 15.804815926636696], [-86.28371284618916, 15.814939962405148], [-86.27604826773752, 15.823560167589285], [-86.26131978942769, 15.832045391597928], [-86.25391266949339, 15.844185550114034], [-86.244313533851, 15.847043938171907], [-86.24162563195519, 15.85315909091902], [-86.22214933386347, 15.871343794092523], [-86.21812940391276, 15.871111230419338], [-86.2084154377967, 15.877371029738478], [-86.20524958176594, 15.87457628806976], [-86.20741493408052, 15.869593119101374], [-86.2037103277547, 15.864888980592264], [-86.2052344763466, 15.8602582787688], [-86.20276642158483, 15.853455771840393], [-86.19584239307065, 15.850586035678093], [-86.18977279771524, 15.842077300312544], [-86.19092946069858, 15.834342401231531], [-86.19833697913276, 15.831816144988476], [-86.20088820277321, 15.826867204078589], [-86.19722603884598, 15.81976643755042], [-86.19859779521663, 15.815536333843461], [-86.1907582727545, 15.805482074102319], [-86.16241552545463, 15.749715361501414], [-86.20871358717817, 15.732615305585048], [-86.25339341325262, 15.72810247217092], [-86.28157686318227, 15.70562849956531], [-86.36344621799589, 15.661170415035706], [-86.36476285907465, 15.662932524343658], [-86.36230670416877, 15.658920596384295], [-86.3647867993407, 15.616015822784725], [-86.36337535515086, 15.605599565239576], [-86.38213281582466, 15.59606129891528], [-86.40753505804122, 15.59334677556426], [-86.40112215316914, 15.573709509855696], [-86.44084446102505, 15.587686529687883], [-86.45248516278718, 15.589148721255453], [-86.4636926388668, 15.595879832206295], [-86.47201051923324, 15.597745348986354], [-86.48056683167447, 15.597364561442753], [-86.48510477301704, 15.591767868206185], [-86.50181413629119, 15.590959936873727], [-86.51071739824619, 15.584998486517998], [-86.51757792380968, 15.586864682145546], [-86.51829466633824, 15.582740381680065], [-86.52283678433109, 15.581572747480747], [-86.528532546432, 15.58421920836479], [-86.53380308072222, 15.590919311728637], [-86.53886330148177, 15.592223914539039], [-86.55650979723225, 15.591795740476234], [-86.57117505506338, 15.586522521188142], [-86.57725210427927, 15.586692493632604], [-86.59954339157895, 15.594280849673176], [-86.64202147747693, 15.60415641288476], [-86.69600641545318, 15.582954798922293], [-86.73227139350357, 15.558083381744563], [-86.74999029688054, 15.554105923736575], [-86.76423353312201, 15.549039570276273], [-86.76518206927535, 15.5452491101459], [-86.77573140195925, 15.543182975839802], [-86.77951534752651, 15.545580334927681], [-86.80218005890457, 15.548377350728588], [-86.80930101670319, 15.555901049262333], [-86.81826637556475, 15.553642769585352], [-86.82863520281617, 15.543505037860857], [-86.83613119072386, 15.545113211908589], [-86.83927210001333, 15.54939860539482], [-86.84873868726861, 15.547947478159221], [-86.85045158378425, 15.56511938734969], [-86.85837790377484, 15.566638967937449], [-86.87548508844557, 15.557537293975484], [-86.88241378497291, 15.559897361439864], [-86.89794899427044, 15.555148502409592], [-86.90709493617972, 15.560725081687375], [-86.92682404256166, 15.546333875693861], [-86.94398784392764, 15.549889690257695], [-86.97255863774107, 15.547402083496939], [-86.98088928514986, 15.550363836768286], [-86.96661544303286, 15.566029666167074], [-86.98113320229311, 15.55050625143799], [-86.98394775595435, 15.55628017892607], [-86.99223844646046, 15.550667396185178], [-87.0060112991732, 15.532585764445201], [-87.02643467404884, 15.518809393613177], [-87.02837232065306, 15.513667162803662], [-87.04394352454746, 15.510022274254583], [-87.04235999772315, 15.503541411791513], [-87.04967849237222, 15.499068045839898], [-87.04894160038968, 15.487816834129978], [-87.0734720011138, 15.473501714586272], [-87.09125084138516, 15.473163987117516], [-87.10810140476312, 15.455922199386919], [-87.13093224631197, 15.45562171255737], [-87.15135528533337, 15.459621730639936], [-87.16926846067386, 15.440897539324117], [-87.17218408967149, 15.429094661884271], [-87.1768002884183, 15.42176677551224], [-87.18107985624965, 15.420569928483173], [-87.18823241024239, 15.422743969762491], [-87.19125566547514, 15.42783367155545], [-87.20141641314937, 15.423882865163115], [-87.21490482355443, 15.42435503582382], [-87.24568070355447, 15.437443679187496], [-87.25248387728674, 15.438012395451313], [-87.25881970041775, 15.434672416473653], [-87.26273664530557, 15.438991593172325], [-87.27444053866012, 15.439002292600339], [-87.27944038176028, 15.446860444311204], [-87.29186985640638, 15.449877634239577], [-87.31233502029379, 15.441540123786293], [-87.32255145719394, 15.453618693689837], [-87.33404960827299, 15.452729239023466], [-87.34440084469846, 15.458024858152637], [-87.3615217349366, 15.44446696479295], [-87.36967751119893, 15.443213807269752], [-87.37630119718258, 15.437514907050515], [-87.37997775940619, 15.437731270844779], [-87.37975265960367, 15.440163612058681], [-87.38493590687844, 15.440768325096096], [-87.38652144181798, 15.447117821331616], [-87.3918061855624, 15.44490034537957], [-87.39047453198276, 15.451800782378777], [-87.39426296348157, 15.452348954470986], [-87.39846171143732, 15.448245991761105], [-87.39865770340937, 15.452794258171798], [-87.40307392421589, 15.45153413947217], [-87.3993832049385, 15.455927824205508], [-87.40575597601652, 15.458779898501437], [-87.40642982848415, 15.455678826147617], [-87.41012191842451, 15.455172530234986], [-87.41009736922237, 15.460016134179986], [-87.41326009904886, 15.461358457151263], [-87.41500619321613, 15.45858083045867], [-87.41692709310823, 15.459188599131926], [-87.41886521742273, 15.466038928251239], [-87.42119493808904, 15.462770820640015], [-87.4229520359956, 15.463454564932286], [-87.42176183333954, 15.471553906300446], [-87.42548459927158, 15.479815614420604], [-87.43774136033224, 15.484872567332511], [-87.43118536286468, 15.490635309132783], [-87.43616966458366, 15.493659802943277], [-87.43590493410787, 15.496495699112291], [-87.44028913318063, 15.497819382344915], [-87.438117169376, 15.506573915111264], [-87.44035241615236, 15.510362018883312], [-87.43493461684123, 15.514263620693258], [-87.43786612469259, 15.517411880471819], [-87.43420583375526, 15.518563877772449], [-87.43699575211292, 15.522531727978475], [-87.4349212677705, 15.524167662430642], [-87.43446285137325, 15.53137733846269], [-87.44140415787747, 15.529356547986048], [-87.44848878912994, 15.53088255406833], [-87.46068269553841, 15.545647857383287], [-87.4552381790166, 15.551945765694077], [-87.45088036984595, 15.549926233644596], [-87.4435681190904, 15.556875210369821], [-87.43255763069973, 15.561110013442438], [-87.43286589950328, 15.563997885753126], [-87.42486911722227, 15.570257121897532], [-87.41790296512247, 15.58165596488958], [-87.41465361386362, 15.584426279680589], [-87.41034362967234, 15.582432992622884], [-87.40024453079835, 15.595968439483173], [-87.40903833055629, 15.616686847259084], [-87.38678093569872, 15.668675495809806], [-87.3970704868031, 15.711581528743563], [-87.40166446912033, 15.707143280127903], [-87.40501224747173, 15.698668396656402], [-87.41338314296767, 15.694140384589693], [-87.42367587130208, 15.731562997962742], [-87.41280190611874, 15.74147186703265], [-87.40450222022747, 15.74536578251161], [-87.3966408912272, 15.75990037112096], [-87.39681032671687, 15.763623609037396], [-87.39305342116111, 15.767435331845599], [-87.38112467204476, 15.7711439292818], [-87.38058745468292, 15.77968359764717], [-87.36718536048518, 15.788649927148095], [-87.37426540578143, 15.819268067372757], [-87.38081353166899, 15.823684234317644], [-87.38282208572193, 15.830175122949287], [-87.37819478318988, 15.835010827385668], [-87.37453474305693, 15.847934826658326], [-87.3330630688146, 15.834355934644403], [-87.30026993396915, 15.827492350420652], [-87.25002772394164, 15.811015251238018], [-87.21907489394808, 15.802777684226815], [-87.14989417934396, 15.79055814774238], [-87.12730881963105, 15.78168787344237], [-87.14553387893044, 15.789375654403178], [-87.09279633333868, 15.78653641496653]], [[-87.22087011539517, 15.43124624015123], [-87.22091127104285, 15.431321671891654], [-87.22212234395462, 15.427470426241351], [-87.22087011539517, 15.43124624015123]], [[-87.12796313153441, 15.771920138524353], [-87.12795130248244, 15.771940561407554], [-87.12730881963105, 15.78168787344237], [-87.12796313153441, 15.771920138524353]], [[-87.02061093873091, 15.746692719566612], [-87.01644020195452, 15.738620880546543], [-87.02051633928859, 15.74681418950702], [-87.02061093873091, 15.746692719566612]], [[-87.01393649950717, 15.734254408355964], [-87.01366303603227, 15.736543980189621], [-87.01367642766668, 15.736553995108096], [-87.01393649950717, 15.734254408355964]], [[-87.0048685476856, 15.700618882318388], [-87.00486915228791, 15.700595587290865], [-87.00333130433353, 15.703414745087354], [-87.0048685476856, 15.700618882318388]], [[-87.00494926538464, 15.69750886933588], [-87.00438417959954, 15.696731755842201], [-87.00486933266778, 15.700588637343666], [-87.00494926538464, 15.69750886933588]], [[-87.00410252868727, 15.6930755502479], [-87.00392114066885, 15.693050677841883], [-87.00397065636493, 15.693444318910581], [-87.00410252868727, 15.6930755502479]], [[-87.00117708432974, 15.692674405561107], [-86.99851263986092, 15.694267801523253], [-87.00337048557108, 15.692975170554877], [-87.00117708432974, 15.692674405561107]], [[-86.95593202810277, 15.697805577336958], [-86.9567028380511, 15.699009920215428], [-86.95677898064734, 15.699026639890167], [-86.95593202810277, 15.697805577336958]], [[-86.95681023551973, 15.684799061998767], [-86.95505208711786, 15.696430723962385], [-86.95509719652341, 15.696501204619043], [-86.95681023551973, 15.684799061998767]], [[-86.96678906648823, 15.600405330642829], [-86.96677044893468, 15.600376515703342], [-86.95989679972386, 15.608578180384013], [-86.96678906648823, 15.600405330642829]], [[-86.95466548643478, 15.590650831778529], [-86.9546595012713, 15.590671870314761], [-86.96063944753732, 15.5955980024714], [-86.95466548643478, 15.590650831778529]], [[-86.95431025346, 15.577111838479892], [-86.95360568682852, 15.584464018451966], [-86.95452506421805, 15.586089569048232], [-86.95431025346, 15.577111838479892]], [[-86.95953467464017, 15.57203409393604], [-86.95447638048678, 15.576387362365747], [-86.95443656379679, 15.57656100202811], [-86.95953467464017, 15.57203409393604]], [[-86.96431506851339, 15.57150600487062], [-86.96456176932895, 15.570881372183553], [-86.95970442689612, 15.571995169441857], [-86.96431506851339, 15.57150600487062]], [[-86.96637278039812, 15.566295993299327], [-86.96633519740496, 15.566337241391775], [-86.96627567597143, 15.566541856284553], [-86.96637278039812, 15.566295993299327]], [[-87.08982844172425, 15.782367745316668], [-87.09136159626233, 15.784283485727434], [-87.09033643826676, 15.782673707559024], [-87.08982844172425, 15.782367745316668]], [[-87.07918768738537, 15.776073410635624], [-87.08657756512275, 15.780409768418457], [-87.07950408065737, 15.776149465469183], [-87.07918768738537, 15.776073410635624]], [[-87.07164317873831, 15.77511591235455], [-87.07747100271482, 15.775660752787157], [-87.07118726967428, 15.774150264692684], [-87.07164317873831, 15.77511591235455]], [[-87.0707421642956, 15.773207500000916], [-87.07097454318898, 15.773699694942346], [-87.07184617768195, 15.772010503513387], [-87.0707421642956, 15.773207500000916]], [[-87.07278568413054, 15.770991869198916], [-87.07260031536929, 15.7711928502367], [-87.07903918677346, 15.769787287459346], [-87.07278568413054, 15.770991869198916]], [[-87.08202067909022, 15.681971765056696], [-87.08213979929373, 15.682014022655856], [-87.08195270406594, 15.680677617480853], [-87.08202067909022, 15.681971765056696]], [[-87.08192606452081, 15.68017043851161], [-87.08192747771372, 15.680197343690244], [-87.08232336559331, 15.67986126743027], [-87.08192606452081, 15.68017043851161]], [[-87.08418760393027, 15.678053553593104], [-87.08428999021535, 15.678191764821504], [-87.08430982498707, 15.678174926731122], [-87.08418760393027, 15.678053553593104]], [[-87.07654416176291, 15.66991794536881], [-87.07847505069317, 15.670342178972925], [-87.07655438401368, 15.669848523839745], [-87.07654416176291, 15.66991794536881]], [[-87.07435086559353, 15.659881230366267], [-87.07463418391022, 15.659895039370236], [-87.07435476021136, 15.659612387679573], [-87.07435086559353, 15.659881230366267]], [[-87.07236412798618, 15.653746616757328], [-87.07440377766147, 15.656228748116913], [-87.07239695687163, 15.653611800570674], [-87.07236412798618, 15.653746616757328]], [[-87.07294623283367, 15.650502118547207], [-87.07309753235873, 15.650680796392106], [-87.07310161051005, 15.650665742814486], [-87.07294623283367, 15.650502118547207]], [[-87.0736921127089, 15.645117910857921], [-87.07133217943444, 15.648595995029384], [-87.07140482433167, 15.648681785342848], [-87.0736921127089, 15.645117910857921]], [[-87.06935404417767, 15.642303130496279], [-87.07223335131353, 15.644139415881574], [-87.06938999232561, 15.64223217286399], [-87.06935404417767, 15.642303130496279]], [[-87.06848230548924, 15.632392246217112], [-87.07060635086857, 15.639831216843358], [-87.06848567081332, 15.632395865719666], [-87.06848230548924, 15.632392246217112]], [[-87.06316689348388, 15.621646275755923], [-87.06411001595075, 15.62765078758358], [-87.06414689598057, 15.627690551964829], [-87.06409763668967, 15.623478477289698], [-87.06316689348388, 15.621646275755923]], [[-87.06181553608991, 15.613042683178497], [-87.06234533977275, 15.61641574722023], [-87.06330785514044, 15.60463959965663], [-87.06181553608991, 15.613042683178497]], [[-87.06331722041249, 15.60458686484552], [-87.06331398759879, 15.604605068461929], [-87.06801241198706, 15.5977031650154], [-87.06331722041249, 15.60458686484552]], [[-87.06610200762223, 15.583484826455997], [-87.06720453730156, 15.586030983567875], [-87.06721949305818, 15.58598653749071], [-87.06610200762223, 15.583484826455997]], [[-87.05613043470514, 15.575447942140327], [-87.05644166359245, 15.576140734960997], [-87.06332297402135, 15.57295875571552], [-87.05613043470514, 15.575447942140327]], [[-87.05508376146106, 15.573118056520252], [-87.05534455094943, 15.573698571673628], [-87.0552512712302, 15.572933766923155], [-87.05508376146106, 15.573118056520252]], [[-87.05822425035556, 15.569662977834145], [-87.05814628151158, 15.569748756991501], [-87.05822279190757, 15.569681737692171], [-87.05822425035556, 15.569662977834145]], [[-87.0585267742662, 15.56550706197718], [-87.05838862886073, 15.567548594999296], [-87.05854997882838, 15.565473167912826], [-87.0585267742662, 15.56550706197718]], [[-87.06123704624035, 15.561548265773185], [-87.05933502008749, 15.564326486551636], [-87.06127319601941, 15.561572429347185], [-87.06123704624035, 15.561548265773185]], [[-87.05508952362572, 15.557556540204885], [-87.05949218379328, 15.560381948469304], [-87.05501728320404, 15.557390793493635], [-87.05508952362572, 15.557556540204885]], [[-87.05311760618103, 15.553032219558936], [-87.05321335230396, 15.553251897193961], [-87.05313537866974, 15.55304790941622], [-87.05311760618103, 15.553032219558936]], [[-87.05015218646999, 15.55066974366198], [-87.05293138496856, 15.552867820284556], [-87.05009667452563, 15.550365289376787], [-87.05015218646999, 15.55066974366198]], [[-87.04958226119099, 15.547543998465525], [-87.04968725107904, 15.54811981366501], [-87.04959753603838, 15.547527360423326], [-87.04958226119099, 15.547543998465525]], [[-87.05401208009107, 15.542718842971261], [-87.05042859866877, 15.546622130095045], [-87.05402129644189, 15.542761486703943], [-87.05401208009107, 15.542718842971261]], [[-87.0456915480391, 15.531362866970387], [-87.05249497162087, 15.535699235176422], [-87.05247433945901, 15.53560377088556], [-87.0456915480391, 15.531362866970387]], [[-87.04256972891129, 15.532169366046261], [-87.04259958748696, 15.532311639205588], [-87.0456915480391, 15.531362866970387], [-87.04256972891129, 15.532169366046261]], [[-87.27745059239214, 15.618779746266034], [-87.2774579422128, 15.618761061054826], [-87.27561106496272, 15.619057472771114], [-87.27745059239214, 15.618779746266034]], [[-87.27175619015766, 15.620065227299877], [-87.2723684285024, 15.61957789470953], [-87.27232332287792, 15.619585133867176], [-87.27175619015766, 15.620065227299877]], [[-87.27099519823257, 15.62727024080996], [-87.26718395498894, 15.623935750016743], [-87.26708265024162, 15.624021507269237], [-87.27099519823257, 15.62727024080996]], [[-87.27580067164509, 15.627170451241488], [-87.27189481734237, 15.628017227884026], [-87.2719423894613, 15.628056728776727], [-87.27580067164509, 15.627170451241488]], [[-87.30233842056069, 15.634948893344278], [-87.30226978592613, 15.634969547775011], [-87.30368018955876, 15.636560793800475], [-87.30233842056069, 15.634948893344278]], [[-87.30864102749727, 15.636910747520606], [-87.30736917033735, 15.635139663238904], [-87.30863019724742, 15.636932464808313], [-87.30864102749727, 15.636910747520606]], [[-87.31034730243479, 15.634887987782387], [-87.31023155154323, 15.635027668010538], [-87.3127728064098, 15.635039372012198], [-87.31034730243479, 15.634887987782387]], [[-87.31682921365605, 15.638550348974245], [-87.31362233845469, 15.635092394293604], [-87.31356414068927, 15.635088761966472], [-87.31682921365605, 15.638550348974245]], [[-87.32172278912549, 15.638960232898684], [-87.32141510272022, 15.638984641224726], [-87.32336248807206, 15.640693140519497], [-87.32172278912549, 15.638960232898684]], [[-87.32406235209645, 15.64143278830907], [-87.32390921119817, 15.641270942117586], [-87.32502876181493, 15.645334253943298], [-87.32406235209645, 15.64143278830907]], [[-87.32051404673935, 15.654041128405103], [-87.32558235016879, 15.647569129997148], [-87.32556381017149, 15.647494282692781], [-87.32051404673935, 15.654041128405103]], [[-87.31760255852755, 15.649104130904215], [-87.31856312847302, 15.650732965051994], [-87.31761985368601, 15.649091727594744], [-87.31760255852755, 15.649104130904215]], [[-87.31324763550292, 15.652348343023318], [-87.31679326881778, 15.649684517070956], [-87.31319248046755, 15.652266840462204], [-87.31324763550292, 15.652348343023318]], [[-87.29877634762619, 15.688426806577622], [-87.30221582665483, 15.688823336880866], [-87.29878537768167, 15.68841895946144], [-87.29877634762619, 15.688426806577622]], [[-87.29726866247779, 15.689867312779484], [-87.29857362757012, 15.688602970260645], [-87.29728362054817, 15.689723986071947], [-87.29726866247779, 15.689867312779484]], [[-87.29642320069502, 15.698046719692263], [-87.29664360273647, 15.695856571585026], [-87.29641664803397, 15.69803122843863], [-87.29642320069502, 15.698046719692263]], [[-87.30394850265853, 15.712312943859851], [-87.30318737614175, 15.709630071518996], [-87.30388197898533, 15.712318130331228], [-87.30394850265853, 15.712312943859851]], [[-87.29397325357483, 15.716377110812534], [-87.29766859490776, 15.716457666666223], [-87.2939913622651, 15.716355288856352], [-87.29397325357483, 15.716377110812534]], [[-87.29182646574586, 15.727933540935757], [-87.29206739553233, 15.72609345477099], [-87.29180929831712, 15.727928319628504], [-87.29182646574586, 15.727933540935757]], [[-87.27277257495085, 15.755880763717864], [-87.2789351011619, 15.752322691786045], [-87.27239781926869, 15.75596640093473], [-87.27277257495085, 15.755880763717864]], [[-87.28010577361565, 15.75422875321036], [-87.28008909679106, 15.754232778961818], [-87.2803299676304, 15.75598363582878], [-87.28010577361565, 15.75422875321036]], [[-87.28073065531723, 15.759120025789056], [-87.28072698597792, 15.759091303970708], [-87.27541680054466, 15.758060021358109], [-87.28073065531723, 15.759120025789056]], [[-87.28626228363001, 15.76649896737437], [-87.28111529655592, 15.76876016689524], [-87.28628766334307, 15.76658955889373], [-87.28626228363001, 15.76649896737437]], [[-87.287709259711, 15.771663870591631], [-87.28651081233146, 15.767386077193626], [-87.28726829681975, 15.771741162254095], [-87.287709259711, 15.771663870591631]], [[-87.2888543575155, 15.770349091772491], [-87.28798070898776, 15.771616291155144], [-87.28872346953408, 15.771486100613995], [-87.2888543575155, 15.770349091772491]], [[-87.28970358811294, 15.769117309820547], [-87.28954652252958, 15.769345128450071], [-87.28977075183967, 15.769435618512022], [-87.28970358811294, 15.769117309820547]], [[-87.29023874989791, 15.771653599210966], [-87.28986541627306, 15.769884261155848], [-87.28860519172218, 15.774087682148801], [-87.29023874989791, 15.771653599210966]], [[-87.30183291187639, 15.781174472266951], [-87.30178393201919, 15.78115633841232], [-87.30035099181481, 15.782090166489239], [-87.30183291187639, 15.781174472266951]], [[-87.30139271273413, 15.783988951718605], [-87.29974035593743, 15.782488109770702], [-87.29972103729763, 15.782500699471377], [-87.30139271273413, 15.783988951718605]], [[-87.30458207149297, 15.794385634290478], [-87.29960109606556, 15.790804216155573], [-87.29960254147089, 15.790814770986108], [-87.30458207149297, 15.794385634290478]], [[-87.30950548274912, 15.791631497502276], [-87.30967055594287, 15.7938778370656], [-87.30969357967292, 15.79387553944902], [-87.30950548274912, 15.791631497502276]], [[-87.31107669602719, 15.79144166248622], [-87.31104746057846, 15.791445194732258], [-87.31099722345152, 15.793664617733008], [-87.31107669602719, 15.79144166248622]], [[-87.31234743222825, 15.797303414880666], [-87.31388879974138, 15.795398500072645], [-87.31222095583838, 15.797286975341759], [-87.31234743222825, 15.797303414880666]], [[-87.31542289197019, 15.79778410555138], [-87.31538008972235, 15.797778806553355], [-87.31590205238545, 15.79989922269655], [-87.31542289197019, 15.79778410555138]], [[-87.31514174012112, 15.804845147492731], [-87.31656430191643, 15.802822534582727], [-87.31651787186516, 15.80261758234884], [-87.31514174012112, 15.804845147492731]], [[-87.31700089643938, 15.808493682873713], [-87.3168334745262, 15.808259553348899], [-87.31696641985971, 15.808527875210729], [-87.31700089643938, 15.808493682873713]], [[-87.31547061961352, 15.81118436391096], [-87.31538115588243, 15.811001794800497], [-87.31530230791019, 15.811120162737865], [-87.31547061961352, 15.81118436391096]], [[-87.32072228502882, 15.813159893909349], [-87.3204318697519, 15.81307679368618], [-87.32071774474667, 15.813185838450503], [-87.32072228502882, 15.813159893909349]], [[-87.3207301807138, 15.824278562862075], [-87.31919696132051, 15.821876053474558], [-87.3206906332911, 15.824307965009275], [-87.3207301807138, 15.824278562862075]], [[-87.31492456347408, 15.828594839397764], [-87.31844796402623, 15.825975312394661], [-87.31485364969792, 15.828558796131746], [-87.31492456347408, 15.828594839397764]], [[-87.13318325161224, 15.762907590189892], [-87.12805542551571, 15.771760792770793], [-87.13333452468031, 15.763627865970943], [-87.13318325161224, 15.762907590189892]], [[-87.2214289178526, 15.432270435961396], [-87.22229428143828, 15.433856509442156], [-87.22238605190125, 15.433898869713257], [-87.2214289178526, 15.432270435961396]], [[-87.22908175253774, 15.437003893813472], [-87.22955229758485, 15.439154835651786], [-87.22909138523407, 15.43700824694659], [-87.22908175253774, 15.437003893813472]], [[-87.23151304564334, 15.448286549369081], [-87.2294996320885, 15.452525331507392], [-87.23153413444585, 15.448384765407754], [-87.23151304564334, 15.448286549369081]], [[-87.21557252012613, 15.509242309534331], [-87.21132268558617, 15.51059575825486], [-87.21111910794484, 15.511443282975248], [-87.21557252012613, 15.509242309534331]], [[-87.21102212694429, 15.511847029648168], [-87.21089152029028, 15.51239076503678], [-87.21132882766899, 15.515391793882944], [-87.21102212694429, 15.511847029648168]], [[-87.21139672681258, 15.515857752836457], [-87.21140326696985, 15.515902634769807], [-87.2139639892944, 15.516196259530302], [-87.21139672681258, 15.515857752836457]], [[-87.206632050154, 15.616224487576345], [-87.20661828749319, 15.616241649728565], [-87.20796735175149, 15.620003617171298], [-87.206632050154, 15.616224487576345]], [[-87.20978410629466, 15.62506977425072], [-87.20979564146246, 15.625101940936213], [-87.2181729760185, 15.6280240961671], [-87.20978410629466, 15.62506977425072]], [[-87.21573523148817, 15.634305277776981], [-87.21876690896731, 15.636089041198785], [-87.21875612677238, 15.636048276429822], [-87.21573523148817, 15.634305277776981]], [[-87.21903234304955, 15.63709258074708], [-87.22030931035309, 15.642235017006113], [-87.22038025086013, 15.642188681383516], [-87.21903234304955, 15.63709258074708]], [[-87.21569507447174, 15.64753830155078], [-87.21251601331255, 15.647713527784513], [-87.21554883630643, 15.647873306671407], [-87.21569507447174, 15.64753830155078]], [[-87.21125669522772, 15.649382326796632], [-87.21020951845354, 15.647211517235542], [-87.21105837521252, 15.649645132714724], [-87.21125669522772, 15.649382326796632]], [[-87.21011437412038, 15.647014281932783], [-87.2100870244725, 15.646957585796478], [-87.2088523949554, 15.647138446743615], [-87.21011437412038, 15.647014281932783]], [[-87.19953633006982, 15.653439452524301], [-87.19773660892125, 15.657906065492371], [-87.19774480928334, 15.657915355506793], [-87.19953633006982, 15.653439452524301]], [[-87.19899637805513, 15.660674558597963], [-87.19888551175822, 15.660820168975592], [-87.19905710555551, 15.660805801902644], [-87.19899637805513, 15.660674558597963]], [[-87.19246763465668, 15.661357520033421], [-87.19203157931662, 15.663267847318311], [-87.19207582153561, 15.663325349963678], [-87.19246763465668, 15.661357520033421]], [[-87.18790887784671, 15.657862723611029], [-87.18362122610608, 15.65771041404518], [-87.18361774850806, 15.657724726933116], [-87.18790887784671, 15.657862723611029]], [[-87.18302833977637, 15.66015057979813], [-87.18285315959814, 15.660871575796989], [-87.18286970439458, 15.660874153188265], [-87.18302833977637, 15.66015057979813]], [[-87.1608071280025, 15.668778613789042], [-87.16079295469328, 15.668747851874734], [-87.15984275185366, 15.673425984386014], [-87.1608071280025, 15.668778613789042]], [[-87.14392322843915, 15.69644222013735], [-87.13741967866353, 15.698784554931613], [-87.1373348387467, 15.69909310909151], [-87.14392322843915, 15.69644222013735]], [[-87.13710048468022, 15.699945431026768], [-87.13576041690021, 15.704819121425183], [-87.13614807603724, 15.709729097746036], [-87.13710048468022, 15.699945431026768]], [[-87.13263052171939, 15.728937042328733], [-87.13008541722827, 15.732445229720705], [-87.13012505524671, 15.732482704037624], [-87.13263052171939, 15.728937042328733]], [[-87.13401675484008, 15.741494199147473], [-87.13401961843286, 15.741512884014442], [-87.13409417997347, 15.74161621343802], [-87.13401675484008, 15.741494199147473]], [[-87.13821562356877, 15.748111197614774], [-87.13812368149414, 15.748494291099641], [-87.13836105618749, 15.748340384921498], [-87.13821562356877, 15.748111197614774]], [[-87.13659768273602, 15.753987274538582], [-87.13541835696113, 15.756931981522154], [-87.13660139768096, 15.75399190019093], [-87.13659768273602, 15.753987274538582]], [[-86.63010047457341, 15.610256325331996], [-86.61579940323136, 15.613713275881175], [-86.62995114731305, 15.610399320228995], [-86.63010047457341, 15.610256325331996]], [[-86.8694381159585, 15.744059523359573], [-86.86877282685133, 15.741215270304432], [-86.869132036034, 15.743831470906107], [-86.8694381159585, 15.744059523359573]], [[-86.86608997488862, 15.729745505041352], [-86.86471076380951, 15.72384908304508], [-86.86465571374188, 15.72710012320245], [-86.86608997488862, 15.729745505041352]], [[-86.84943040887853, 15.688818598619283], [-86.84843317136611, 15.687041684642669], [-86.84938719660694, 15.688787024963771], [-86.84943040887853, 15.688818598619283]], [[-86.84664710118918, 15.683774160721162], [-86.8494595936481, 15.678347325793405], [-86.84662308810428, 15.683730230012078], [-86.84664710118918, 15.683774160721162]], [[-86.87207401822161, 15.624346724854492], [-86.88209429111558, 15.634916440768231], [-86.88215358980521, 15.63487580415618], [-86.87207401822161, 15.624346724854492]], [[-86.86444728307836, 15.621229077763966], [-86.8644007724497, 15.621061999579409], [-86.86439367284402, 15.621207232681053], [-86.86444728307836, 15.621229077763966]], [[-86.86461738265108, 15.616630912445146], [-86.86469425004049, 15.616401218976444], [-86.86462889367232, 15.616395437209892], [-86.86461738265108, 15.616630912445146]], [[-86.86837853095594, 15.613242492345695], [-86.8668253319046, 15.616457862242543], [-86.86883460991731, 15.613136104232952], [-86.86837853095594, 15.613242492345695]], [[-86.87666418435596, 15.611309723893928], [-86.87693016641177, 15.611255092438931], [-86.87694083065786, 15.611245191476414], [-86.87666418435596, 15.611309723893928]], [[-86.87826455077311, 15.610016215405999], [-86.88002270923447, 15.608383895512917], [-86.8800007113046, 15.6083761754706], [-86.87826455077311, 15.610016215405999]], [[-86.88313997186773, 15.608970744370817], [-86.883355437697, 15.60901308786569], [-86.88323909211107, 15.608366281282535], [-86.88313997186773, 15.608970744370817]], [[-86.87863346864857, 15.603943180645455], [-86.88307458269058, 15.607451714775305], [-86.88293115556688, 15.606654352270558], [-86.87863346864857, 15.603943180645455]], [[-86.87994564853457, 15.599114371979088], [-86.8799553702956, 15.599103701483566], [-86.87984421002088, 15.598787006909625], [-86.87994564853457, 15.599114371979088]], [[-86.87907067957639, 15.596583225971292], [-86.87882941717747, 15.595895871673028], [-86.87639988194672, 15.594876090749485], [-86.87907067957639, 15.596583225971292]], [[-86.87518637356258, 15.594100433739197], [-86.8770004791766, 15.59110550057914], [-86.87498276587857, 15.593970290651995], [-86.87518637356258, 15.594100433739197]], [[-86.8669637387595, 15.579318385418711], [-86.86488711344201, 15.575158624253927], [-86.86489111765066, 15.57518773569464], [-86.8669637387595, 15.579318385418711]], [[-86.36223085164308, 15.675851642037568], [-86.37049691768263, 15.676299338529587], [-86.36225427758846, 15.67557246459356], [-86.36223085164308, 15.675851642037568]], [[-86.3631485602233, 15.66491489939915], [-86.36316298620697, 15.664777634227704], [-86.36315978166651, 15.664781168453338], [-86.3631485602233, 15.66491489939915]], [[-86.44890341770902, 15.78861902749237], [-86.44880786999043, 15.78853149925245], [-86.44299070572592, 15.785454722956482], [-86.44890341770902, 15.78861902749237]], [[-86.4342160663855, 15.780758801500287], [-86.4458835236285, 15.783267147965109], [-86.43401688376838, 15.78065220499083], [-86.4342160663855, 15.780758801500287]], [[-86.4419097633385, 15.723521632612494], [-86.44189816143665, 15.723432776317404], [-86.43872902572251, 15.722472053922381], [-86.4419097633385, 15.723521632612494]], [[-86.43543180215987, 15.721472501740411], [-86.43536027426094, 15.721450818082607], [-86.43197856572381, 15.721207052066159], [-86.43543180215987, 15.721472501740411]], [[-86.40651856631557, 15.71924994641338], [-86.40433803353365, 15.713805062301624], [-86.40638021786224, 15.719239311592233], [-86.40651856631557, 15.71924994641338]], [[-86.39422773540805, 15.699580979622883], [-86.39490787958403, 15.696729181215524], [-86.3942170910056, 15.699565912836556], [-86.39422773540805, 15.699580979622883]], [[-86.39643845667399, 15.693227266237574], [-86.39698512879842, 15.687314938251943], [-86.39642593030817, 15.693222352960058], [-86.39643845667399, 15.693227266237574]], [[-86.39823033604401, 15.68616145047927], [-86.39825127267127, 15.686142056002062], [-86.39801708926045, 15.685534826233734], [-86.39823033604401, 15.68616145047927]], [[-86.3957160925593, 15.679568418584104], [-86.3956506540519, 15.679398738718467], [-86.3955965750977, 15.679432333679443], [-86.3957160925593, 15.679568418584104]], [[-86.39493984603965, 15.679840307306131], [-86.39427925262031, 15.680250681553716], [-86.3947052096464, 15.680408632999312], [-86.39493984603965, 15.679840307306131]], [[-86.38912937249694, 15.683449893230456], [-86.38528013184325, 15.682402717305797], [-86.38529016252201, 15.682425495282207], [-86.38912937249694, 15.683449893230456]], [[-86.3852041286469, 15.682230126890632], [-86.38269150546779, 15.675578075112911], [-86.38234130546023, 15.675729139219511], [-86.3852041286469, 15.682230126890632]], [[-86.37513978594362, 15.67882379486347], [-86.37499752328988, 15.678746442710208], [-86.37512391752321, 15.678831440595113], [-86.37513978594362, 15.67882379486347]]]}}, {"type": "Feature", "properties": {"code": "R-05", "name": "Valle del Aguán", "level": "subregion", "municipios": ["020100", "020400", "020500", "020600", "020700", "020800", "020900", "021000", "180200", "180500", "180700"], "source": "SINIT/SEPLAN 2016 (Marco Contextual CNI), clasificado a nivel municipio"}, "geometry": {"type": "Polygon", "coordinates": [[[-86.77779038834416, 15.291558005661084], [-86.78840932817285, 15.28205264547462], [-86.79191989458818, 15.282583701897343], [-86.79309563197529, 15.278885894048997], [-86.7975179740157, 15.281916411089203], [-86.80920822453439, 15.282214856939728], [-86.81348640611147, 15.285351173038714], [-86.81783648799623, 15.283913838706804], [-86.81983588013098, 15.27224802192176], [-86.8297059547611, 15.267546492961596], [-86.83369850028986, 15.268258086221351], [-86.84507687378142, 15.261902476806204], [-86.84836630272983, 15.256839472942097], [-86.85684684786945, 15.257735590086105], [-86.86497506097648, 15.247650811632628], [-86.86952923035805, 15.23197629339048], [-86.86564542551156, 15.220807148287724], [-86.86408551341069, 15.19442542844506], [-86.86026755999113, 15.185006785393535], [-86.87072367684168, 15.180551233305152], [-86.90260364967962, 15.21180544644756], [-86.94743594637524, 15.20803668783317], [-86.96237072465897, 15.224571346982517], [-86.96525034227331, 15.23149728956286], [-86.97776591728254, 15.235217030283987], [-86.98740637587689, 15.241253833052484], [-86.98535106261384, 15.24427116534198], [-86.98647898012166, 15.24963598789632], [-87.04769432582924, 15.284390827329334], [-87.06712485217942, 15.300067528509196], [-87.08048074389656, 15.302756226830926], [-87.08343439660041, 15.308489413445345], [-87.0816120225993, 15.315009796867727], [-87.08961344821574, 15.317052257442667], [-87.0986976552532, 15.328337258890917], [-87.09866710940553, 15.331489192179216], [-87.09119829840772, 15.336622012890917], [-87.08741267221527, 15.336042638376814], [-87.08675607743582, 15.339732684189782], [-87.1051435586521, 15.347642493494703], [-87.108704709755, 15.376394483826134], [-87.10777109343145, 15.385916197098105], [-87.14040751214121, 15.409705052634468], [-87.1657396955882, 15.444004619212867], [-87.15135528533337, 15.459621730639936], [-87.13093224631197, 15.45562171255737], [-87.10810140476312, 15.455922199386919], [-87.09125084138516, 15.473163987117516], [-87.0734720011138, 15.473501714586272], [-87.04894160038968, 15.487816834129978], [-87.04967849237222, 15.499068045839898], [-87.04235999772315, 15.503541411791513], [-87.04394352454746, 15.510022274254583], [-87.02837232065306, 15.513667162803662], [-87.02643467404884, 15.518809393613177], [-87.00658653118138, 15.532059119263447], [-87.00025153809982, 15.542566940111362], [-86.98409406350723, 15.556271144703679], [-86.98163794477821, 15.55085323799457], [-86.97327642479131, 15.547495971338178], [-86.94398784392764, 15.549889690257695], [-86.9268992384276, 15.546327114695387], [-86.90713603596606, 15.560713804564966], [-86.90221662902977, 15.559433524300944], [-86.89818914284295, 15.555158787737025], [-86.88241378497291, 15.559897361439864], [-86.87554222320877, 15.55752715199509], [-86.85820389306704, 15.566653538735158], [-86.85026842946907, 15.564876293947549], [-86.8486049708898, 15.547885229933375], [-86.83927210001333, 15.54939860539482], [-86.83613119072386, 15.545113211908589], [-86.82863520281617, 15.543505037860857], [-86.81826637556475, 15.553642769585352], [-86.80911013037651, 15.555891839223692], [-86.80288365509651, 15.548610784709743], [-86.77951534752651, 15.545580334927681], [-86.77570458730261, 15.543182948571907], [-86.76443628498768, 15.54552519408698], [-86.76433792207453, 15.54898769990616], [-86.74999029688054, 15.554105923736575], [-86.73227139350357, 15.558083381744563], [-86.69600641545318, 15.582954798922293], [-86.64202147747693, 15.60415641288476], [-86.59954339157895, 15.594280849673176], [-86.57725210427927, 15.586692493632604], [-86.57117505506338, 15.586522521188142], [-86.55650979723225, 15.591795740476234], [-86.53886330148177, 15.592223914539039], [-86.53380308072222, 15.590919311728637], [-86.528532546432, 15.58421920836479], [-86.52283678433109, 15.581572747480747], [-86.51829466633824, 15.582740381680065], [-86.51757792380968, 15.586864682145546], [-86.51071739824619, 15.584998486517998], [-86.50181413629119, 15.590959936873727], [-86.48510477301704, 15.591767868206185], [-86.48056683167447, 15.597364561442753], [-86.47122899464433, 15.597645157316586], [-86.4636926388668, 15.595879832206295], [-86.45248516278718, 15.589148721255453], [-86.44084446102505, 15.587686529687883], [-86.40112215316914, 15.573709509855696], [-86.40753505804122, 15.59334677556426], [-86.38213281582466, 15.59606129891528], [-86.36433735305667, 15.604068890273332], [-86.3625953988271, 15.60971968442863], [-86.3647867993407, 15.616015822784725], [-86.36344621799589, 15.661170415035706], [-86.28157686318227, 15.70562849956531], [-86.25339341325262, 15.72810247217092], [-86.20854534820377, 15.732676845793621], [-86.16214501342363, 15.749814887003334], [-86.12141712240614, 15.783455247923259], [-86.16241552545463, 15.749715361501414], [-86.1907582727545, 15.805482074102319], [-86.19859779521663, 15.815536333843461], [-86.19722603884598, 15.81976643755042], [-86.20088820277321, 15.826867204078589], [-86.19833697913276, 15.831816144988476], [-86.19092946069858, 15.834342401231531], [-86.18976480212022, 15.842032069846626], [-86.19584239307065, 15.850586035678093], [-86.20276642158483, 15.853455771840393], [-86.2052344763466, 15.8602582787688], [-86.2037103277547, 15.864888980592264], [-86.20741493408052, 15.869593119101374], [-86.20524958176594, 15.87457628806976], [-86.2084554323949, 15.87774407419612], [-86.18298945873049, 15.885007787526932], [-86.17964951179297, 15.8882155671738], [-86.16043482169181, 15.888350861312594], [-86.1437746760837, 15.896390753155536], [-86.13098656422659, 15.898535223188237], [-86.12667984662214, 15.901365352511807], [-86.12701754429578, 15.9044187299392], [-86.12334667640275, 15.905175619981174], [-86.1113457342272, 15.899809035101331], [-86.05642952529416, 15.898384159769405], [-86.01787020323034, 15.901059789946004], [-85.98554910655913, 15.90646174615597], [-85.96002573649423, 15.920492474102439], [-85.94383560715703, 15.92507922145431], [-85.92988180642227, 15.936682309797538], [-85.9154984265169, 15.958921267979958], [-85.91142530178443, 15.976549554530916], [-85.91220298150238, 15.991606945160012], [-85.91863435013744, 16.003911085426576], [-85.92869063474738, 16.00947870814795], [-85.93843112157732, 16.01058691711188], [-85.95061403097547, 16.00742094076071], [-85.96205482943033, 16.009223347570906], [-85.97289370046818, 16.00416039291085], [-85.97619009125943, 16.005926338822107], [-85.98165729737292, 16.004306059083792], [-85.9928595411651, 16.01400488141807], [-86.01021412808917, 16.021667289906873], [-86.01102997703676, 16.025030277800607], [-86.00524615270018, 16.028461074174874], [-85.97373688941921, 16.0252438619882], [-85.92877823484007, 16.015397499426637], [-85.86275649293448, 16.00817141209071], [-85.78981666626349, 15.989519102037347], [-85.70556258499069, 15.963886621002757], [-85.69263229236917, 15.958002395333418], [-85.65741000216877, 15.93421248592169], [-85.60992011475055, 15.906813807357258], [-85.58482028115316, 15.894643581658928], [-85.4877608109783, 15.86187701560338], [-85.45837613862801, 15.85973008085811], [-85.44305290911349, 15.862741853688718], [-85.42910455857007, 15.873094299611232], [-85.40986203527338, 15.875614195856528], [-85.4018466748472, 15.87917806933158], [-85.29760914448231, 15.878545522885062], [-85.29566941561183, 15.87714304862854], [-85.29807921908166, 15.876148727342226], [-85.29657628739461, 15.872840600554492], [-85.28359266040722, 15.853848203057433], [-85.2839217046828, 15.842256186658723], [-85.29397527052807, 15.833968264282735], [-85.49979157910384, 15.712819321942082], [-85.56144993085995, 15.672106690152722], [-85.63466307359417, 15.672060007954055], [-85.6366513049569, 15.666753626817849], [-85.63087355707125, 15.644971997680658], [-85.67283075297694, 15.596225623865234], [-85.6823086615927, 15.590769000031202], [-85.70225551646298, 15.571787476500505], [-85.70970130476466, 15.568823556921688], [-85.72708689553272, 15.569482899914874], [-85.73461358717397, 15.567047357875442], [-85.74769464829073, 15.570596482357992], [-85.75824930921206, 15.58381249886011], [-85.7670500814287, 15.585328573565954], [-85.77263469727677, 15.578612172088624], [-85.78534412436767, 15.577224005609056], [-85.78952541381956, 15.569057632979586], [-85.78535189938445, 15.556935850802134], [-85.79071324971147, 15.54978942517265], [-85.8136949625795, 15.543714557851343], [-85.82519086138491, 15.5324047751616], [-85.82548248025414, 15.527624578154358], [-85.8302451968632, 15.524685005433614], [-85.83508820605985, 15.516239710912433], [-85.85468169587821, 15.522403027581099], [-85.86425448014135, 15.523107826946841], [-85.86735460157696, 15.529058075505148], [-85.8865442086971, 15.527631443654737], [-85.8934856254718, 15.521823507910934], [-85.89617132213186, 15.51546189949481], [-85.8923659265118, 15.511289241283796], [-85.8941428761405, 15.505196539487025], [-85.88988344449027, 15.500548135342795], [-85.9346345734807, 15.459815792674664], [-85.94805538745979, 15.459400811107049], [-85.95198150748816, 15.453292819706958], [-85.9584111433366, 15.449255287187567], [-85.96112915778787, 15.442347064541428], [-85.96780451498336, 15.436337470457312], [-85.96887416977934, 15.42083263439593], [-85.9777493860636, 15.41985556417056], [-85.98204384075287, 15.412400571961992], [-85.99398984452768, 15.411515962335374], [-85.99816648801712, 15.404061216619212], [-86.00658287510757, 15.404617635089663], [-86.01025092857145, 15.401507362361654], [-86.00961964695408, 15.398426497267852], [-86.01357915721289, 15.396215783382075], [-86.0221100363009, 15.399638868482416], [-86.02910268964573, 15.396373348467929], [-86.02978746456228, 15.385959050474554], [-86.04017898296765, 15.398758227590092], [-86.0299028014972, 15.385826209701301], [-86.03404959560599, 15.38710531325276], [-86.03986806532582, 15.383751833068965], [-86.04475059550238, 15.38434800145696], [-86.04783901510069, 15.390568248244717], [-86.05410000932969, 15.394942013251077], [-86.06712340478148, 15.396950758138134], [-86.06960428875537, 15.393293201687797], [-86.0892599851403, 15.398363468392056], [-86.0921840947538, 15.394346983336108], [-86.09363680128584, 15.384866569246462], [-86.10446091288019, 15.390868878310856], [-86.11746342111478, 15.37774496721225], [-86.13002108121898, 15.371942061355686], [-86.13973972175368, 15.374705394477193], [-86.14959315158849, 15.366989066030543], [-86.15964515747412, 15.370864743910289], [-86.16525669733343, 15.369324157027537], [-86.23237338637789, 15.407578701889934], [-86.27889970929137, 15.373812854216569], [-86.2905764064744, 15.374977002284359], [-86.37284839653277, 15.324357316527552], [-86.39358397210069, 15.323564750130094], [-86.39683694459637, 15.32636031665396], [-86.39087825664244, 15.345530496885926], [-86.39600685022185, 15.353862893097395], [-86.39743927107736, 15.364219334632187], [-86.40440221589957, 15.372816415346817], [-86.40753622081368, 15.374337936689587], [-86.40991295695468, 15.370149419341162], [-86.41428646724431, 15.371158816839582], [-86.41594361353808, 15.374371436286614], [-86.4242804420459, 15.374234931226097], [-86.423963588052, 15.377435607094942], [-86.42762884369637, 15.377493650745459], [-86.42662554170482, 15.382986620849191], [-86.4326881991207, 15.387268180496445], [-86.43322918556194, 15.392886022939283], [-86.43832299375812, 15.400035349961207], [-86.47474750008848, 15.405932956058393], [-86.47573877428884, 15.404559994228912], [-86.47185517697689, 15.401267928538443], [-86.47344782427187, 15.39653102388936], [-86.48825136302295, 15.393652224595865], [-86.49573524374192, 15.386471807487265], [-86.50496408162981, 15.38689710113492], [-86.50917151424608, 15.39154428521228], [-86.51320914347384, 15.391902352251801], [-86.54263356620322, 15.377128948892137], [-86.54791573430232, 15.370365968275165], [-86.56109231634275, 15.36889720222328], [-86.58287277769875, 15.359319647803924], [-86.59587388181389, 15.352350540177294], [-86.60429881716259, 15.343347431553655], [-86.61632264629678, 15.33749302107476], [-86.62579403873035, 15.337394952045967], [-86.63159190295961, 15.341270689311141], [-86.6457211538327, 15.335632856073218], [-86.64880083323129, 15.332108401325513], [-86.64616233666561, 15.326393796085995], [-86.64973173709866, 15.303488702560646], [-86.66410454610623, 15.292175704701704], [-86.66449312096482, 15.28430730481694], [-86.70148776046985, 15.265033504273616], [-86.72099480962234, 15.26858122745092], [-86.72638144078385, 15.265872181454279], [-86.72958637382688, 15.268131797489774], [-86.73226490869969, 15.264636151758118], [-86.75475847670054, 15.271778278689462], [-86.76254104334865, 15.288896731671738], [-86.77657368164068, 15.295963146087415], [-86.77524184593429, 15.297602855903188], [-86.77770141163691, 15.295056780608995], [-86.77779038834416, 15.291558005661084]], [[-86.09836080581397, 15.63081041987028], [-86.09836080581397, 15.630810419870281], [-86.14232319237409, 15.667734058200047], [-86.09836080581397, 15.63081041987028]], [[-86.09769783387398, 15.628479347801676], [-86.09736893385885, 15.628501469226729], [-86.09753655147418, 15.628891661528055], [-86.09769783387398, 15.628479347801676]], [[-86.10309676840184, 15.628074095503743], [-86.1051444091096, 15.625742426878126], [-86.10304990630783, 15.628073660007592], [-86.10309676840184, 15.628074095503743]], [[-86.10672364911443, 15.623944130742672], [-86.10663792488143, 15.623780665299257], [-86.10664202074102, 15.624037081774818], [-86.10672364911443, 15.623944130742672]], [[-86.10366403551305, 15.618109828393102], [-86.10363094076402, 15.61812569362001], [-86.10375406321339, 15.618281500013127], [-86.10366403551305, 15.618109828393102]], [[-86.11290329860509, 15.604385917402594], [-86.11226996886028, 15.604836049699005], [-86.10981309479409, 15.615162042909938], [-86.11290329860509, 15.604385917402594]], [[-86.1197083948989, 15.59956520720952], [-86.11973250668673, 15.599532131295762], [-86.11945159394273, 15.599731787003678], [-86.1197083948989, 15.59956520720952]], [[-86.12264555786814, 15.595536084619342], [-86.12262456933608, 15.595532648579056], [-86.12140463011724, 15.597238356534884], [-86.12264555786814, 15.595536084619342]], [[-86.12792619429351, 15.59655942694753], [-86.12799276694292, 15.59641147817962], [-86.12338223020947, 15.59565668551873], [-86.12792619429351, 15.59655942694753]], [[-86.13837062328643, 15.585229500028229], [-86.13826487663736, 15.585215543361587], [-86.13108628666474, 15.58966680276451], [-86.13837062328643, 15.585229500028229]], [[-86.14123288222773, 15.586980001654062], [-86.1400913166931, 15.585456600787298], [-86.13889952541254, 15.585299305650688], [-86.14123288222773, 15.586980001654062]], [[-86.14046830055631, 15.579889474052587], [-86.14044227503446, 15.579841759758033], [-86.1400913166931, 15.585456600787298], [-86.14046830055631, 15.579889474052587]], [[-86.13830708533017, 15.575927176562514], [-86.13778425422196, 15.575518349409137], [-86.14015849525177, 15.579321487687446], [-86.13830708533017, 15.575927176562514]], [[-86.13041473617842, 15.56975576367893], [-86.13041135246303, 15.569803227438642], [-86.13079565942174, 15.570053626148802], [-86.13041473617842, 15.56975576367893]], [[-86.9595896402443, 15.381920866881666], [-86.95724705909001, 15.380966772154594], [-86.95660780035918, 15.380976694290483], [-86.9595896402443, 15.381920866881666]], [[-86.94877840233713, 15.381938027447156], [-86.93818334637126, 15.385202247719203], [-86.95619508192088, 15.380983100223219], [-86.9400999059335, 15.381232918513732], [-86.94877840233713, 15.381938027447156]], [[-86.92982036088681, 15.389740516617227], [-86.9373712097062, 15.385452458097921], [-86.93693644307753, 15.385586404916841], [-86.92982036088681, 15.389740516617227]], [[-86.92109410723343, 15.390413750080599], [-86.9273773889291, 15.39112785822163], [-86.92746488537276, 15.391078169785322], [-86.92109410723343, 15.390413750080599]], [[-86.75967845322077, 15.399547932361001], [-86.76376302769529, 15.395346307014986], [-86.76374869268977, 15.395339242890667], [-86.75967845322077, 15.399547932361001]], [[-86.74440674930914, 15.417567457355299], [-86.74444817112672, 15.417525735551568], [-86.73842897172283, 15.416312854996562], [-86.74440674930914, 15.417567457355299]], [[-86.71498439482555, 15.4250965847311], [-86.72034450995136, 15.421343539291515], [-86.71493035855028, 15.42508160372233], [-86.71498439482555, 15.4250965847311]], [[-86.70973822658598, 15.423642137843167], [-86.7113970849927, 15.424102039496521], [-86.70979734533468, 15.423638813809424], [-86.70973822658598, 15.423642137843167]], [[-86.70521789518027, 15.424267902320619], [-86.70948105785598, 15.423656597512148], [-86.70486463922286, 15.423916162060692], [-86.70521789518027, 15.424267902320619]], [[-86.69695069286928, 15.416036171676778], [-86.70294118759527, 15.422000963289795], [-86.70032407194664, 15.418246936118464], [-86.69695069286928, 15.416036171676778]], [[-86.69516428656033, 15.414257430211094], [-86.69540032295195, 15.414492453853308], [-86.69542236749909, 15.41420913329116], [-86.69516428656033, 15.414257430211094]], [[-86.69852663267426, 15.41252309726701], [-86.69814146289241, 15.413657306690252], [-86.69816322044355, 15.41365691773814], [-86.69852663267426, 15.41252309726701]], [[-86.69968712729431, 15.409105788859911], [-86.69967346195975, 15.409146029169403], [-86.7034129843251, 15.408933488087708], [-86.69968712729431, 15.409105788859911]], [[-86.70368144342922, 15.406024829134143], [-86.70563258972795, 15.40880733365215], [-86.70566897656443, 15.408805265554456], [-86.70368144342922, 15.406024829134143]], [[-86.70470377836936, 15.403698591723924], [-86.70455027458218, 15.403691182831254], [-86.70368144342922, 15.406024829134143], [-86.70470377836936, 15.403698591723924]], [[-86.73935313098835, 15.390281301632875], [-86.7379565191384, 15.392877893919298], [-86.73803078116767, 15.392862623199363], [-86.73935313098835, 15.390281301632875]], [[-86.73773038022502, 15.387290173726687], [-86.73975389058431, 15.3894989901962], [-86.73976363310601, 15.389479972096003], [-86.73773038022502, 15.387290173726687]], [[-86.73618256054228, 15.385600610047703], [-86.73620533209375, 15.38562546693943], [-86.73676786754108, 15.38412259572284], [-86.73618256054228, 15.385600610047703]], [[-86.73715593711252, 15.383142644369403], [-86.73714822275421, 15.383162124628667], [-86.74120731853886, 15.385348845232533], [-86.73715593711252, 15.383142644369403]], [[-86.75647955847873, 15.347258666396806], [-86.75643731674158, 15.349688820592588], [-86.7564543018141, 15.349654434526066], [-86.75647955847873, 15.347258666396806]], [[-86.76001879745036, 15.339415554223697], [-86.75655467680374, 15.342937132174512], [-86.75655387071942, 15.342983505958864], [-86.76001879745036, 15.339415554223697]], [[-86.76755951982285, 15.342412706093038], [-86.76269931857075, 15.340480959962026], [-86.76744295150529, 15.342420981963938], [-86.76755951982285, 15.342412706093038]], [[-86.7701244573282, 15.341981074583408], [-86.76857726380777, 15.342340450457849], [-86.77012576978063, 15.342230512905456], [-86.7701244573282, 15.341981074583408]], [[-86.77008607463283, 15.334686246355487], [-86.76921749125846, 15.337898964032904], [-86.77011651093054, 15.340470820930568], [-86.77008607463283, 15.334686246355487]], [[-86.78129189284971, 15.321216725810928], [-86.77952801886586, 15.329367777048713], [-86.77964317838425, 15.329304767669125], [-86.78129189284971, 15.321216725810928]], [[-86.78142460262133, 15.32060345969434], [-86.78141827047634, 15.32063272121685], [-86.78148631099239, 15.320492346778725], [-86.78142460262133, 15.32060345969434]], [[-86.78463511250905, 15.312859983921262], [-86.78485466969389, 15.313543083494329], [-86.78500995001977, 15.313222724541177], [-86.78463511250905, 15.312859983921262]], [[-86.77987588106004, 15.308058723475874], [-86.78008418747689, 15.308232578127999], [-86.7791249185911, 15.304182500568755], [-86.77987588106004, 15.308058723475874]], [[-86.77904600745848, 15.303849334120713], [-86.77393678719369, 15.299209598849677], [-86.77904824959093, 15.303858800507543], [-86.77904600745848, 15.303849334120713]], [[-87.08681027057179, 15.343018001980544], [-87.08395397452813, 15.340789804300506], [-87.0838018401376, 15.340827846533756], [-87.08681027057179, 15.343018001980544]], [[-87.07074312364, 15.378031503013162], [-87.070755245519, 15.377981229283764], [-87.06718772172346, 15.377464150383764], [-87.07074312364, 15.378031503013162]], [[-87.0491946025752, 15.379473688347701], [-87.05721859385702, 15.375214597738537], [-87.04913724278691, 15.379382299563414], [-87.0491946025752, 15.379473688347701]], [[-87.04372650467737, 15.37076161262145], [-87.04712795448924, 15.376180990418582], [-87.04396080461807, 15.370742326364269], [-87.04372650467737, 15.37076161262145]], [[-87.03859622683993, 15.371201715960696], [-87.03916478432417, 15.371137107859141], [-87.03860799643965, 15.37118293951537], [-87.03859622683993, 15.371201715960696]], [[-87.03610828330943, 15.3753309024611], [-87.0381284115274, 15.37194803774254], [-87.03605623566885, 15.375253850822201], [-87.03610828330943, 15.3753309024611]], [[-87.02568373233184, 15.371902431529135], [-87.03190125591102, 15.369131566741375], [-87.03188329249012, 15.369104574320382], [-87.02568373233184, 15.371902431529135]], [[-87.02398113857977, 15.367558456469864], [-87.02436651809597, 15.36778359249085], [-87.02434581830857, 15.367718865668051], [-87.02398113857977, 15.367558456469864]], [[-87.01930815831966, 15.366073152241995], [-87.02029618379811, 15.365937580410161], [-87.01980696711597, 15.365722391987214], [-87.01930815831966, 15.366073152241995]], [[-87.00735430578615, 15.380819323859598], [-87.00703632457463, 15.368625044165386], [-87.00667046794585, 15.368532653885397], [-87.00735430578615, 15.380819323859598]], [[-86.99240320824975, 15.39627936824973], [-86.99243445705721, 15.396241232762955], [-86.98797930348263, 15.395356994472618], [-86.99240320824975, 15.39627936824973]], [[-86.98532875540057, 15.389123096167719], [-86.98528100418699, 15.389128931307447], [-86.98797930348263, 15.395356994472618], [-86.98532875540057, 15.389123096167719]], [[-86.97411578016265, 15.387837124457382], [-86.97706784109869, 15.389963200493627], [-86.97742252163812, 15.389925684271276], [-86.97411578016265, 15.387837124457382]], [[-86.93487731918258, 15.382751469638867], [-86.935084934145, 15.382691102248181], [-86.92772594821308, 15.381282172029833], [-86.93487731918258, 15.382751469638867]], [[-86.9228083593882, 15.377308337239647], [-86.91754231979489, 15.362644249964765], [-86.91753724713979, 15.362640413197], [-86.9228083593882, 15.377308337239647]], [[-86.91403678331199, 15.359992792469065], [-86.91292629232217, 15.35568545892311], [-86.9119688962028, 15.354777317734271], [-86.91403678331199, 15.359992792469065]], [[-86.89437014994533, 15.338083969991473], [-86.8899903384779, 15.333929485643324], [-86.88970120201574, 15.333784424776619], [-86.89437014994533, 15.338083969991473]], [[-86.86319391143665, 15.315196418623934], [-86.87412351713502, 15.325941314809148], [-86.86316925591863, 15.31515280559821], [-86.86319391143665, 15.315196418623934]], [[-86.86302311145282, 15.314894291364423], [-86.86003998282114, 15.308274702870872], [-86.85861838936742, 15.307102799921216], [-86.86302311145282, 15.314894291364423]], [[-86.85398965821662, 15.303287065067726], [-86.8533200219227, 15.302735044554415], [-86.85314243281718, 15.302653872862093], [-86.85398965821662, 15.303287065067726]], [[-86.8337786017079, 15.293766107759067], [-86.83016301702293, 15.290895280219859], [-86.83371189963208, 15.293735690200467], [-86.8337786017079, 15.293766107759067]], [[-86.38617659410264, 15.5547242383872], [-86.38015290218344, 15.547425659097767], [-86.38015583922984, 15.547457008706127], [-86.38617659410264, 15.5547242383872]], [[-86.37968392209716, 15.542419833501993], [-86.37961393310316, 15.540792717874393], [-86.37951855279584, 15.54065470550307], [-86.37968392209716, 15.542419833501993]], [[-86.37674670117843, 15.536643921459001], [-86.37666312860144, 15.536522994510307], [-86.37622636709364, 15.53649431575174], [-86.37674670117843, 15.536643921459001]], [[-86.37045490451524, 15.53676980202784], [-86.37243800607085, 15.536245563310896], [-86.35807120831208, 15.535359134663318], [-86.37045490451524, 15.53676980202784]], [[-86.35680361423277, 15.535838395012927], [-86.35563390460237, 15.536280646562975], [-86.35563940616511, 15.536319203147235], [-86.35680361423277, 15.535838395012927]], [[-86.356025762509, 15.53927520515256], [-86.35420718071704, 15.539094803999712], [-86.35603242853013, 15.539320499835487], [-86.356025762509, 15.53927520515256]], [[-86.35295731037921, 15.54096919245577], [-86.34578447879517, 15.538695937458403], [-86.35293770185044, 15.540998598706048], [-86.35295731037921, 15.54096919245577]], [[-86.32186196486104, 15.541177585577842], [-86.321907155094, 15.541165127743751], [-86.318944557571, 15.537812154682209], [-86.32186196486104, 15.541177585577842]], [[-86.31520217852638, 15.54013043719455], [-86.31385038728527, 15.536838332719057], [-86.31516005138273, 15.540156804853796], [-86.31520217852638, 15.54013043719455]], [[-86.30614346684443, 15.535452669044252], [-86.30497235085271, 15.529424647028739], [-86.30534311050357, 15.53530876919256], [-86.30614346684443, 15.535452669044252]], [[-86.30176405416539, 15.524258173198396], [-86.30676269966891, 15.511085265570662], [-86.30673413888344, 15.511065176343472], [-86.30176405416539, 15.524258173198396]], [[-86.30652206028778, 15.510916003447106], [-86.30489072250943, 15.509768544975008], [-86.3042483516688, 15.509643500751961], [-86.30652206028778, 15.510916003447106]], [[-86.30372431015742, 15.509541490574208], [-86.2944731094264, 15.507740647300354], [-86.29682190087534, 15.509031090866921], [-86.30372431015742, 15.509541490574208]], [[-86.29225789149207, 15.507309431890251], [-86.29085698536646, 15.507036730816417], [-86.29009790122637, 15.508388745294667], [-86.29225789149207, 15.507309431890251]], [[-86.28853820356976, 15.511166742755158], [-86.28826674174975, 15.51165024687752], [-86.28837854980404, 15.512007094187231], [-86.28853820356976, 15.511166742755158]], [[-86.28866184540799, 15.512911262270356], [-86.28989496745379, 15.516846902572755], [-86.2904420011335, 15.516273420456152], [-86.28866184540799, 15.512911262270356]], [[-86.28964353947879, 15.517110486795493], [-86.28284310620252, 15.51631317095522], [-86.28909979674158, 15.517680518856393], [-86.28964353947879, 15.517110486795493]], [[-86.28271045978653, 15.516297618844886], [-86.28268564895383, 15.516294709902306], [-86.28186305799596, 15.516753684979012], [-86.28271045978653, 15.516297618844886]], [[-86.27696743614156, 15.519388476831125], [-86.27625227609765, 15.518967533140431], [-86.27688870234509, 15.51943085084848], [-86.27696743614156, 15.519388476831125]], [[-86.26771522564847, 15.513942619410528], [-86.2667324267661, 15.513364143316572], [-86.26590247254846, 15.513470082723282], [-86.26771522564847, 15.513942619410528]], [[-86.2638321534493, 15.517644087270714], [-86.2651936984854, 15.513560554103671], [-86.26470476843787, 15.513622963521033], [-86.2638321534493, 15.517644087270714]], [[-86.26354796686758, 15.517903686253423], [-86.2607273960423, 15.51998902819662], [-86.26128077306629, 15.51997472423432], [-86.26354796686758, 15.517903686253423]], [[-86.2598519472843, 15.520011657227984], [-86.25214031601233, 15.515620481604797], [-86.25864942345406, 15.520042740657164], [-86.2598519472843, 15.520011657227984]], [[-86.23607889614408, 15.525539055395697], [-86.23840851055093, 15.520794605465458], [-86.23584482380792, 15.52556991874127], [-86.23607889614408, 15.525539055395697]], [[-86.22659556979687, 15.496840860320406], [-86.23863570283464, 15.520331909831587], [-86.22660057406796, 15.496830147713172], [-86.22659556979687, 15.496840860320406]], [[-86.23426065069033, 15.470889411807653], [-86.2311375073748, 15.464978148077314], [-86.23109634223258, 15.465567328048744], [-86.23426065069033, 15.470889411807653]], [[-86.22899789347403, 15.460928438931495], [-86.2288331298377, 15.460616586029122], [-86.22877005062838, 15.460686575418382], [-86.22899789347403, 15.460928438931495]], [[-86.23612389795879, 15.45656598194532], [-86.24201514380923, 15.449589063377624], [-86.24199496352772, 15.449564748704416], [-86.23612389795879, 15.45656598194532]], [[-86.21655438071912, 15.578251308623674], [-86.2263190034245, 15.568175674532403], [-86.21749131248315, 15.577123515093854], [-86.21655438071912, 15.578251308623674]], [[-86.21237794769841, 15.58327852012331], [-86.21235549069078, 15.583434379460149], [-86.21291827390276, 15.582628124416127], [-86.21237794769841, 15.58327852012331]], [[-86.20348246411726, 15.591024336905846], [-86.2034057956145, 15.591061794477286], [-86.20350066834503, 15.591020756605028], [-86.20348246411726, 15.591024336905846]], [[-86.1945183163865, 15.594906136631256], [-86.1908177516964, 15.593962445829574], [-86.1907238540544, 15.594539531314588], [-86.1945183163865, 15.594906136631256]], [[-86.16891189553797, 15.58491421495687], [-86.16652533809757, 15.585657762713154], [-86.16895854114003, 15.584950205330793], [-86.16891189553797, 15.58491421495687]], [[-86.1629686383346, 15.591259327294114], [-86.16318034752584, 15.591174144501714], [-86.16319479777798, 15.591150313909065], [-86.1629686383346, 15.591259327294114]], [[-86.15959956342185, 15.59176854126371], [-86.16053181507085, 15.592239801542684], [-86.16077126592951, 15.592143456680828], [-86.15959956342185, 15.59176854126371]], [[-86.15715060909122, 15.587849405205404], [-86.15851142800396, 15.591218480557313], [-86.15861505002393, 15.591270862274298], [-86.15715060909122, 15.587849405205404]], [[-86.15664478327675, 15.586667615438456], [-86.15589542304811, 15.586336176931882], [-86.15665865876265, 15.58670003352941], [-86.15664478327675, 15.586667615438456]], [[-86.15369644865689, 15.585363580895466], [-86.15073414909453, 15.585338604305292], [-86.15393099637225, 15.585467320247421], [-86.15369644865689, 15.585363580895466]], [[-86.14348135164396, 15.588599554024686], [-86.14437932107484, 15.589246353358508], [-86.14453317609555, 15.589151743904145], [-86.14348135164396, 15.588599554024686]], [[-86.29748839924005, 15.533696211148463], [-86.29436660962236, 15.532987738886991], [-86.29755051569357, 15.533860552592909], [-86.29748839924005, 15.533696211148463]], [[-86.28876090684196, 15.531715556769576], [-86.28881415033314, 15.569010088765397], [-86.28913871098959, 15.531801297255528], [-86.28876090684196, 15.531715556769576]], [[-86.23563175610398, 15.567067966731841], [-86.23561132833693, 15.5670612835272], [-86.24142522284153, 15.571773045600859], [-86.23563175610398, 15.567067966731841]], [[-86.23137260365542, 15.565674530663562], [-86.23110300783628, 15.565800953700096], [-86.23537144250744, 15.566982801817256], [-86.23137260365542, 15.565674530663562]], [[-86.22656012253849, 15.567931273657642], [-86.22654521400102, 15.567946385108314], [-86.22674791003223, 15.567843213444917], [-86.22656012253849, 15.567931273657642]], [[-85.99541454817842, 15.899136259275695], [-85.99816110811963, 15.899998706413632], [-85.99541899879885, 15.899084244047701], [-85.99541454817842, 15.899136259275695]], [[-85.99298763088574, 15.881898207918711], [-85.99301379005163, 15.881974322220955], [-85.9930585405891, 15.88161335016036], [-85.99298763088574, 15.881898207918711]], [[-85.99556419180358, 15.871547672908536], [-85.99504831193687, 15.87362006040167], [-86.00042381885794, 15.866649343004905], [-85.99556419180358, 15.871547672908536]], [[-86.08849855583001, 15.643940916373133], [-86.08863914157114, 15.643754490673754], [-86.0809836443258, 15.64124959873135], [-86.08849855583001, 15.643940916373133]], [[-86.07362818562987, 15.645150937647127], [-86.07365324981176, 15.645137643592706], [-86.06752409338593, 15.641387140855436], [-86.07362818562987, 15.645150937647127]], [[-86.06527387455773, 15.64938449457945], [-86.06528040267558, 15.64936129342811], [-86.06320775455988, 15.650590382649828], [-86.06527387455773, 15.64938449457945]], [[-86.05468146517978, 15.655864596532387], [-86.05472749781102, 15.655794429728815], [-86.0445518992459, 15.649559561384613], [-86.05468146517978, 15.655864596532387]], [[-85.96286471489748, 15.750133963901453], [-85.96285671698637, 15.750122178817415], [-85.96144568930593, 15.751606537564527], [-85.96286471489748, 15.750133963901453]], [[-85.95759827848839, 15.7555991335224], [-85.95763532431452, 15.755560689742234], [-85.95631455517184, 15.75590040198454], [-85.95759827848839, 15.7555991335224]], [[-85.95434263838493, 15.756363177981676], [-85.95440650384168, 15.756348189823644], [-85.95301628437439, 15.755597306042526], [-85.95434263838493, 15.756363177981676]], [[-85.95150708263398, 15.75472585298074], [-85.95160316780603, 15.754781335104258], [-85.93977549005513, 15.740105565514488], [-85.95150708263398, 15.75472585298074]], [[-85.92512694857538, 15.735272706023824], [-85.92624050918614, 15.735763425817291], [-85.92627440174594, 15.735659953543756], [-85.92512694857538, 15.735272706023824]], [[-85.92017378634363, 15.73467487216496], [-85.92150070260988, 15.73404890465847], [-85.92093318191759, 15.733857375290444], [-85.92017378634363, 15.73467487216496]], [[-85.91927298904496, 15.735644589399932], [-85.91956290504267, 15.742158839707262], [-85.91943519433478, 15.735469973795093], [-85.91927298904496, 15.735644589399932]], [[-85.91710076911191, 15.745334101686192], [-85.91713998368877, 15.745283529110825], [-85.91528565075306, 15.746423275550239], [-85.91710076911191, 15.745334101686192]], [[-85.91381953041099, 15.747303030829194], [-85.91383809787949, 15.74729188929602], [-85.90583959401667, 15.748465343322318], [-85.91381953041099, 15.747303030829194]], [[-85.89566631722707, 15.757377554832106], [-85.89580511835132, 15.757255959302686], [-85.89204085432495, 15.7540112488175], [-85.89566631722707, 15.757377554832106]], [[-85.88941585090015, 15.746795895926596], [-85.87634918859906, 15.747279354498335], [-85.8894228610834, 15.746815164833254], [-85.88941585090015, 15.746795895926596]], [[-85.87458946022608, 15.749200891707464], [-85.87601552521329, 15.74762308904686], [-85.87458467923311, 15.749097123112278], [-85.87458946022608, 15.749200891707464]], [[-85.87494124316125, 15.755006071802983], [-85.87469371396234, 15.75146365674899], [-85.87486545770444, 15.755191252033935], [-85.87494124316125, 15.755006071802983]], [[-85.87329853161911, 15.759020004232589], [-85.87454117406496, 15.755983632548432], [-85.87259628295706, 15.759475447882059], [-85.87329853161911, 15.759020004232589]], [[-85.86343395700507, 15.761604795131761], [-85.87062644842095, 15.760752984855003], [-85.87160131813404, 15.760120732714304], [-85.86343395700507, 15.761604795131761]], [[-85.85802767739646, 15.770286839304772], [-85.8620556318871, 15.763771888618141], [-85.8579377896017, 15.7702462313391], [-85.85802767739646, 15.770286839304772]], [[-85.84986991259896, 15.768374459428081], [-85.8510599845179, 15.76723008475073], [-85.85092310179989, 15.767167116194752], [-85.84986991259896, 15.768374459428081]], [[-85.84648043450815, 15.771633785889623], [-85.84671514761638, 15.771408085464948], [-85.84615417937785, 15.771419970732865], [-85.84648043450815, 15.771633785889623]], [[-85.84442769429936, 15.770288498325503], [-85.84511674665876, 15.77074007693548], [-85.84774777290365, 15.764819641838939], [-85.84442769429936, 15.770288498325503]], [[-85.83885726399848, 15.76663785097203], [-85.83895527681194, 15.766702084828077], [-85.83887334287486, 15.766630899534274], [-85.83885726399848, 15.76663785097203]], [[-85.8352084340798, 15.76824614254736], [-85.8368660255184, 15.767498730179256], [-85.83520237321535, 15.768217982890611], [-85.8352084340798, 15.76824614254736]], [[-85.82012857577273, 15.797563999789205], [-85.8276781713747, 15.793941069130454], [-85.82016533763469, 15.797499069526145], [-85.82012857577273, 15.797563999789205]], [[-85.81812017678568, 15.801338759915172], [-85.81939526897649, 15.79885919542494], [-85.81809203327616, 15.801161022163884], [-85.81812017678568, 15.801338759915172]], [[-85.81881477641745, 15.805130644968564], [-85.81854391304122, 15.80401482734447], [-85.81870442374407, 15.805028517955826], [-85.81881477641745, 15.805130644968564]], [[-85.82143013870962, 15.8074104930995], [-85.82009671767419, 15.806317030644864], [-85.82125637887594, 15.80739025099087], [-85.82143013870962, 15.8074104930995]], [[-85.82701417304071, 15.806379176910324], [-85.82201703258558, 15.807478863155687], [-85.82438941023634, 15.807755232700371], [-85.82701417304071, 15.806379176910324]], [[-85.82927673112182, 15.807966639896696], [-85.82911175771123, 15.80591757591444], [-85.82860379170816, 15.806029360490381], [-85.82927673112182, 15.807966639896696]], [[-85.82675318572707, 15.809576936668346], [-85.82856450135921, 15.808421120045853], [-85.82616377603513, 15.809650775918826], [-85.82675318572707, 15.809576936668346]], [[-85.82380492844604, 15.809946284357785], [-85.82436823910777, 15.80987571470544], [-85.82242771060167, 15.809412072279713], [-85.82380492844604, 15.809946284357785]], [[-85.81712249034128, 15.80735421865], [-85.81915190847391, 15.80814141414151], [-85.81610439751205, 15.806562366597188], [-85.81712249034128, 15.80735421865]], [[-85.80877375093209, 15.800860737653187], [-85.81141916444687, 15.802918286888474], [-85.80899011112534, 15.800697791110025], [-85.80877375093209, 15.800860737653187]], [[-85.79768752375102, 15.809305002689765], [-85.80064197752958, 15.80698498974316], [-85.7975343269991, 15.809325442964635], [-85.79768752375102, 15.809305002689765]], [[-85.79431339177266, 15.809755196210322], [-85.79555721349985, 15.809589239310622], [-85.79425955235885, 15.809735360406638], [-85.79431339177266, 15.809755196210322]], [[-85.78831427294797, 15.807544968890454], [-85.79409038977423, 15.809673036625936], [-85.78810534777176, 15.807039478323023], [-85.78831427294797, 15.807544968890454]], [[-85.78994005139734, 15.811389671291858], [-85.78976514277235, 15.811055321372034], [-85.78989428943972, 15.81136778932516], [-85.78994005139734, 15.811389671291858]], [[-85.79992783305146, 15.81609206597993], [-85.79165844202781, 15.812211353066544], [-85.79994738335577, 15.816174870965126], [-85.79992783305146, 15.81609206597993]], [[-85.80044362267347, 15.81827668425029], [-85.80013902370143, 15.816986560426445], [-85.80034893392687, 15.818394303897046], [-85.80044362267347, 15.81827668425029]], [[-85.79875476284066, 15.820374537523278], [-85.79948220325822, 15.819470931888734], [-85.79866812183, 15.820342451322528], [-85.79875476284066, 15.820374537523278]], [[-85.79207691486158, 15.817901496532409], [-85.7927482037213, 15.81815009830831], [-85.79204990701395, 15.817883223201468], [-85.79207691486158, 15.817901496532409]], [[-85.78038313501122, 15.809989562489413], [-85.79095200484126, 15.817140389858688], [-85.78045266102193, 15.809994167915324], [-85.78038313501122, 15.809989562489413]], [[-85.77661567310477, 15.810168750792766], [-85.77967695337198, 15.809942784784404], [-85.77702304645491, 15.809766989113731], [-85.77661567310477, 15.810168750792766]], [[-85.77569823394417, 15.811073551996483], [-85.77633360292305, 15.813373191144551], [-85.77627523896624, 15.81050449536479], [-85.77569823394417, 15.811073551996483]], [[-85.78244642168931, 15.819270192665703], [-85.7804067934813, 15.817349108384267], [-85.78241341445262, 15.819307808523448], [-85.78244642168931, 15.819270192665703]], [[-85.77267341887406, 15.827509411783577], [-85.77356193265256, 15.821836925248318], [-85.77264202978238, 15.827550809538256], [-85.77267341887406, 15.827509411783577]], [[-85.77082575695785, 15.829946215483], [-85.77223203772789, 15.828091530839234], [-85.77069090044418, 15.829874766095294], [-85.77082575695785, 15.829946215483]], [[-85.76840069916669, 15.828661376585549], [-85.76902982454048, 15.828994698436507], [-85.76840071669302, 15.828588712959354], [-85.76840069916669, 15.828661376585549]], [[-85.71828346452878, 15.82285995193946], [-85.7185511689907, 15.823067690835401], [-85.71855043150221, 15.82305115988681], [-85.71828346452878, 15.82285995193946]], [[-85.70944731375762, 15.829049714483828], [-85.71668341799153, 15.821713961444368], [-85.71663055949887, 15.821676102964146], [-85.70944731375762, 15.829049714483828]], [[-85.69894205997696, 15.83644629385571], [-85.699069360936, 15.83628332834738], [-85.69889771935131, 15.836400617255682], [-85.69894205997696, 15.83644629385571]], [[-85.70439753287309, 15.844773884490033], [-85.70875408415182, 15.847714322540911], [-85.74891790446866, 15.891110369996143], [-85.70933934298837, 15.846509450479543], [-85.70439753287309, 15.844773884490033]], [[-85.70546269125032, 15.849873551237346], [-85.70601019712011, 15.849514374918721], [-85.70492009161308, 15.849606947836351], [-85.70546269125032, 15.849873551237346]], [[-85.69663566299344, 15.84561543644451], [-85.68878011423857, 15.846596194573875], [-85.69674838422266, 15.845674493438068], [-85.69663566299344, 15.84561543644451]], [[-85.67399808567751, 15.840486605364436], [-85.67964442356985, 15.838280636127218], [-85.67399265995775, 15.84046466122974], [-85.67399808567751, 15.840486605364436]], [[-85.66180294706133, 15.854092543472246], [-85.66182582358438, 15.854059192528686], [-85.65440254030875, 15.853613988649373], [-85.66180294706133, 15.854092543472246]], [[-85.64910388486479, 15.853025655155488], [-85.65077214682802, 15.858151304383766], [-85.64991409622537, 15.853522793851317], [-85.64910388486479, 15.853025655155488]], [[-85.64832735304996, 15.852549181938166], [-85.64226799162655, 15.85419018261336], [-85.64871668068511, 15.852788070013798], [-85.64832735304996, 15.852549181938166]], [[-85.63710150997285, 15.85284383376091], [-85.64194835746373, 15.854106888194224], [-85.6374173883976, 15.852411925617943], [-85.63710150997285, 15.85284383376091]], [[-85.63496537012591, 15.856587034948069], [-85.63599444104653, 15.854357555644524], [-85.63508314256461, 15.855603595906173], [-85.63496537012591, 15.856587034948069]], [[-85.6751777585464, 15.768870062820257], [-85.67899077163635, 15.774986220866541], [-85.6790001208737, 15.774971745726923], [-85.6751777585464, 15.768870062820257]], [[-85.64045869128462, 15.740104572122213], [-85.64751991120507, 15.740968727865898], [-85.64050767441067, 15.740075470463351], [-85.64045869128462, 15.740104572122213]], [[-85.65952730411882, 15.720908317519372], [-85.65618614301695, 15.722864995579249], [-85.65953893947794, 15.720931021398467], [-85.65952730411882, 15.720908317519372]], [[-85.63944934006473, 15.695455954487082], [-85.64878958075022, 15.699174495403575], [-85.63945851232695, 15.695414113924521], [-85.63944934006473, 15.695455954487082]], [[-85.64025254243278, 15.691792034060532], [-85.63979444036731, 15.693881730981115], [-85.64029253448525, 15.691853694839255], [-85.64025254243278, 15.691792034060532]], [[-85.63891422632342, 15.686341771935387], [-85.63837959420353, 15.68890427413886], [-85.63898240422931, 15.68637610014994], [-85.63891422632342, 15.686341771935387]], [[-85.63572639147132, 15.684515350488441], [-85.63582730815921, 15.684570186930534], [-85.63525443410367, 15.681756760148426], [-85.63572639147132, 15.684515350488441]], [[-85.63712968439182, 15.6797223777959], [-85.63515497777142, 15.68117543798626], [-85.63516993414054, 15.681262857948683], [-85.63712968439182, 15.6797223777959]], [[-86.10050532710696, 15.635802590274922], [-86.10032922790923, 15.63338834964851], [-86.09865168726024, 15.631487554553946], [-86.10050532710696, 15.635802590274922]], [[-86.08894464472887, 15.636498724705993], [-86.08900789703772, 15.636310342137426], [-86.08891254041271, 15.636297247507997], [-86.08894464472887, 15.636498724705993]], [[-86.08981352652118, 15.642197180992836], [-86.08977731842897, 15.642099446458364], [-86.0894089428735, 15.642733684829373], [-86.08981352652118, 15.642197180992836]], [[-85.84799334954324, 15.764267035965533], [-85.84729007421052, 15.758944940210798], [-85.8478461546225, 15.764598259561835], [-85.84799334954324, 15.764267035965533]], [[-85.85138186389179, 15.746167178889525], [-85.85135903320415, 15.746057910324458], [-85.84729007421052, 15.758944940210798], [-85.85138186389179, 15.746167178889525]], [[-85.84949754937321, 15.737148775817765], [-85.84944658572387, 15.737212769600022], [-85.85030294652705, 15.741003438133701], [-85.84949754937321, 15.737148775817765]], [[-85.85391878823755, 15.723773656528692], [-85.84810580017019, 15.718721824030188], [-85.85391173365518, 15.723787419373359], [-85.85391878823755, 15.723773656528692]], [[-85.84051054385584, 15.71530280876489], [-85.84050316951912, 15.71531450561112], [-85.84322799298027, 15.716979729054813], [-85.84051054385584, 15.71530280876489]], [[-85.84365574850365, 15.694500554934477], [-85.84361602579567, 15.694433151218565], [-85.84360832114254, 15.697947607212454], [-85.84365574850365, 15.694500554934477]], [[-85.62670727382253, 15.868108328178238], [-85.62636564582125, 15.868685243248574], [-85.62694922616562, 15.8684413807917], [-85.62670727382253, 15.868108328178238]], [[-85.6245367950642, 15.871773665623676], [-85.6244791133219, 15.871871074109793], [-85.62451237644706, 15.871895283943159], [-85.6245367950642, 15.871773665623676]], [[-85.6349010526882, 15.857124106949136], [-85.63487723542264, 15.857322989039849], [-85.63980793233337, 15.85912232929763], [-85.6349010526882, 15.857124106949136]], [[-85.64025192476952, 15.859303135771933], [-85.63827356214345, 15.861610908162833], [-85.64027803015263, 15.859313766633852], [-85.64025192476952, 15.859303135771933]], [[-85.64026176570698, 15.865959291099271], [-85.63710444598011, 15.862974689487826], [-85.63709190605684, 15.862989317386853], [-85.64026176570698, 15.865959291099271]], [[-85.6403105763435, 15.866782885570455], [-85.63806170139688, 15.87049410056574], [-85.64034856721082, 15.867423915282846], [-85.6403105763435, 15.866782885570455]], [[-85.63796934700137, 15.870618089084955], [-85.63669385622312, 15.871309384366668], [-85.637952131593, 15.87064120128205], [-85.63796934700137, 15.870618089084955]], [[-85.63333835433356, 15.873091259508383], [-85.63183528327815, 15.872732837456589], [-85.63329489524135, 15.873114337628627], [-85.63333835433356, 15.873091259508383]], [[-85.62965234382135, 15.872162280487117], [-85.62944559541282, 15.871877686848109], [-85.62960048724571, 15.872148726684447], [-85.62965234382135, 15.872162280487117]]]}}, {"type": "Feature", "properties": {"code": "R-06", "name": "Cordillera Nombre de Dios", "level": "subregion", "municipios": ["150600", "150700", "150800", "151000", "151200", "151300", "151400", "151700", "152200", "180100", "181100"], "source": "SINIT/SEPLAN 2016 (Marco Contextual CNI), clasificado a nivel municipio"}, "geometry": {"type": "Polygon", "coordinates": [[[-86.75339271841442, 14.859745361889518], [-86.76059915079341, 14.870817296503823], [-86.77689404352755, 14.883844173274834], [-86.78235813319044, 14.897640479461531], [-86.81244686757137, 14.893588642954859], [-86.855240203762, 14.911608520035637], [-86.86471535005175, 14.925552645496252], [-86.90335249094292, 14.9389646850684], [-86.92246809048528, 14.950686123547168], [-86.93171526026805, 14.951966167475224], [-86.93366861155943, 14.962878466973216], [-86.94858934616182, 14.964749341949087], [-86.95593582670207, 14.970948697398777], [-86.96137780390683, 14.96913011522196], [-86.96985282490306, 14.975113344650353], [-86.97253467830178, 14.988235995954499], [-86.976923513562, 14.989905731538176], [-86.98249654529431, 14.999440261497043], [-86.9884873206749, 15.001442158653447], [-86.99147558951488, 15.014284281438249], [-86.98037107529284, 15.031637421064037], [-86.99123920838623, 15.015330801551503], [-87.02971180369003, 15.025311712857535], [-87.04707789751964, 15.021531797707151], [-87.05548519006264, 15.023809427445922], [-87.0635031501973, 15.022355080309366], [-87.07603985293929, 15.015392857943343], [-87.08160517391114, 15.01660358719915], [-87.08482863807527, 15.020717314432437], [-87.09176268112249, 15.02163796070569], [-87.10670537445823, 15.031610716045353], [-87.12664796583577, 15.02910622610753], [-87.13440369790972, 15.033223446170831], [-87.1371610505753, 15.027977888071105], [-87.14738362736468, 15.02602988660145], [-87.15266376276494, 15.028363562559349], [-87.16281329877873, 15.023814428544709], [-87.16727276353745, 15.026004821536702], [-87.17301606932921, 15.02381932919064], [-87.17594971888326, 15.018601418333985], [-87.18095713411743, 15.017289904419508], [-87.18533275135854, 15.012211991705968], [-87.19388152411209, 15.01773358320046], [-87.20532913360427, 15.016289377626343], [-87.23378981278199, 15.022486778093791], [-87.24428675591645, 15.02715794985831], [-87.25371679218807, 15.022621384223978], [-87.26558479758195, 15.026992810170524], [-87.26794267694368, 15.0203922420539], [-87.27448474959807, 15.015217406763105], [-87.27681783345403, 15.020825763041342], [-87.28540080533062, 15.025580984566917], [-87.30417075135415, 15.024719212276437], [-87.30834078298945, 15.027628234447175], [-87.32510966380347, 15.02608935772828], [-87.3275436546192, 15.028480638912749], [-87.3272136289004, 15.039120253474136], [-87.33471799080456, 15.041606930656608], [-87.3363545442202, 15.044592602795936], [-87.37535777367249, 15.044771084321098], [-87.37997887878281, 15.041256597553772], [-87.38277548661175, 15.033153358551425], [-87.38954579104347, 15.037833043523124], [-87.40500594517371, 15.040151033504241], [-87.39996609150457, 15.046648051187027], [-87.40227111397019, 15.058461759485464], [-87.39560515242748, 15.085276756022925], [-87.39894031847001, 15.096403786315232], [-87.3961157828662, 15.106305264142105], [-87.39723911259594, 15.112042076417294], [-87.3915419256954, 15.115888785137452], [-87.39723014167602, 15.112065820253143], [-87.41939205687163, 15.118972685104577], [-87.42454967429107, 15.126122377552683], [-87.44679001083236, 15.126056901342004], [-87.45663120383725, 15.138938637446342], [-87.47668515001715, 15.139228326675386], [-87.49254341412704, 15.155471262162035], [-87.50780653318878, 15.15865144838453], [-87.51393050451354, 15.156957119525174], [-87.5286521186045, 15.16916549651394], [-87.54838267172701, 15.16943366553506], [-87.56250655613071, 15.175235812587625], [-87.55981343686652, 15.180679411174719], [-87.55286448993768, 15.18339749448936], [-87.54775062950627, 15.1911342036747], [-87.53418170363588, 15.198627704917405], [-87.52807237437538, 15.213391032185545], [-87.53055521455181, 15.232249872534602], [-87.51299265805498, 15.24131223871623], [-87.5119473665759, 15.24695267413389], [-87.49596748524901, 15.257805853378875], [-87.49267045452078, 15.264898831150532], [-87.43926028821608, 15.255402823884458], [-87.43830390963629, 15.259010865797027], [-87.43156464327282, 15.263856264678259], [-87.45396741419978, 15.331182901370465], [-87.45940665856575, 15.334459228050727], [-87.45973713513466, 15.339141658255873], [-87.47024857691811, 15.342661474314221], [-87.47826363827194, 15.349313108150595], [-87.5006056120321, 15.3573148281719], [-87.50783126886837, 15.380276500082532], [-87.51606448158739, 15.388833752003286], [-87.5189018820928, 15.388570626747594], [-87.52767544478317, 15.395953153266333], [-87.53560248205183, 15.3935531305306], [-87.54285704029587, 15.402649615076195], [-87.54199275362059, 15.410878673668991], [-87.52958869601517, 15.430681513662554], [-87.53292628042958, 15.435720437133648], [-87.53266759779976, 15.439589300511281], [-87.53630869762047, 15.43830806661547], [-87.53833659151209, 15.440366672155088], [-87.53081626658236, 15.449320278291017], [-87.52235053514326, 15.451723710034141], [-87.50969462487413, 15.461029946373152], [-87.51142101307937, 15.464051177975364], [-87.50960519923622, 15.480564609032822], [-87.51247530128009, 15.486090820461746], [-87.51175820301906, 15.493148645438312], [-87.51519802821478, 15.504745351502763], [-87.51119738946552, 15.510814078311604], [-87.5146630421707, 15.515782860019891], [-87.49414801555261, 15.520861911424863], [-87.47929784105595, 15.53704450279558], [-87.46240817363045, 15.542756902888692], [-87.46039651071143, 15.546167153351846], [-87.44856055594114, 15.53092196567286], [-87.44132141276988, 15.529362360544145], [-87.43553667626988, 15.532487210958795], [-87.43490740499902, 15.52422757686637], [-87.43699453252302, 15.522505744434916], [-87.43418682612084, 15.51867013639781], [-87.43781081258865, 15.51757471947558], [-87.43497276550372, 15.514115498619095], [-87.44036313314582, 15.510328096335433], [-87.438117169376, 15.506573915111264], [-87.44031606663944, 15.498018227651238], [-87.43590493410787, 15.496495699112291], [-87.43616966458366, 15.493659802943277], [-87.43117782570299, 15.490513271785737], [-87.43787139169885, 15.485053129241308], [-87.42555008400079, 15.47992623724126], [-87.42176655121862, 15.471583271722936], [-87.42282797369641, 15.463328231546804], [-87.41890546640586, 15.46606483829084], [-87.41692709310823, 15.459188599131926], [-87.41500619321613, 15.45858083045867], [-87.41326009904886, 15.461358457151263], [-87.41009736922237, 15.460016134179986], [-87.41012191842451, 15.455172530234986], [-87.40642982848415, 15.455678826147617], [-87.40575597601652, 15.458779898501437], [-87.3993832049385, 15.455927824205508], [-87.40307392421589, 15.45153413947217], [-87.39865770340937, 15.452794258171798], [-87.39846171143732, 15.448245991761105], [-87.39426296348157, 15.452348954470986], [-87.39047453198276, 15.451800782378777], [-87.3918061855624, 15.44490034537957], [-87.38652144181798, 15.447117821331616], [-87.38493590687844, 15.440768325096096], [-87.37975265960367, 15.440163612058681], [-87.37997775940619, 15.437731270844779], [-87.37630119718258, 15.437514907050515], [-87.36967751119893, 15.443213807269752], [-87.3615217349366, 15.44446696479295], [-87.34408477657932, 15.45802421034946], [-87.33404960827299, 15.452729239023466], [-87.32255145719394, 15.453618693689837], [-87.31233502029379, 15.441540123786293], [-87.29126519638393, 15.449925893728473], [-87.27958937511063, 15.446972136512391], [-87.27460169443646, 15.439064249856601], [-87.26273664530557, 15.438991593172325], [-87.25899419682715, 15.434692552260536], [-87.25248387728674, 15.438012395451313], [-87.24568070355447, 15.437443679187496], [-87.21490482355443, 15.42435503582382], [-87.20141641314937, 15.423882865163115], [-87.19125566547514, 15.42783367155545], [-87.18823241024239, 15.422743969762491], [-87.18107985624965, 15.420569928483173], [-87.17555613604812, 15.422917085335365], [-87.16926846067386, 15.440897539324117], [-87.1657396955882, 15.444004619212867], [-87.14040751214121, 15.409705052634468], [-87.10777109343145, 15.385916197098105], [-87.108704709755, 15.376394483826134], [-87.10546083956378, 15.348065014031794], [-87.0868173364571, 15.339684135671124], [-87.0873355445388, 15.33609578132775], [-87.09123643145959, 15.336603907309547], [-87.09914130640927, 15.330141878545462], [-87.09347959814274, 15.320072634095947], [-87.0816120225993, 15.315009796867727], [-87.08343439660041, 15.308489413445345], [-87.08052092289017, 15.302788985556605], [-87.06712485217942, 15.300067528509196], [-87.04769432582924, 15.284390827329334], [-86.98647898012166, 15.24963598789632], [-86.98535106261384, 15.24427116534198], [-86.98740637587689, 15.241253833052484], [-86.97776591728254, 15.235217030283987], [-86.96525034227331, 15.23149728956286], [-86.96237072465897, 15.224571346982517], [-86.94743594637524, 15.20803668783317], [-86.90260364967962, 15.21180544644756], [-86.87072367684168, 15.180551233305152], [-86.85961091253087, 15.185908230773796], [-86.85623483925896, 15.179628175390913], [-86.86406695152981, 15.194336141988387], [-86.86564542551156, 15.220807148287724], [-86.86952373542462, 15.231918659100495], [-86.86493950953599, 15.247727640840363], [-86.85684684786945, 15.257735590086105], [-86.84836630272983, 15.256839472942097], [-86.84507687378142, 15.261902476806204], [-86.83369850028986, 15.268258086221351], [-86.8297059547611, 15.267546492961596], [-86.81983588013098, 15.27224802192176], [-86.81695690397748, 15.284903110445704], [-86.79747955514453, 15.281908460813183], [-86.79334513439994, 15.278821707652755], [-86.79202853677823, 15.282505823241602], [-86.78767083420794, 15.282410191442176], [-86.77817044221288, 15.291089376458022], [-86.78368716105155, 15.149432856166278], [-86.77715296524087, 15.295659712333094], [-86.76249858126171, 15.288862774891019], [-86.75471485840248, 15.271742060246032], [-86.73218924545598, 15.264628145863645], [-86.72958637382688, 15.268131797489774], [-86.72638144078385, 15.265872181454279], [-86.72099480962234, 15.26858122745092], [-86.70148776046985, 15.265033504273616], [-86.66396042514374, 15.28543775009321], [-86.66013043402982, 15.275778524776168], [-86.66508202889835, 15.29030457650083], [-86.64974752577612, 15.30344690971477], [-86.64616233666561, 15.326393796085995], [-86.6486510307752, 15.332554558010916], [-86.64566288112937, 15.33566327726143], [-86.63174157742651, 15.341253985367983], [-86.62579403873035, 15.337394952045967], [-86.61627078467556, 15.337515530120747], [-86.60429881716259, 15.343347431553655], [-86.59587388181389, 15.352350540177294], [-86.58287277769875, 15.359319647803924], [-86.56109231634275, 15.36889720222328], [-86.54791573430232, 15.370365968275165], [-86.54263356620322, 15.377128948892137], [-86.51320914347384, 15.391902352251801], [-86.50917151424608, 15.39154428521228], [-86.50496408162981, 15.38689710113492], [-86.49573524374192, 15.386471807487265], [-86.48825136302295, 15.393652224595865], [-86.47344782427187, 15.39653102388936], [-86.47186719280265, 15.40135045108914], [-86.47492178200248, 15.405879127778277], [-86.43822354500801, 15.399980849791888], [-86.43322918556194, 15.392886022939283], [-86.43270212283923, 15.387288554732448], [-86.42662554170482, 15.382986620849191], [-86.42762884369637, 15.377493650745459], [-86.423963588052, 15.377435607094942], [-86.4242804420459, 15.374234931226097], [-86.41598784065027, 15.374383985074832], [-86.41425972640005, 15.371140666641907], [-86.40962180629926, 15.370140742074899], [-86.40702482432455, 15.374369347245342], [-86.39914790823238, 15.36703669356686], [-86.39521019159034, 15.357526677398953], [-86.39598431995978, 15.353801806746347], [-86.39090462878448, 15.345670699388473], [-86.39217102532255, 15.336430172497373], [-86.39683694459637, 15.32636031665396], [-86.39358397210069, 15.323564750130094], [-86.37284839653277, 15.324357316527552], [-86.2905764064744, 15.374977002284359], [-86.27889970929137, 15.373812854216569], [-86.23237338637789, 15.407578701889934], [-86.16525669733343, 15.369324157027537], [-86.15964515747412, 15.370864743910289], [-86.14959315158849, 15.366989066030543], [-86.13973972175368, 15.374705394477193], [-86.13002108121898, 15.371942061355686], [-86.11746342111478, 15.37774496721225], [-86.10446091288019, 15.390868878310856], [-86.09363680128584, 15.384866569246462], [-86.0921840947538, 15.394346983336108], [-86.0892599851403, 15.398363468392056], [-86.06960428875537, 15.393293201687797], [-86.06712340478148, 15.396950758138134], [-86.05410000932969, 15.394942013251077], [-86.04783901510069, 15.390568248244717], [-86.04475059550238, 15.38434800145696], [-86.03986806532582, 15.383751833068965], [-86.033970369357, 15.38711287463594], [-86.03006109829599, 15.385722946276513], [-86.02910268964573, 15.396373348467929], [-86.0221100363009, 15.399638868482416], [-86.0136094903185, 15.396203486145247], [-86.00961964695408, 15.398426497267852], [-86.01025092857145, 15.401507362361654], [-86.00658287510757, 15.404617635089663], [-85.99816648801712, 15.404061216619212], [-85.99398984452768, 15.411515962335374], [-85.98204384075287, 15.412400571961992], [-85.97770382120804, 15.419884725652558], [-85.96897714683463, 15.420737066205831], [-85.96776082265625, 15.43645591781539], [-85.96112915778787, 15.442347064541428], [-85.9584111433366, 15.449255287187567], [-85.95198150748816, 15.453292819706958], [-85.94805538745979, 15.459400811107049], [-85.9346345734807, 15.459815792674664], [-85.88954253277646, 15.500996140775559], [-85.89413077659756, 15.50517048721604], [-85.89237046451866, 15.511311867929667], [-85.89616216154593, 15.515213275477253], [-85.8932980211303, 15.52203611973036], [-85.88595938894763, 15.527915492763926], [-85.86735460157696, 15.529058075505148], [-85.86407478297524, 15.523042497715387], [-85.85468169587821, 15.522403027581099], [-85.8359967770371, 15.51620720805018], [-85.83331615362935, 15.517921823936655], [-85.83353997757135, 15.515831531221336], [-85.8309716076353, 15.523688886476142], [-85.82542596076928, 15.527725974222449], [-85.82523665993875, 15.532344002772167], [-85.8136949625795, 15.543714557851343], [-85.78794705545619, 15.551951525868033], [-85.78493570846305, 15.559630586495599], [-85.78951541802796, 15.56927112246562], [-85.78590022047699, 15.576815795043094], [-85.77253945400305, 15.578652311350389], [-85.76630728744924, 15.585758278819759], [-85.7583936826171, 15.583938730640256], [-85.74712918782346, 15.570328872284323], [-85.73452273822964, 15.567035534488593], [-85.72708689553272, 15.569482899914874], [-85.71027053022006, 15.568757973649163], [-85.70166868102719, 15.57215008858278], [-85.6823086615927, 15.590769000031202], [-85.67283075297694, 15.596225623865234], [-85.60082190805223, 15.532988674596348], [-85.54005174909767, 15.466959632210456], [-85.51897533300779, 15.45312216237153], [-85.45840775621441, 15.432192748792083], [-85.48359260793096, 15.326076601817137], [-85.5267572722499, 15.27812506927851], [-85.58539721395776, 15.227746384180952], [-85.61775305426306, 15.192618425537516], [-85.64139087055864, 15.149280527758814], [-85.63658349171382, 15.1396939922212], [-85.63480907467371, 15.126522571593469], [-85.65792809157749, 15.102622867621236], [-85.69787196533595, 15.08296889749966], [-85.7283713083783, 15.07705529519124], [-85.79640832164606, 15.032755823535334], [-85.81332142709968, 15.034387141114944], [-85.8477082603606, 15.055446821139714], [-85.93564395499317, 15.04775614464884], [-85.93997992344794, 15.032482046922432], [-85.9158062750544, 14.923707463080971], [-85.92091252861405, 14.920936000035077], [-85.99989656947649, 14.934059503369529], [-86.04899480990487, 14.935530098299825], [-86.04488263365943, 14.928605085144254], [-86.0535128933115, 14.927451035847488], [-86.08274281660019, 14.936027338263624], [-86.13910101212875, 14.932344426170909], [-86.2746421313814, 14.96931515638402], [-86.33589286722892, 14.99530339503908], [-86.34912932563145, 14.989623903745679], [-86.39399324857676, 15.000847516553035], [-86.40893188795391, 15.011588888250467], [-86.43376716448486, 15.026483244855068], [-86.40857273564336, 15.011330292693415], [-86.4181797731542, 15.00487613560007], [-86.46927560830002, 14.99590465465261], [-86.47592338666199, 14.987893938892235], [-86.47613463203159, 14.977757242957864], [-86.4955956387027, 14.950485980605183], [-86.49740888211873, 14.952533252418277], [-86.49648187610678, 14.963234630227806], [-86.49357468464025, 14.965392388147453], [-86.49675567605524, 14.968701655338132], [-86.49617200218866, 14.972473853156197], [-86.50743835080942, 14.975912563742732], [-86.51866287238559, 14.974827869922532], [-86.52205666329439, 14.95448137807695], [-86.51627522924166, 14.955287424548532], [-86.51277086668857, 14.951249936645475], [-86.52057115514609, 14.93296848466522], [-86.51846812529982, 14.930274351819774], [-86.51960914357109, 14.924944786364025], [-86.51645587264596, 14.920272957579824], [-86.51775006258752, 14.917656036285429], [-86.53193713730035, 14.928567557468975], [-86.53357585415766, 14.936166533371656], [-86.54906604153905, 14.948570326295084], [-86.55040569756233, 14.963647822402395], [-86.56047142579992, 14.968347313601292], [-86.55296185483881, 15.011055075082153], [-86.56049905860137, 14.968190276976635], [-86.5602182027991, 14.94399805936047], [-86.5733481599816, 14.926804150784381], [-86.62753926245004, 14.927232408662432], [-86.62287464332918, 14.893190155869394], [-86.6315094611507, 14.860864906536907], [-86.68883821191535, 14.83702196742993], [-86.75339271841442, 14.859745361889518]], [[-86.973398885965, 15.039410804514844], [-86.97975814372055, 15.032557067690625], [-86.97976380029154, 15.032548580533707], [-86.973398885965, 15.039410804514844]], [[-86.92511452077197, 15.039756025841191], [-86.92510011081785, 15.0397729729732], [-86.93044226153239, 15.043150443682972], [-86.92511452077197, 15.039756025841191]], [[-86.88263348922848, 15.082871428368327], [-86.8826150624433, 15.08301914580988], [-86.88767983801651, 15.077404055921788], [-86.88263348922848, 15.082871428368327]], [[-86.88203267625879, 15.087687816788195], [-86.88204635953994, 15.08770855499958], [-86.88206906727225, 15.08739608997023], [-86.88203267625879, 15.087687816788195]], [[-86.88550434663199, 15.102391142797247], [-86.88553065816751, 15.102388319165044], [-86.88452857906182, 15.091470576151226], [-86.88550434663199, 15.102391142797247]], [[-86.88138046702308, 15.102800945968442], [-86.8813593473237, 15.10283596493702], [-86.88229195038664, 15.102735882293052], [-86.88138046702308, 15.102800945968442]], [[-86.88027869415473, 15.10462781616947], [-86.88028938362456, 15.104927979175727], [-86.8810597896571, 15.10333266710705], [-86.88027869415473, 15.10462781616947]], [[-86.8799013700725, 15.119705229135494], [-86.88067791112547, 15.118294895109873], [-86.88066740294634, 15.118119237118123], [-86.8799013700725, 15.119705229135494]], [[-86.86940314297243, 15.129874912932385], [-86.87731928221012, 15.12439475115817], [-86.87767310967975, 15.123752138745473], [-86.86940314297243, 15.129874912932385]], [[-86.8682406587655, 15.133687484493189], [-86.86828886286472, 15.13365685310727], [-86.86913016449321, 15.130770193900823], [-86.8682406587655, 15.133687484493189]], [[-86.86515416049937, 15.135673442577517], [-86.86467842572911, 15.139177004011799], [-86.86518090003938, 15.135656735692775], [-86.86515416049937, 15.135673442577517]], [[-86.86177634154029, 15.141550403283313], [-86.86182778646292, 15.141767773309194], [-86.86457566603727, 15.139270395924905], [-86.86177634154029, 15.141550403283313]], [[-86.86261872934071, 15.145109741087701], [-86.86265433150326, 15.145098901765744], [-86.8624980618624, 15.14459988527413], [-86.86261872934071, 15.145109741087701]], [[-86.86687599832541, 15.143813586419695], [-86.86687010976385, 15.143804713981938], [-86.8660695981097, 15.14405910048226], [-86.86687599832541, 15.143813586419695]], [[-86.8680386230035, 15.145960216453053], [-86.86811795553578, 15.14568487331026], [-86.86698110951944, 15.143971959991516], [-86.8680386230035, 15.145960216453053]], [[-86.85791962148518, 15.1599614138203], [-86.85796277913991, 15.160053702172368], [-86.86140231478794, 15.158923853604199], [-86.85791962148518, 15.1599614138203]], [[-86.86001127246651, 15.164434201402646], [-86.86005017507443, 15.164330745592881], [-86.85901922896232, 15.162312815040243], [-86.86001127246651, 15.164434201402646]], [[-86.85586357749943, 15.170677237164908], [-86.85708844047507, 15.17654230749648], [-86.85591879033817, 15.170629343824178], [-86.85586357749943, 15.170677237164908]], [[-86.64872805156021, 15.20570042904983], [-86.64876303834835, 15.205719702466322], [-86.65112074490978, 15.204768418753796], [-86.64872805156021, 15.20570042904983]], [[-86.64467654149561, 15.202822704679111], [-86.64483760822276, 15.203557273339156], [-86.64863032933232, 15.205646596123193], [-86.64467654149561, 15.202822704679111]], [[-86.64605907998647, 15.199335929290395], [-86.64431382902055, 15.201168500725835], [-86.64457518397151, 15.202360448681334], [-86.64605907998647, 15.199335929290395]], [[-86.64853356476887, 15.182289651501007], [-86.63727164223782, 15.172254395663224], [-86.64852069897687, 15.182382530664636], [-86.64853356476887, 15.182289651501007]], [[-86.62336519906587, 15.15723478270579], [-86.62337460608742, 15.157338848643905], [-86.62958169297592, 15.160272758051356], [-86.62336519906587, 15.15723478270579]], [[-86.62397287350967, 15.1186477535079], [-86.62403319918585, 15.117419407354667], [-86.62397186046202, 15.118663601834687], [-86.62397287350967, 15.1186477535079]], [[-86.61503283570153, 15.11427653894184], [-86.61509099882845, 15.114334939778995], [-86.62403319918585, 15.117419407354667], [-86.61503283570153, 15.11427653894184]], [[-86.60797871434902, 15.107184470700545], [-86.60798578533357, 15.107200687577478], [-86.60942687086249, 15.108647662761925], [-86.60797871434902, 15.107184470700545]], [[-86.60691252538511, 15.1031074981383], [-86.60644571431057, 15.103668627502662], [-86.60796303254568, 15.107148505429715], [-86.60691252538511, 15.1031074981383]], [[-86.60618476485803, 15.100308006895604], [-86.60603774062024, 15.101283349027458], [-86.60655079904555, 15.101716038060207], [-86.60618476485803, 15.100308006895604]], [[-86.59267335850818, 15.084748559430844], [-86.59119261192198, 15.08520750250695], [-86.59269725898899, 15.084753738137158], [-86.59267335850818, 15.084748559430844]], [[-86.59032871127685, 15.077017650442924], [-86.5880541075267, 15.08615399786805], [-86.58806921040507, 15.086149443213184], [-86.59032871127685, 15.077017650442924]], [[-86.80537960773935, 15.011359457405757], [-86.81390015286891, 15.004802495714602], [-86.81387693742461, 15.004794146415522], [-86.80537960773935, 15.011359457405757]], [[-86.75756307897076, 15.018693983380757], [-86.78250448684769, 15.018671729459532], [-86.74650556540739, 15.017745311889481], [-86.75756307897076, 15.018693983380757]], [[-86.74551470242885, 15.017660301506801], [-86.74562141939005, 15.017669457212389], [-86.7153773599395, 14.999552417936691], [-86.74551470242885, 15.017660301506801]], [[-86.70006031140015, 14.970927327172648], [-86.70030758649068, 14.971366674352337], [-86.70253749903553, 14.969785265182267], [-86.70006031140015, 14.970927327172648]], [[-86.69410659125964, 14.963751141875925], [-86.69368856492359, 14.966685584662173], [-86.69371374687117, 14.966702348564805], [-86.69410659125964, 14.963751141875925]], [[-86.68905262563534, 14.961309970880206], [-86.6932071021172, 14.963308204341963], [-86.68904792350224, 14.96126009032693], [-86.68905262563534, 14.961309970880206]], [[-86.68513387850031, 14.954924914589345], [-86.68845802593627, 14.955863288049434], [-86.68845430203451, 14.95582680394736], [-86.68513387850031, 14.954924914589345]], [[-86.67622893627068, 14.953332508480925], [-86.67630090100897, 14.953334072246204], [-86.6767727295661, 14.951546515543505], [-86.67622893627068, 14.953332508480925]], [[-86.67554418547614, 14.943674232502307], [-86.67331942696985, 14.947115939907247], [-86.6755692064946, 14.943682360032254], [-86.67554418547614, 14.943674232502307]], [[-86.78207644176803, 14.89772102918903], [-86.75482718267229, 14.905477802303587], [-86.77056401441297, 14.9010130104583], [-86.78207644176803, 14.89772102918903]], [[-86.71338677307043, 14.947117730728843], [-86.70346608404202, 14.951370263608604], [-86.70346829428011, 14.95141266508322], [-86.71338677307043, 14.947117730728843]], [[-86.70419721579353, 14.965396383492669], [-86.70212849790376, 14.966254866219263], [-86.70215540508299, 14.966267464337552], [-86.70419721579353, 14.965396383492669]], [[-86.70618032889865, 14.968388279375379], [-86.70497251849513, 14.96985501024453], [-86.70635181469977, 14.968477691476371], [-86.70618032889865, 14.968388279375379]], [[-86.70482022442025, 14.970039951871259], [-86.70479707305203, 14.970068066239477], [-86.70521592187366, 14.971951443895353], [-86.70482022442025, 14.970039951871259]], [[-86.70278526027451, 14.969671039400705], [-86.70274284587964, 14.969690593780653], [-86.70521592187366, 14.971951443895353], [-86.70278526027451, 14.969671039400705]], [[-87.36757659455417, 15.144237568777577], [-87.36839210836843, 15.143846318815749], [-87.3699433515758, 15.14119025490206], [-87.36757659455417, 15.144237568777577]], [[-87.3646006477776, 15.145267109606115], [-87.36515157981874, 15.145400991034911], [-87.36559424534977, 15.14518861833308], [-87.3646006477776, 15.145267109606115]], [[-87.2586208603511, 15.122073037745103], [-87.25868489920538, 15.122184758740708], [-87.26086088631303, 15.120203390346205], [-87.2586208603511, 15.122073037745103]], [[-87.18573133645386, 15.042177653037518], [-87.18541999033292, 15.042100462534409], [-87.18951339034446, 15.046990103493322], [-87.18573133645386, 15.042177653037518]], [[-87.17059998851371, 15.038426212818177], [-87.17062904749743, 15.038452085237257], [-87.17257293611009, 15.038915355952879], [-87.17059998851371, 15.038426212818177]], [[-86.52488632234001, 15.176083246122314], [-86.52616879126684, 15.175569424068312], [-86.52545931863293, 15.175675522913838], [-86.52488632234001, 15.176083246122314]], [[-86.5228411002559, 15.183463222894284], [-86.52422378945806, 15.176554680293336], [-86.52373962784677, 15.176899191990916], [-86.5228411002559, 15.183463222894284]], [[-86.48831344120671, 15.239735337415281], [-86.48701325975345, 15.202718256309279], [-86.48638828018383, 15.184932421771377], [-86.48831344120671, 15.239735337415281]], [[-86.48485406189035, 15.24141692800883], [-86.48173814258288, 15.245744943352134], [-86.48612774022544, 15.240797798011329], [-86.48485406189035, 15.24141692800883]], [[-86.29692874386913, 15.286125250481552], [-86.29839798033379, 15.288221592706144], [-86.29693954342524, 15.286107860266656], [-86.29692874386913, 15.286125250481552]], [[-86.32588437317867, 15.240677168880707], [-86.3306752797508, 15.245311473394795], [-86.33069407119909, 15.24520957698285], [-86.32588437317867, 15.240677168880707]], [[-86.48983912252811, 15.15877044968868], [-86.48981297042597, 15.158716899499916], [-86.48307132035988, 15.166942650117878], [-86.48983912252811, 15.15877044968868]], [[-86.48600907130134, 15.150927869191227], [-86.4835101206091, 15.147711532744996], [-86.48963952305895, 15.158361741081036], [-86.48600907130134, 15.150927869191227]], [[-86.46260492557087, 15.132846051498388], [-86.46316953583347, 15.133668885181294], [-86.4835101206091, 15.147711532744996], [-86.46260492557087, 15.132846051498388]], [[-86.44776028032264, 15.116346741247852], [-86.44775511168362, 15.116367172128406], [-86.45496962580222, 15.121718762030222], [-86.44776028032264, 15.116346741247852]], [[-86.448355370714, 15.113895965833345], [-86.44367933060207, 15.11665326401286], [-86.44834659889668, 15.113929154002994], [-86.448355370714, 15.113895965833345]], [[-86.44652581233383, 15.034156813552302], [-86.4465087263001, 15.034146537318078], [-86.4461358407617, 15.037022961725148], [-86.44652581233383, 15.034156813552302]], [[-85.94454674784298, 15.165032639850093], [-85.94454328775056, 15.165001740940045], [-85.94098946426422, 15.16022787802672], [-85.94454674784298, 15.165032639850093]], [[-85.94656869221286, 15.154771984030424], [-85.94659693553378, 15.154744365054029], [-85.94657440300298, 15.154624690633502], [-85.94656869221286, 15.154771984030424]], [[-85.94628694939084, 15.153097971563726], [-85.94621151009241, 15.152697299557348], [-85.94200934080881, 15.151368153909013], [-85.94628694939084, 15.153097971563726]], [[-85.93977053586708, 15.153271665384949], [-85.94184255769963, 15.15131540043127], [-85.93965119020471, 15.15320251810945], [-85.93977053586708, 15.153271665384949]], [[-85.91646221869061, 15.147657722605988], [-85.91637609279391, 15.147052676680138], [-85.91643853129308, 15.147670315276185], [-85.91646221869061, 15.147657722605988]], [[-85.91601503578066, 15.143481118270955], [-85.91627183948144, 15.14295749176768], [-85.91599715627693, 15.143304255089948], [-85.91601503578066, 15.143481118270955]], [[-85.91803119048625, 15.139370149327105], [-85.91814661362783, 15.139134799852634], [-85.91768283892343, 15.139013170143247], [-85.91803119048625, 15.139370149327105]], [[-85.91060272871577, 15.138761438109118], [-85.91704694576855, 15.13884640059136], [-85.91370064001309, 15.137968797322591], [-85.91060272871577, 15.138761438109118]], [[-85.89648064758597, 15.130606740801662], [-85.89652992405509, 15.130574688266282], [-85.896433185235, 15.130258042004872], [-85.89648064758597, 15.130606740801662]], [[-85.89594323307524, 15.128654326769373], [-85.89586992265932, 15.128414366543455], [-85.89483867117754, 15.128141280942604], [-85.89594323307524, 15.128654326769373]], [[-85.89446710593158, 15.128042886787306], [-85.89442658905654, 15.128032157517714], [-85.89207408357144, 15.13002519129563], [-85.89446710593158, 15.128042886787306]], [[-85.88607825399475, 15.124320352064634], [-85.8860575059395, 15.124300610956581], [-85.88536547579098, 15.125285977789373], [-85.88607825399475, 15.124320352064634]], [[-85.88376226869521, 15.127457898880023], [-85.8802880357005, 15.12419074721779], [-85.8837341640889, 15.127495973179556], [-85.88376226869521, 15.127457898880023]], [[-85.87830530045001, 15.12553870803744], [-85.87816308243754, 15.12530454756804], [-85.87822879522962, 15.125590720044372], [-85.87830530045001, 15.12553870803744]], [[-85.87620567391, 15.122081694909326], [-85.87579647808833, 15.121407958270705], [-85.87525678718623, 15.121638567829699], [-85.87620567391, 15.122081694909326]], [[-85.87329721483891, 15.122475891773945], [-85.8730387496994, 15.122586333753985], [-85.87303760540864, 15.122626703579671], [-85.87329721483891, 15.122475891773945]], [[-85.87298882966499, 15.124347479748046], [-85.87295702088183, 15.12546967270538], [-85.87297989204758, 15.125469689999829], [-85.87298882966499, 15.124347479748046]], [[-85.86871387266211, 15.12546646417173], [-85.86280389041406, 15.129944247648055], [-85.86296197043485, 15.130244422816832], [-85.86871387266211, 15.12546646417173]], [[-85.86113169561102, 15.126768948488147], [-85.86108047185346, 15.12664621118415], [-85.86106426910011, 15.126640913558795], [-85.86113169561102, 15.126768948488147]], [[-85.85958642357681, 15.126157719638066], [-85.85817511614306, 15.125696280900712], [-85.85818325866991, 15.125716335220773], [-85.85958642357681, 15.126157719638066]], [[-85.85643996006459, 15.12142274567204], [-85.85277216248599, 15.12480654435337], [-85.85278547809638, 15.12484605703068], [-85.85643996006459, 15.12142274567204]], [[-85.84820908800505, 15.10684383017261], [-85.85192449634431, 15.10574890726646], [-85.84819805443034, 15.106811332769105], [-85.84820908800505, 15.10684383017261]], [[-85.85138329132961, 15.102033131833664], [-85.85462320165381, 15.101021290138954], [-85.85453717512227, 15.100955469135734], [-85.85138329132961, 15.102033131833664]], [[-85.83078581717831, 15.508830342646336], [-85.83368366610924, 15.514489623374727], [-85.83376935969612, 15.513689330614133], [-85.83078581717831, 15.508830342646336]], [[-85.77465787697668, 15.401556505722603], [-85.77522904790331, 15.394009686366799], [-85.77522269227867, 15.393995962427026], [-85.77465787697668, 15.401556505722603]], [[-85.77516402254423, 15.393869274658485], [-85.77356479429504, 15.390416000833754], [-85.77336534190174, 15.390876385029664], [-85.77516402254423, 15.393869274658485]], [[-85.77385929446874, 15.389736223452251], [-85.78004869549734, 15.382755253866268], [-85.7747283023093, 15.387730343907354], [-85.77385929446874, 15.389736223452251]]]}}, {"type": "Feature", "properties": {"code": "R-07", "name": "Norte de Olancho", "level": "subregion", "municipios": ["081400", "150400", "150900", "151100", "151500", "151600", "151900", "152100"], "source": "SINIT/SEPLAN 2016 (Marco Contextual CNI), clasificado a nivel municipio"}, "geometry": {"type": "Polygon", "coordinates": [[[-86.78060609996587, 14.613915023943576], [-86.78851421111112, 14.61998806240663], [-86.79645319751015, 14.621671199675339], [-86.79646063478306, 14.630297949398859], [-86.8056554922125, 14.639791486699446], [-86.84681436005164, 14.642576480294123], [-86.85324215162035, 14.638924447531103], [-86.86872112696646, 14.63818776978727], [-86.87315930429783, 14.643886393005092], [-86.8842894443338, 14.646747064565076], [-86.89686738598225, 14.646014956243562], [-86.91532879367233, 14.639498923795943], [-86.92313481410899, 14.645389943645448], [-86.93693280749561, 14.64591850191028], [-86.94710736527531, 14.656029498343246], [-86.98307489798226, 14.660600869963996], [-86.98721069832604, 14.664249404814377], [-86.98903977867732, 14.66933197174247], [-86.98374893777616, 14.670616693153221], [-86.9782080398088, 14.675750696456841], [-86.97666834711514, 14.683369170108527], [-86.98028705641464, 14.688942474853256], [-86.973916828415, 14.702012498956213], [-86.97511004847118, 14.713402674614358], [-86.9790338697908, 14.717605101306324], [-86.9852206827413, 14.73620392813263], [-86.983044432858, 14.769536310894654], [-86.9927333005806, 14.775876009253649], [-87.00038306207892, 14.785417121524855], [-87.00724439217883, 14.81037025241634], [-87.024772237974, 14.82176574958257], [-87.02900474373993, 14.82993417276635], [-87.0259727199659, 14.832278518648083], [-87.0320417186312, 14.836002813936023], [-87.03411197594208, 14.846231737634707], [-87.03818644177694, 14.849608057647695], [-87.02082831887496, 14.869950024403884], [-87.00719001712194, 14.878701783439245], [-87.00684275172208, 14.88501380676064], [-87.00399771991148, 14.888865497425938], [-87.00813519100384, 14.905446116722315], [-87.00096647503821, 14.920046904561628], [-87.00282926332957, 14.93711580774852], [-86.99726172689383, 14.962396465988018], [-86.99947514572439, 14.968460938565178], [-86.99350371019571, 14.978400631631462], [-87.0023793930543, 14.987501905569], [-86.9884873206749, 15.001442158653447], [-86.98249654529431, 14.999440261497043], [-86.976923513562, 14.989905731538176], [-86.97253467830178, 14.988235995954499], [-86.9688127490198, 14.974117536916303], [-86.96111653507717, 14.969022712282184], [-86.95566147897439, 14.970858228282435], [-86.94840974996465, 14.96468940984725], [-86.93408180095284, 14.96314869590161], [-86.93180330002001, 14.952021567379001], [-86.92238789270054, 14.950652192599135], [-86.9033275496642, 14.939502634736863], [-86.9053148558277, 14.93679960206023], [-86.90335249094292, 14.9389646850684], [-86.86471535005175, 14.925552645496252], [-86.855240203762, 14.911608520035637], [-86.81244686757137, 14.893588642954859], [-86.78235826255472, 14.89764080609402], [-86.77689404352755, 14.883844173274834], [-86.76059915079341, 14.870817296503823], [-86.75536000100193, 14.860690030228008], [-86.68883821191535, 14.83702196742993], [-86.6315094611507, 14.860864906536907], [-86.62287464332918, 14.893190155869394], [-86.62754527314054, 14.92727627450444], [-86.5733481599816, 14.926804150784381], [-86.5602182027991, 14.94399805936047], [-86.56047142579992, 14.968347313601292], [-86.55040569756233, 14.963647822402395], [-86.54906604153905, 14.948570326295084], [-86.53357585415766, 14.936166533371656], [-86.53191686065075, 14.928539260540457], [-86.51770765065704, 14.917716604269872], [-86.51648882961409, 14.92086747378631], [-86.51963791888397, 14.925072551562895], [-86.51846812529982, 14.930274351819774], [-86.52057115514609, 14.93296848466522], [-86.51277080549536, 14.951277053095831], [-86.51627522924166, 14.955287424548532], [-86.52205666329439, 14.95448137807695], [-86.5188069426814, 14.974606668101615], [-86.50743835080942, 14.975912563742732], [-86.49617200218866, 14.972473853156197], [-86.49675567605524, 14.968701655338132], [-86.49357468464025, 14.965392388147453], [-86.49648187610678, 14.963234630227806], [-86.49740888211873, 14.952533252418277], [-86.4955956387027, 14.950485980605183], [-86.47613463203159, 14.977757242957864], [-86.47592338666199, 14.987893938892235], [-86.4695341103057, 14.995745910203787], [-86.4181797731542, 15.00487613560007], [-86.40857273564336, 15.011330292693415], [-86.39399324857676, 15.000847516553035], [-86.34912932563145, 14.989623903745679], [-86.3359912348881, 14.995343834559252], [-86.2746421313814, 14.96931515638402], [-86.13910101212875, 14.932344426170909], [-86.08274281660019, 14.936027338263624], [-86.0535128933115, 14.927451035847488], [-86.04488263365943, 14.928605085144254], [-85.98118773451623, 14.812560041130691], [-86.0017146770961, 14.80051113696594], [-86.1360215427335, 14.742593980566005], [-86.14666072837777, 14.724980549761998], [-86.2688732194694, 14.743640750285937], [-86.29651912434754, 14.742113800248857], [-86.37849469209758, 14.766493673158227], [-86.4248682444585, 14.791537977709677], [-86.43054789543133, 14.785690932155692], [-86.43090596599497, 14.779766533165935], [-86.44616229983048, 14.754692005217493], [-86.45148145214218, 14.713323444018751], [-86.48191215518462, 14.713514385780119], [-86.4900098069082, 14.722084185581409], [-86.4992787455925, 14.722455882430063], [-86.49971270060298, 14.717253609822446], [-86.50501829247749, 14.709427400554073], [-86.52931177775463, 14.681592508625291], [-86.59096778395426, 14.687167992110718], [-86.60084108356703, 14.694855617634532], [-86.6164977811593, 14.699646805544257], [-86.62226298224044, 14.703808502660321], [-86.62689528997932, 14.713004261755422], [-86.6341633949955, 14.719389998241335], [-86.63336052829135, 14.730447412597414], [-86.63538063345636, 14.732481506116178], [-86.64197135014105, 14.732152745636311], [-86.64145889290266, 14.734840620054497], [-86.64684388316836, 14.738358063180527], [-86.64612389829313, 14.73511112307908], [-86.65228462318329, 14.729167864697304], [-86.65531600647246, 14.731048478184494], [-86.65909549391462, 14.725712890835378], [-86.65700439662784, 14.725161675321695], [-86.65906171727666, 14.719423448021876], [-86.67248247815814, 14.707223386776963], [-86.67521693559151, 14.712421156610924], [-86.67237480895002, 14.706619721739964], [-86.67762831711377, 14.693185932995645], [-86.66846749369728, 14.690528412170975], [-86.66838403703163, 14.684658176366963], [-86.67305985373496, 14.681651754601742], [-86.66356703199281, 14.674371179470826], [-86.6639762767604, 14.669804733502591], [-86.66093485490592, 14.668900692243922], [-86.65586546841259, 14.661582142683384], [-86.65893651004933, 14.657142808867857], [-86.65746114760324, 14.654091431051459], [-86.65919660852485, 14.648838660410657], [-86.63695521734012, 14.647421689351912], [-86.6365971330428, 14.643178450138315], [-86.62842631555377, 14.641452212997176], [-86.62587236028054, 14.63234342856751], [-86.61728312653362, 14.627196228764754], [-86.61459200921757, 14.615225502349443], [-86.60880600477512, 14.606805109624453], [-86.60641409800647, 14.60708362363355], [-86.60840003796788, 14.602079163561424], [-86.60059774500247, 14.598726272526532], [-86.60170105211633, 14.595389617175393], [-86.59961979392506, 14.593695317024537], [-86.61150776065924, 14.58736153465234], [-86.61413879529451, 14.580593872278717], [-86.64204438671749, 14.573461616591455], [-86.64592415490469, 14.574989883859134], [-86.6479114544718, 14.580436974355822], [-86.65371791326872, 14.582624643651917], [-86.65874983516446, 14.59386719370759], [-86.68535084737478, 14.580985402567823], [-86.719612766944, 14.575867441550459], [-86.74047967592685, 14.576614866552303], [-86.75985946119282, 14.586087369261184], [-86.75867966823375, 14.589943503195247], [-86.76198533075713, 14.598670839782942], [-86.76863050680396, 14.606687180986022], [-86.77955860438341, 14.610726900820646], [-86.78060609996587, 14.613915023943576]], [[-86.7698023158204, 14.755320938224346], [-86.76976741084, 14.755325514976501], [-86.7650901414919, 14.760498140789204], [-86.7698023158204, 14.755320938224346]], [[-86.77490711575541, 14.754820867242495], [-86.77479060157957, 14.75466687260558], [-86.77059169002412, 14.75521743522714], [-86.77490711575541, 14.754820867242495]], [[-86.76932735694318, 14.752255824595354], [-86.7693855378566, 14.752358416212521], [-86.77306128308149, 14.752381264246864], [-86.76932735694318, 14.752255824595354]], [[-86.76750062114188, 14.749065452828328], [-86.76740197600562, 14.749037996960459], [-86.76750261707487, 14.749069092739868], [-86.76750062114188, 14.749065452828328]], [[-86.75579943727335, 14.74580866622543], [-86.7522666585489, 14.746801718742859], [-86.75782387401841, 14.746372127029382], [-86.75579943727335, 14.74580866622543]], [[-86.75136646823874, 14.742170564864356], [-86.74954226546232, 14.742625048151053], [-86.74713900382005, 14.74439489604674], [-86.74846203694466, 14.743803778435325], [-86.75136646823874, 14.742170564864356]], [[-86.74197813041242, 14.743787956551854], [-86.74332450296527, 14.746099175850542], [-86.74391709833195, 14.74583441032716], [-86.74197813041242, 14.743787956551854]], [[-86.7451250127145, 14.738743726486044], [-86.74173087213002, 14.743363506340916], [-86.74176683822702, 14.74342524670938], [-86.7451250127145, 14.738743726486044]], [[-86.6813008022903, 14.731704843093375], [-86.68148954043185, 14.731934721090978], [-86.68187909088371, 14.731933426540872], [-86.6813008022903, 14.731704843093375]], [[-86.6730580823087, 14.719718365403956], [-86.67361184745478, 14.722339902193834], [-86.6746648125132, 14.72362238541195], [-86.6730580823087, 14.719718365403956]], [[-86.67431929215424, 14.715903435468737], [-86.6728992532029, 14.71896646480656], [-86.67294443412801, 14.719180352333137], [-86.67431929215424, 14.715903435468737]], [[-86.67284610369369, 14.713839670396089], [-86.67281223291369, 14.713854576821095], [-86.67392338587399, 14.715348816982981], [-86.67284610369369, 14.713839670396089]], [[-86.67537889001292, 14.712751742874808], [-86.67536811196375, 14.712729742394814], [-86.67435226001055, 14.713176815682157], [-86.67537889001292, 14.712751742874808]], [[-86.78196476067149, 14.701242415337738], [-86.78128805997697, 14.699736176027148], [-86.78159374390071, 14.701761119655812], [-86.78196476067149, 14.701242415337738]], [[-86.76933703812169, 14.71952782603401], [-86.77160098053312, 14.712113826947832], [-86.76929787118848, 14.719536199150216], [-86.76933703812169, 14.71952782603401]], [[-86.76668447068762, 14.72009489252491], [-86.76678238681801, 14.720073959991492], [-86.76669703883736, 14.720069936254541], [-86.76668447068762, 14.72009489252491]], [[-86.76507242283955, 14.72340118877462], [-86.76617872000116, 14.721099149407053], [-86.76500331601076, 14.723433120627012], [-86.76507242283955, 14.72340118877462]], [[-86.75925461795002, 14.727331233596683], [-86.75930803707193, 14.727270964310941], [-86.75924224688232, 14.727314658064149], [-86.75925461795002, 14.727331233596683]], [[-86.75773737593467, 14.730025605097445], [-86.76015355864864, 14.728615311657535], [-86.75799140152535, 14.729577107639706], [-86.75773737593467, 14.730025605097445]], [[-86.75585389188254, 14.733371918751585], [-86.75608812479497, 14.732937457172472], [-86.75584698109846, 14.733363210871333], [-86.75585389188254, 14.733371918751585]], [[-86.90104831974394, 14.771088880890373], [-86.89425563922062, 14.794000337696692], [-86.90104836730772, 14.771088950876486], [-86.90104831974394, 14.771088880890373]], [[-86.8913916268035, 14.798220220766815], [-86.8957676415188, 14.802768949874688], [-86.89577569815592, 14.802767154666082], [-86.8913916268035, 14.798220220766815]], [[-86.89872982099976, 14.802229221347112], [-86.90274865210125, 14.804847715802643], [-86.89879750687996, 14.80221651096404], [-86.89872982099976, 14.802229221347112]], [[-86.90367624061399, 14.805465429211354], [-86.90454907232517, 14.807692416726189], [-86.90375631140876, 14.805518751134699], [-86.90367624061399, 14.805465429211354]], [[-86.9085707205458, 14.807901770793455], [-86.91183535500905, 14.81581790151722], [-86.90858263560034, 14.807911040477412], [-86.9085707205458, 14.807901770793455]], [[-86.91101701282214, 14.82233705207445], [-86.90708920226842, 14.822435480798148], [-86.91103486132322, 14.822360185743884], [-86.91101701282214, 14.82233705207445]], [[-86.91019166493857, 14.845329300390105], [-86.91033714056103, 14.845846088677396], [-86.91428880931396, 14.855845592816443], [-86.91019166493857, 14.845329300390105]], [[-86.9144516463628, 14.85625764398916], [-86.91445657709139, 14.856270120956225], [-86.91946951781478, 14.864031694478665], [-86.9144516463628, 14.85625764398916]], [[-86.92923811829078, 14.868559540200666], [-86.9297514690472, 14.869270038770125], [-86.92968589312419, 14.868767088392326], [-86.92923811829078, 14.868559540200666]], [[-86.9296371541164, 14.887385517603178], [-86.93613561564996, 14.896876208105411], [-86.93616456167186, 14.896837902519525], [-86.9296371541164, 14.887385517603178]], [[-86.91420386525776, 14.93111324145798], [-86.91411290531836, 14.934207581128536], [-86.91419945723159, 14.934182770816657], [-86.91420386525776, 14.93111324145798]], [[-86.9061537310028, 14.93648909738505], [-86.9054065480717, 14.936698437734973], [-86.90540061969148, 14.936704978534479], [-86.9061537310028, 14.93648909738505]], [[-86.54073459140285, 14.855866591667544], [-86.54070663319044, 14.855976222715553], [-86.54759523471431, 14.848256253662042], [-86.54073459140285, 14.855866591667544]], [[-86.53694070382303, 14.86902001245024], [-86.53705135917866, 14.870308057114267], [-86.53707273207881, 14.870221750760754], [-86.53694070382303, 14.86902001245024]], [[-86.53646549414403, 14.864694592308444], [-86.53582119651337, 14.864084048388927], [-86.53647786249842, 14.864807170674469], [-86.53646549414403, 14.864694592308444]], [[-86.52507288732023, 14.853898825735989], [-86.52501983160505, 14.853894319616318], [-86.52511728968878, 14.853940901936237], [-86.52507288732023, 14.853898825735989]], [[-86.48269616810678, 14.84614276219274], [-86.48458113160817, 14.854780091747374], [-86.48463467228548, 14.854808126832165], [-86.48269616810678, 14.84614276219274]], [[-86.47328807819072, 14.84233786035287], [-86.47328450787971, 14.84235352281908], [-86.47827462102882, 14.847651666223145], [-86.47328807819072, 14.84233786035287]], [[-86.48115366605339, 14.819637589828261], [-86.48114711653216, 14.819630857613209], [-86.47616781228857, 14.829704860628846], [-86.48115366605339, 14.819637589828261]], [[-86.47776390447198, 14.816153273476965], [-86.47774382934487, 14.816338929711716], [-86.48073564503851, 14.819207908441431], [-86.47776390447198, 14.816153273476965]], [[-86.47830898561962, 14.809542425648875], [-86.47782208188897, 14.80932815285402], [-86.47828992081674, 14.809725445256785], [-86.47830898561962, 14.809542425648875]], [[-86.47549785842465, 14.808305326725947], [-86.47370008927234, 14.808827633354635], [-86.4758301385555, 14.808451553973407], [-86.47549785842465, 14.808305326725947]], [[-86.47343682401046, 14.808904119922007], [-86.47321581749611, 14.809670435525245], [-86.4734684417111, 14.808894934018129], [-86.47343682401046, 14.808904119922007]], [[-86.46877277598281, 14.810823683863875], [-86.47267412875296, 14.811333302391407], [-86.47268379771162, 14.811303620786955], [-86.46877277598281, 14.810823683863875]], [[-86.44669070434993, 14.803328658366192], [-86.44662564185046, 14.803294428275716], [-86.44759468134555, 14.805983252687263], [-86.44669070434993, 14.803328658366192]], [[-86.63386650956649, 14.73272775639866], [-86.63477121727779, 14.734418782351764], [-86.63487196730748, 14.734098507562353], [-86.63386650956649, 14.73272775639866]], [[-86.5696199437323, 14.784276663674842], [-86.56690842935168, 14.78566256700826], [-86.58255017633871, 14.779081359330796], [-86.5696199437323, 14.784276663674842]], [[-86.56077043104344, 14.788799807355087], [-86.55515774663012, 14.79396062328716], [-86.5625615588442, 14.787884330008778], [-86.56077043104344, 14.788799807355087]], [[-86.5164121751885, 14.916943486193198], [-86.5164846733379, 14.916979615797793], [-86.51484274188184, 14.910906385265385], [-86.5164121751885, 14.916943486193198]], [[-86.51987918038604, 14.910413683125839], [-86.51758210618509, 14.909054239663826], [-86.51985753428075, 14.910427605178684], [-86.51987918038604, 14.910413683125839]], [[-86.5261802360557, 14.906332939739821], [-86.5209291119157, 14.9097384021899], [-86.52610152043572, 14.906411681572639], [-86.5261802360557, 14.906332939739821]], [[-86.53459290048168, 14.8978559237459], [-86.53429700674134, 14.89821346611347], [-86.53454837362553, 14.897962015522369], [-86.53459290048168, 14.8978559237459]], [[-86.25505527529924, 14.797538553270508], [-86.24383147250316, 14.791794573857151], [-86.24378657624254, 14.791834448260087], [-86.25505527529924, 14.797538553270508]], [[-86.2470654532796, 14.806136088176052], [-86.24781299601291, 14.804997161644625], [-86.24779307612528, 14.805017676545368], [-86.2470654532796, 14.806136088176052]], [[-86.24276971338844, 14.812738966968602], [-86.24343921998255, 14.820146525923647], [-86.24285039034552, 14.812614960352182], [-86.24276971338844, 14.812738966968602]], [[-86.24363376546071, 14.825025624867227], [-86.24197603325199, 14.820974784332087], [-86.24146896321818, 14.821175345798009], [-86.24363376546071, 14.825025624867227]], [[-86.24260343089796, 14.829999437506691], [-86.24367231679304, 14.82511982904497], [-86.24366561809215, 14.825103460074779], [-86.24260343089796, 14.829999437506691]], [[-86.2465188342917, 14.833642660268465], [-86.24641816381505, 14.833558018570976], [-86.2465046625371, 14.83363870907306], [-86.2465188342917, 14.833642660268465]], [[-86.25145304408306, 14.834997409293976], [-86.24789230195789, 14.834025593735904], [-86.25145727503764, 14.835019535957022], [-86.25145304408306, 14.834997409293976]], [[-86.33933780058628, 14.92677894374897], [-86.34190257625374, 14.920673045638342], [-86.34170566480577, 14.920987470838186], [-86.33933780058628, 14.92677894374897]], [[-86.34339508585296, 14.91828982905127], [-86.3481121276142, 14.91477556855288], [-86.34400521749912, 14.917315580135087], [-86.34339508585296, 14.91828982905127]], [[-86.35042989075512, 14.91304880337609], [-86.35075663429781, 14.912805374976829], [-86.3506848984701, 14.912133063688836], [-86.35042989075512, 14.91304880337609]], [[-86.34983290255563, 14.904148121031646], [-86.34977829238825, 14.903636312174749], [-86.34971541918388, 14.903653190306564], [-86.34983290255563, 14.904148121031646]], [[-86.2552046872117, 14.824359589483016], [-86.25037856482813, 14.818757873652228], [-86.2500970862662, 14.818824199773914], [-86.2552046872117, 14.824359589483016]], [[-86.33248524921385, 14.94125379727186], [-86.33298010333331, 14.941014697660977], [-86.33325766307814, 14.940429463531393], [-86.33248524921385, 14.94125379727186]]]}}, {"type": "Feature", "properties": {"code": "R-08", "name": "Valle de Olancho", "level": "subregion", "municipios": ["080600", "150100", "150200", "150300", "151800", "152000"], "source": "SINIT/SEPLAN 2016 (Marco Contextual CNI), clasificado a nivel municipio"}, "geometry": {"type": "Polygon", "coordinates": [[[-86.60009414148068, 14.592902745200462], [-86.60170447883547, 14.595419009011], [-86.59909891839845, 14.596456206987101], [-86.60828079821495, 14.601911692894467], [-86.60641409800647, 14.60708362363355], [-86.60880600477512, 14.606805109624453], [-86.61459200921757, 14.615225502349443], [-86.61728312653362, 14.627196228764754], [-86.62587236028054, 14.63234342856751], [-86.62842631555377, 14.641452212997176], [-86.6365971330428, 14.643178450138315], [-86.63695521734012, 14.647421689351912], [-86.65920876641556, 14.648860148344504], [-86.65746114760324, 14.654091431051459], [-86.65893651004933, 14.657142808867857], [-86.65586546841259, 14.661582142683384], [-86.66093485490592, 14.668900692243922], [-86.6639762767604, 14.669804733502591], [-86.66356703199281, 14.674371179470826], [-86.67305985373496, 14.681651754601742], [-86.66838403703163, 14.684658176366963], [-86.66846749369728, 14.690528412170975], [-86.67596242553135, 14.691453313221226], [-86.67770553791676, 14.694368200129936], [-86.6711712471395, 14.710144159914584], [-86.65907684339265, 14.719404259307296], [-86.65700439662784, 14.725161675321695], [-86.65901742225432, 14.725884563567945], [-86.65529740634074, 14.731062013883633], [-86.65230786024311, 14.729157724734353], [-86.64634958196761, 14.734867355024402], [-86.64678342190234, 14.73840204954968], [-86.64145889290266, 14.734840620054497], [-86.64197135014105, 14.732152745636311], [-86.63421738246262, 14.732275109592386], [-86.6341633949955, 14.719389998241335], [-86.62689528997932, 14.713004261755422], [-86.62230878376839, 14.70384586960963], [-86.6164977811593, 14.699646805544257], [-86.60084108356703, 14.694855617634532], [-86.59105189107879, 14.68720317355414], [-86.52931177775463, 14.681592508625291], [-86.50501829247749, 14.709427400554073], [-86.49971270060298, 14.717253609822446], [-86.4992787455925, 14.722455882430063], [-86.4900098069082, 14.722084185581409], [-86.48191215518462, 14.713514385780119], [-86.45148145214218, 14.713323444018751], [-86.44616229983048, 14.754692005217493], [-86.43090596599497, 14.779766533165935], [-86.43054789543133, 14.785690932155692], [-86.42466918955965, 14.791742899291458], [-86.37849469209758, 14.766493673158227], [-86.29651912434754, 14.742113800248857], [-86.2688732194694, 14.743640750285937], [-86.14666072837777, 14.724980549761998], [-86.1360215427335, 14.742593980566005], [-85.99818146898535, 14.802145652878659], [-85.98118773451623, 14.812560041130691], [-86.04899480990487, 14.935530098299825], [-85.99374373397823, 14.933336425050632], [-85.92423268081872, 14.921520023101904], [-85.92091252861405, 14.920936000035077], [-85.9158062750544, 14.923707463080971], [-85.93997992344794, 15.032482046922432], [-85.93564395499317, 15.04775614464884], [-85.8477082603606, 15.055446821139714], [-85.81332142709968, 15.034387141114944], [-85.79640832164606, 15.032755823535334], [-85.7283713083783, 15.07705529519124], [-85.69787196533595, 15.08296889749966], [-85.62368923619795, 15.02216371511481], [-85.61911518182936, 15.02207836775388], [-85.61594800134255, 15.02611196074384], [-85.60586937369447, 15.023754495341421], [-85.58662386695322, 14.975660684790775], [-85.58263828592955, 14.971350387837148], [-85.42796496446621, 14.869461889678233], [-85.40558118324309, 14.86492841944157], [-85.40259013572037, 14.87289297594451], [-85.39532830179344, 14.869259758180052], [-85.39236108249135, 14.870497570992711], [-85.38813063037063, 14.863198876194273], [-85.3838808633824, 14.864621904670587], [-85.38094593019565, 14.861920263564526], [-85.37694292613072, 14.86273029013587], [-85.37339904253102, 14.864659723099546], [-85.3775761626857, 14.867836842725751], [-85.37571167118195, 14.868474407638692], [-85.37667866730293, 14.870188338546773], [-85.36610437592846, 14.875921457869602], [-85.36327880847895, 14.884297761066351], [-85.3590540497492, 14.888791146211707], [-85.33074328532912, 14.883243024013861], [-85.31724545759789, 14.89461692805378], [-85.313858746996, 14.893239729923815], [-85.30281329324626, 14.901474199685952], [-85.29565103831608, 14.895510248347097], [-85.28345593163846, 14.899193637740014], [-85.2817947313882, 14.896037161590376], [-85.27708594338193, 14.89470148681402], [-85.27560623551717, 14.888898264162666], [-85.26929216277027, 14.88961098125708], [-85.26932837825144, 14.887038887342644], [-85.26212984040025, 14.882814644746878], [-85.25694361884382, 14.874957656611018], [-85.24824679579135, 14.873966182968497], [-85.24698624694331, 14.878168116093027], [-85.2412898960466, 14.874433756775915], [-85.23480923176866, 14.877329121231137], [-85.23440589860883, 14.869437305172047], [-85.22845725348715, 14.868922631098163], [-85.21380658344385, 14.858802256574196], [-85.20901820794064, 14.859465369421777], [-85.21100975767168, 14.854784764036324], [-85.20773368991591, 14.848754919920228], [-85.20385743638693, 14.850168397679171], [-85.202235048539, 14.847767548507148], [-85.19550260262427, 14.846487941990565], [-85.19110583546774, 14.835146374794329], [-85.17741728829559, 14.8364696044135], [-85.1764848876194, 14.84040252281882], [-85.18111995088984, 14.846566610595344], [-85.1784000095036, 14.848228285064925], [-85.1828139382746, 14.856832961850838], [-85.17829933739307, 14.867577680676776], [-85.17318898246498, 14.870866198795856], [-85.16787746514531, 14.871274594944387], [-85.16438822155418, 14.868125443246415], [-85.16679061140066, 14.860436917941026], [-85.16520549980801, 14.858274501280244], [-85.15929358453383, 14.859397525827378], [-85.15776442738418, 14.866464859765632], [-85.15085828779021, 14.871308663638247], [-85.14776169635634, 14.869612926003715], [-85.13974832445156, 14.873172032261964], [-85.13523703955786, 14.873176081153652], [-85.13578729704246, 14.868070009642494], [-85.13030632494555, 14.861123285261954], [-85.12234355270623, 14.857834307522568], [-85.11759269194516, 14.862742109925701], [-85.10823556995602, 14.858483283972582], [-85.10549612856532, 14.862975846894113], [-85.1042326160741, 14.856773899643274], [-85.10671115356745, 14.851427453914097], [-85.12105904153111, 14.843726973447716], [-85.12838941765946, 14.845745590643396], [-85.13164423449051, 14.840321510128478], [-85.13408269065938, 14.816713501969668], [-85.13710550251963, 14.813835891164779], [-85.13806102618722, 14.804537508394631], [-85.14779227651778, 14.785478320313366], [-85.1420695697496, 14.782540362650082], [-85.13991779561225, 14.77236060628006], [-85.14981841757526, 14.764549436925005], [-85.16011087817552, 14.761552165395186], [-85.05089289237547, 14.65149386693658], [-85.03531350880436, 14.647972828492328], [-85.02900581310162, 14.643370539197312], [-85.0240004395047, 14.63270640573151], [-85.02679711294456, 14.629641776683473], [-85.02638496759387, 14.625262185069921], [-85.03381097906585, 14.62127531674902], [-85.0432919897569, 14.610914054996265], [-85.0388163014222, 14.607930413533088], [-85.02300882946923, 14.610242553172379], [-85.02159046686596, 14.608711197834028], [-85.04341697007764, 14.575117416544064], [-85.05918471607315, 14.56843383023411], [-85.06599068474962, 14.55958191936898], [-85.07393126577004, 14.559912897260286], [-85.0867474932422, 14.552399713660021], [-85.09657287903649, 14.553032239660716], [-85.10407195580471, 14.55874366077156], [-85.10840594518122, 14.563669055643318], [-85.11238646762675, 14.576280007880474], [-85.12092103466073, 14.57943391558198], [-85.1223595607706, 14.585773879972532], [-85.13504579435771, 14.576304916376749], [-85.14554266850787, 14.576913757483336], [-85.15189883131782, 14.571659110964479], [-85.15122434870639, 14.567346286778445], [-85.14395932379902, 14.565138945700399], [-85.14230478046757, 14.562090363724613], [-85.14056988871887, 14.551884601931429], [-85.14756907213258, 14.544053776054312], [-85.13922724571776, 14.519208068347545], [-85.14807898756413, 14.503973123428796], [-85.14967884749831, 14.486757951954742], [-85.15382100205386, 14.482627615936488], [-85.16344627517198, 14.481626402699959], [-85.16597515191522, 14.47441380693609], [-85.17419166282768, 14.476285263147442], [-85.18333826610716, 14.468815273152817], [-85.18489177489408, 14.465115032376469], [-85.18066121234212, 14.45927790849804], [-85.18511638545036, 14.448085201904785], [-85.18065010791817, 14.43498224376411], [-85.1807167591583, 14.428275647655035], [-85.18793396751038, 14.424242757440203], [-85.18845149977491, 14.415208976359464], [-85.19211466764021, 14.407326754084442], [-85.1987396693689, 14.40866073514178], [-85.20135815576032, 14.406768067694287], [-85.2021761177083, 14.39624636270554], [-85.2058323393068, 14.38694934423614], [-85.22133084340115, 14.374861834836173], [-85.21783192406804, 14.367710259889707], [-85.20728847758168, 14.369956785255088], [-85.19679142385232, 14.365526488277867], [-85.19838584541333, 14.356425099604921], [-85.19414781446967, 14.351397184363146], [-85.1988672953335, 14.346428386420106], [-85.192732269159, 14.33637684318093], [-85.19253963588528, 14.32896435782891], [-85.1823238483821, 14.332895731584857], [-85.18076357897438, 14.315512034221477], [-85.15731929523463, 14.305169613475423], [-85.15312251942741, 14.300986494075019], [-85.1588249889059, 14.287497886359603], [-85.16583124765945, 14.283637507703036], [-85.16938430613679, 14.276880885425873], [-85.17674248116647, 14.270539704883923], [-85.18550280258654, 14.249594717354098], [-85.18926527947279, 14.248596381680832], [-85.20071824203656, 14.25727807494844], [-85.20838139829095, 14.253272083365523], [-85.21963141110203, 14.254813704284972], [-85.22649098029764, 14.251915021751403], [-85.23998307261152, 14.252334665701813], [-85.25438491381966, 14.258806738047594], [-85.26172802510872, 14.25800627496854], [-85.26927346062413, 14.261883190709508], [-85.2710169949924, 14.258895152572888], [-85.28468789828851, 14.260203883097484], [-85.28993427793716, 14.251351276920337], [-85.29663714629316, 14.249858196916646], [-85.31076056246756, 14.256325026370943], [-85.32985521924186, 14.250801429796985], [-85.33299001696297, 14.247603392689188], [-85.34045035674994, 14.248937738177212], [-85.34221573418633, 14.245517632397673], [-85.34129060954697, 14.234045842533652], [-85.34376354238914, 14.231656498764941], [-85.35644150269144, 14.231461604227395], [-85.35824059944707, 14.217701414019016], [-85.36196537215264, 14.213031403700548], [-85.36939241627691, 14.213317157980924], [-85.3674966510616, 14.22096108653035], [-85.36973304561778, 14.22469348617205], [-85.37868529419927, 14.224577009627602], [-85.3838768560505, 14.220862243302635], [-85.38281938528374, 14.218013547198359], [-85.37551482749765, 14.215791359206367], [-85.37722476061731, 14.208499717822088], [-85.37411321288133, 14.203657588544043], [-85.37405901884947, 14.197700727895574], [-85.38030894417176, 14.196770308287805], [-85.38148857264432, 14.19455476203516], [-85.37537618773851, 14.183342677756844], [-85.39876493381276, 14.162130142723752], [-85.40092480938904, 14.14561142975777], [-85.39508976753811, 14.139930039338298], [-85.3970993862768, 14.135929095659263], [-85.40448489616203, 14.133780661768263], [-85.40463243404187, 14.123487526588857], [-85.41309899781857, 14.122063415577845], [-85.42059906299036, 14.114886155306868], [-85.42553491088127, 14.116826841494643], [-85.43058568794773, 14.106556549454357], [-85.44402549622889, 14.106061876580457], [-85.45193523372153, 14.113614122868526], [-85.45505870240436, 14.11379124628361], [-85.45713941692064, 14.106603848545104], [-85.46169040940113, 14.1038172813043], [-85.46659958913153, 14.093666037199311], [-85.47815140629017, 14.09402398284497], [-85.4788125958839, 14.084207117833886], [-85.48227448271189, 14.084709134286834], [-85.4837003621818, 14.089219613679948], [-85.49306831306293, 14.088331490941298], [-85.49418341997476, 14.085983743164435], [-85.4915428329006, 14.080889466186967], [-85.49433107484968, 14.076168074462506], [-85.49783538463203, 14.077341285592777], [-85.50002665954904, 14.087002042504182], [-85.50560154711704, 14.088620792609182], [-85.50930807179064, 14.07873895348332], [-85.50692462517945, 14.067153950771282], [-85.50835271884829, 14.061749372001971], [-85.52113674088517, 14.060267577285973], [-85.51761169864018, 14.052440511984532], [-85.51881969499696, 14.04808644401054], [-85.52325615474467, 14.047258236921977], [-85.52839639479525, 14.049584449097662], [-85.5358336601058, 14.045631937584105], [-85.5620574273491, 14.051243518886356], [-85.56086040138706, 14.057021662425262], [-85.55519900144245, 14.063877064083613], [-85.56851800029906, 14.063114580637135], [-85.57036012619703, 14.06442604450558], [-85.5697839484396, 14.071273446042618], [-85.57834835022346, 14.082745478792008], [-85.5853451224573, 14.079617121761283], [-85.60128855461306, 14.092871736387744], [-85.6051664882096, 14.092155216301114], [-85.60970801750398, 14.095695606311049], [-85.61011515420628, 14.11047433374546], [-85.60851221535637, 14.121062872480143], [-85.60497417989247, 14.12206612247021], [-85.60518380631284, 14.13374986017681], [-85.61058279286804, 14.138555159109616], [-85.61219195790643, 14.147677497193662], [-85.61856028744857, 14.160586607768106], [-85.63684372434983, 14.167199715507174], [-85.63924308980255, 14.177133232516205], [-85.65022552306787, 14.186725416178767], [-85.65241278099975, 14.192204477996997], [-85.66133518704827, 14.18417865162855], [-85.65849061048371, 14.176616839802117], [-85.66559361637775, 14.172317401636855], [-85.67051339545813, 14.17577079544726], [-85.67885322616391, 14.177040660660262], [-85.68688398141455, 14.183637518925865], [-85.69308810777817, 14.181347062284196], [-85.70161810426988, 14.184477149115702], [-85.70653957762057, 14.182676581209144], [-85.71267673319335, 14.190476021114725], [-85.72570885757634, 14.189775050503023], [-85.73834602802035, 14.184987475558199], [-85.75186378057226, 14.190626918208435], [-85.75404140479155, 14.197486060578342], [-85.75833176512316, 14.200754847011831], [-85.76719067667312, 14.196732613523354], [-85.76973594961264, 14.183212729938578], [-85.77403934947944, 14.179422127282931], [-85.77906071057734, 14.162626388460504], [-85.7951411519359, 14.16072222404157], [-85.80762490629863, 14.16271351475447], [-85.81300695176331, 14.16677778336636], [-85.81484664541577, 14.172803136948412], [-85.8233159696904, 14.180170816210023], [-85.82663137962841, 14.18669264829756], [-85.83776475264385, 14.18582593780069], [-85.84684197758918, 14.180423016245896], [-85.84689317280053, 14.17682409749953], [-85.85096836086402, 14.172322381343767], [-85.8720376624636, 14.163353776352624], [-85.87605998874514, 14.157089580215478], [-85.87231260477427, 14.14647328600133], [-85.87711159049995, 14.135258536913762], [-85.88741855872668, 14.128304641827011], [-85.90483992320416, 14.126300763468691], [-85.90853972092863, 14.131381387802827], [-85.90510381107751, 14.136500765163365], [-85.90460974203448, 14.142345449800477], [-85.88612583188548, 14.177601726505982], [-85.87915822860069, 14.180272326537136], [-85.88017167135422, 14.184875228538516], [-85.87617590737278, 14.191769017849005], [-85.87190015201762, 14.195505182669816], [-85.85906632613059, 14.199298946839603], [-85.84962517245503, 14.20578650352972], [-85.844899759907, 14.212853572069077], [-85.83722436161959, 14.212284132060308], [-85.8339654712512, 14.217786200127435], [-85.82718067860526, 14.22060520929273], [-85.82306334343627, 14.22649273810282], [-85.8190867981632, 14.237680684120537], [-85.82137661883738, 14.244481171854066], [-85.81709165843968, 14.251289812658818], [-85.82339534406766, 14.264930954246696], [-85.81919356261147, 14.275604681625719], [-85.8269645994851, 14.28405381159769], [-85.82479531321954, 14.287764268162487], [-85.82592945728102, 14.292731780466887], [-85.82280456219291, 14.297344894860444], [-85.82482044500881, 14.30144326741235], [-85.8205856291978, 14.30631075093437], [-85.81984052930568, 14.31484883939291], [-85.81597660837048, 14.315435313241528], [-85.80393452597836, 14.326932733667787], [-85.8049586637161, 14.335210678872988], [-85.816027271548, 14.352712391008724], [-85.82919658814595, 14.361230306415592], [-85.83783491677595, 14.362153118003718], [-85.84302255954881, 14.357433553211267], [-85.85797374912381, 14.365609476139854], [-85.8577203869141, 14.37076454990882], [-85.86223343879314, 14.38078699710072], [-85.87449081065131, 14.390384173899388], [-85.87508510393303, 14.397066592476989], [-85.88561103317028, 14.405062815587268], [-85.89175996445522, 14.408670548478922], [-85.90180861957694, 14.40864515438955], [-85.91038141406905, 14.411478302549035], [-85.93160192358116, 14.410840718839188], [-85.93669061008724, 14.419040693194887], [-85.95029319676553, 14.430129720129198], [-85.95847130444004, 14.44635054852742], [-85.98102240262502, 14.438592983353669], [-85.99175063915432, 14.441611158083676], [-86.00163942007342, 14.452083722500133], [-86.00001843441373, 14.457869541992789], [-85.99105444953125, 14.464202579159336], [-85.98661337040431, 14.473776548919135], [-85.97699761745861, 14.48241034846338], [-85.9762919340499, 14.485810993016374], [-85.97997302830755, 14.490802609177617], [-85.97012714022857, 14.494922768036155], [-85.96696010997009, 14.501555804031394], [-85.96549305952148, 14.510999922079977], [-85.96195976782587, 14.516739639359272], [-85.96289298704717, 14.52047177957284], [-85.97209028957387, 14.52708461677849], [-85.98373900569156, 14.523371197627247], [-85.98863930167418, 14.52876371451616], [-85.99428809051985, 14.528808160506841], [-85.98846309724472, 14.528246322079427], [-86.0134975066871, 14.497912561921632], [-86.05260379776553, 14.43307946981579], [-86.06290712372919, 14.393272736466594], [-86.10929086122509, 14.348227636040724], [-86.15031445047522, 14.27138441031989], [-86.18641468410799, 14.360632111151263], [-86.24977373542335, 14.345388815640433], [-86.25878377688429, 14.334356449050954], [-86.27432278651405, 14.329196762677494], [-86.28564368216443, 14.319317426303177], [-86.29484871894944, 14.319368664355885], [-86.30553023789783, 14.311181649475245], [-86.31697358158705, 14.297626933379135], [-86.33223287856096, 14.292130198293869], [-86.3422449910447, 14.28429214682352], [-86.34927589723999, 14.287332388407668], [-86.35652819787234, 14.282274264636326], [-86.44094803247074, 14.289205200868748], [-86.44786785539512, 14.313477305391162], [-86.45972036317069, 14.324133905402856], [-86.46405293800554, 14.333242815782636], [-86.47784397173591, 14.332268821796191], [-86.50259738084492, 14.337446238632054], [-86.50846095761985, 14.352940888949743], [-86.51481357666617, 14.354096596290749], [-86.52161795180446, 14.363912543037374], [-86.59779202825624, 14.381595891662801], [-86.60763869772872, 14.373484042039705], [-86.61333789749544, 14.381103039210686], [-86.61456044766612, 14.39331568080009], [-86.62638905712868, 14.400240173603093], [-86.62896205801147, 14.40689656745967], [-86.63319597479676, 14.40703540890975], [-86.63479169831862, 14.404436170375588], [-86.64806232608885, 14.409137590833607], [-86.65378162718338, 14.399563079197113], [-86.65898587989133, 14.399367206490014], [-86.66958467024114, 14.404386788406104], [-86.67011105981507, 14.409154717099618], [-86.67999434003289, 14.41023069502228], [-86.69580558153109, 14.418133628760405], [-86.70400841070722, 14.414457327770618], [-86.71245121879251, 14.416497601204044], [-86.7133005072859, 14.422493239656434], [-86.79751068074802, 14.36020177291487], [-86.83107932466294, 14.33226192768383], [-86.82968524441219, 14.31863159830892], [-86.84049208724113, 14.321035165150333], [-86.84373315563673, 14.325871281331816], [-86.84956020244182, 14.32597111260826], [-86.84992323572955, 14.335668650154586], [-86.8576285759796, 14.347970204251649], [-86.86520122845229, 14.35237231427192], [-86.87073639457275, 14.359271996863308], [-86.87482287889772, 14.360099252650675], [-86.87527730735678, 14.36592125535677], [-86.88283550750084, 14.3715219636208], [-86.88369685130102, 14.375041888723883], [-86.88628167581133, 14.376384711427761], [-86.89205660459533, 14.373093956174982], [-86.89501115236509, 14.374130565113237], [-86.90079235543068, 14.364072971806188], [-86.90798096659417, 14.370454838095943], [-86.90487544484301, 14.374778963841035], [-86.9102215533829, 14.380485264815269], [-86.9052616588094, 14.393054750909917], [-86.89750384918483, 14.40092348155461], [-86.88962694186783, 14.401088340584966], [-86.88374202215591, 14.409318009239668], [-86.88538941246915, 14.41291177123365], [-86.88102179121448, 14.414447837172345], [-86.87927125785953, 14.439923096706256], [-86.8824586969041, 14.43630576056906], [-86.89028768308562, 14.437647704315115], [-86.895840317391, 14.435581931651553], [-86.89866047012288, 14.439481266666764], [-86.90683124345328, 14.440759516585663], [-86.9089476767382, 14.446743691572298], [-86.91339599262606, 14.443887065121602], [-86.93578721626838, 14.464851762702025], [-86.94835745096057, 14.46352459273867], [-86.95036673796031, 14.465734590712868], [-86.96131146837061, 14.462147086169162], [-86.98092956170261, 14.474737792415404], [-87.02221318639744, 14.481942613593922], [-87.02315404123333, 14.550044299606776], [-87.03523805030879, 14.565208989193872], [-87.03785825317405, 14.572019177951994], [-87.03555029164085, 14.573028806507011], [-87.03622242423683, 14.578020805958426], [-87.03489250454071, 14.583373646047043], [-87.03163156313067, 14.58591366565081], [-87.03062555421363, 14.593330172727278], [-87.02797196363895, 14.593397185703433], [-87.02889924344223, 14.606691610879114], [-87.03316087687978, 14.60946567773157], [-87.03249826348305, 14.612186158258297], [-87.02675615387811, 14.611550586026047], [-87.015631076612, 14.603630033488901], [-87.00769439340627, 14.606995037159313], [-86.99743741568197, 14.628102716609224], [-86.99419691108533, 14.629259982205143], [-86.99330268031741, 14.634618221050067], [-86.98365784417993, 14.646526608916092], [-86.98186454226207, 14.651324156534196], [-86.98307489798226, 14.660600869963996], [-86.94710736527531, 14.656029498343246], [-86.93693280749561, 14.64591850191028], [-86.92313481410899, 14.645389943645448], [-86.91532879367233, 14.639498923795943], [-86.89686738598225, 14.646014956243562], [-86.8842894443338, 14.646747064565076], [-86.87315930429783, 14.643886393005092], [-86.86872112696646, 14.63818776978727], [-86.85324215162035, 14.638924447531103], [-86.84681436005164, 14.642576480294123], [-86.8056554922125, 14.639791486699446], [-86.79648901586215, 14.630352228788919], [-86.7962864533652, 14.621553517729355], [-86.7884518589474, 14.619945055801756], [-86.77878872008219, 14.610235667483316], [-86.76860209413445, 14.606663423357004], [-86.76149307033381, 14.59776053528892], [-86.75867966823375, 14.589943503195247], [-86.75988206163937, 14.586111131230455], [-86.74047967592685, 14.576614866552303], [-86.719612766944, 14.575867441550459], [-86.68535084737478, 14.580985402567823], [-86.65874983516446, 14.59386719370759], [-86.65374744891314, 14.582661980272102], [-86.64787379442589, 14.58040414287547], [-86.64381915564405, 14.573524228980824], [-86.62991165788806, 14.575817243533955], [-86.62396392341876, 14.57952717657381], [-86.61592583350209, 14.579295977833317], [-86.60955320449993, 14.588838807844649], [-86.60009414148068, 14.592902745200462]], [[-85.91000075978467, 14.761528532307995], [-85.90981645096652, 14.762064625165538], [-85.92423268081872, 14.921520023101904], [-85.91000075978467, 14.761528532307995]], [[-85.94110485388123, 14.734472707203878], [-85.94101898050161, 14.735655494658893], [-85.9421721281055, 14.738753621763793], [-85.94110485388123, 14.734472707203878]], [[-85.94439585801835, 14.731853719747583], [-85.9411639004456, 14.733659422156446], [-85.94114476163396, 14.7339230329099], [-85.94439585801835, 14.731853719747583]], [[-85.95324721699511, 14.726829182590206], [-85.94662765225044, 14.72662737782961], [-85.94651443709519, 14.7268925013357], [-85.95324721699511, 14.726829182590206]], [[-85.95406055778008, 14.726821533488508], [-85.9560089570443, 14.722775803093244], [-85.95400080637914, 14.72682209542337], [-85.95406055778008, 14.726821533488508]], [[-85.9688622452598, 14.72123551852495], [-85.96888774223873, 14.72115880605523], [-85.96284445216459, 14.72013287367183], [-85.9688622452598, 14.72123551852495]], [[-85.96981970463663, 14.718354821418536], [-85.96971511248401, 14.718163030750784], [-85.96980864544557, 14.718388095080558], [-85.96981970463663, 14.718354821418536]], [[-85.97051504038951, 14.711080524893278], [-85.97521779178835, 14.716906329101807], [-85.97072380341866, 14.711125525286118], [-85.97218437744698, 14.709544728276777], [-85.96764460978426, 14.713180869439514], [-85.97051504038951, 14.711080524893278]], [[-85.98252002789569, 14.719183725813712], [-85.98250890633489, 14.71908439341128], [-85.97521779178835, 14.716906329101807], [-85.98252002789569, 14.719183725813712]], [[-85.98267978699798, 14.721335519190665], [-85.98274916303706, 14.721230250080874], [-85.98263713657536, 14.72022968390385], [-85.98267978699798, 14.721335519190665]], [[-85.97977482996353, 14.725032144123018], [-85.97998565208171, 14.725423518276239], [-85.98248320839475, 14.721633801635756], [-85.97977482996353, 14.725032144123018]], [[-85.98318807409007, 14.731368554843783], [-85.98577053620207, 14.732668324042494], [-85.98313714440485, 14.731274008016348], [-85.98318807409007, 14.731368554843783]], [[-85.99006206484941, 14.734828277028935], [-85.99763886267951, 14.731865508483239], [-85.99890742091927, 14.730697949710333], [-85.99006206484941, 14.734828277028935]], [[-85.99935583750703, 14.730285234941272], [-85.99647638259285, 14.7228981578126], [-85.9992759485817, 14.730358763308123], [-85.99935583750703, 14.730285234941272]], [[-86.01334921862204, 14.691235675841885], [-86.01094997112314, 14.690509016111791], [-86.01094065093415, 14.690527212578226], [-86.01334921862204, 14.691235675841885]], [[-86.14654996022864, 14.62928254769317], [-86.14460226407282, 14.62437987777732], [-86.14653592189637, 14.629296001473106], [-86.14654996022864, 14.62928254769317]], [[-86.14075210144372, 14.620763004982106], [-86.14033841937714, 14.62046048438688], [-86.14076073223859, 14.620777438583843], [-86.14075210144372, 14.620763004982106]], [[-86.13587859568678, 14.60820103965395], [-86.13632293409248, 14.617446782863603], [-86.13635097597779, 14.617467828855926], [-86.13587859568678, 14.60820103965395]], [[-86.1380952602788, 14.597900588774788], [-86.13554726660132, 14.595128110931455], [-86.13809269752458, 14.598014223218884], [-86.1380952602788, 14.597900588774788]], [[-86.13530128636243, 14.591107477654935], [-86.12874505874598, 14.586257392377476], [-86.13530772033556, 14.591212643202201], [-86.13530128636243, 14.591107477654935]], [[-86.12619279218045, 14.574416112581913], [-86.12598273491713, 14.57432297963442], [-86.12482436973866, 14.57598520361256], [-86.12619279218045, 14.574416112581913]], [[-86.11932898866264, 14.565757642673459], [-86.11930982015431, 14.565742739296436], [-86.12351942474828, 14.573230823462351], [-86.11932898866264, 14.565757642673459]], [[-86.11271134642726, 14.56061247354957], [-86.11272712438833, 14.560636017317659], [-86.11590599788671, 14.563096292025406], [-86.11271134642726, 14.56061247354957]], [[-86.10221787334974, 14.54823466781037], [-86.10227735047827, 14.548704309776607], [-86.1070561711571, 14.552173858792615], [-86.10221787334974, 14.54823466781037]], [[-86.09001385741458, 14.520870565106579], [-86.08999958507279, 14.521071654302045], [-86.10108617582341, 14.539298583224488], [-86.09001385741458, 14.520870565106579]], [[-86.01178106894862, 14.545507275549108], [-86.01199504972105, 14.545693056065359], [-86.01203532937005, 14.545656031521665], [-86.01178106894862, 14.545507275549108]], [[-86.59100580582276, 14.59367586982285], [-86.59108475218257, 14.593700772144983], [-86.59066623013538, 14.588548353178693], [-86.59100580582276, 14.59367586982285]], [[-86.58810753055971, 14.584233816892024], [-86.59062116522102, 14.587993559659353], [-86.59061944035027, 14.587972324800072], [-86.58810753055971, 14.584233816892024]], [[-86.55954644550299, 14.539800932156146], [-86.56130733165318, 14.540336132926699], [-86.56128407968967, 14.540304856044905], [-86.55954644550299, 14.539800932156146]], [[-86.54421889089207, 14.539893677443146], [-86.55691352774846, 14.541711611154229], [-86.54427156332758, 14.539817105308854], [-86.54421889089207, 14.539893677443146]], [[-86.5523891687076, 14.433262257907614], [-86.55539793214705, 14.440587027079339], [-86.55239042858868, 14.433243138181288], [-86.5523891687076, 14.433262257907614]], [[-86.55290303293089, 14.4253519363364], [-86.54906647033788, 14.407986107223296], [-86.55290189385182, 14.425369109707969], [-86.55290303293089, 14.4253519363364]], [[-86.5495259597693, 14.399743397769328], [-86.54919216004498, 14.405731379113863], [-86.5496263165914, 14.399648066298113], [-86.5495259597693, 14.399743397769328]], [[-86.5535843407413, 14.395888239538085], [-86.55344761368819, 14.39601812000714], [-86.55357796731641, 14.39590505122862], [-86.5535843407413, 14.395888239538085]], [[-86.55484563424501, 14.39251913422518], [-86.55419714027933, 14.39427180938022], [-86.55486419700956, 14.392512260704265], [-86.55484563424501, 14.39251913422518]], [[-86.56501897824005, 14.387381006557339], [-86.5712481872278, 14.37884473666623], [-86.56365664795395, 14.388068063857032], [-86.56501897824005, 14.387381006557339]], [[-86.71163792412344, 14.435338501874046], [-86.71091837858195, 14.428501888143638], [-86.71100162185678, 14.434096498298294], [-86.71163792412344, 14.435338501874046]], [[-86.75141620713515, 14.532195414116606], [-86.74285597169364, 14.509690746285127], [-86.75133989811583, 14.532448755475773], [-86.75141620713515, 14.532195414116606]], [[-85.96314808632198, 14.651288367878955], [-85.96136607407634, 14.59209940864738], [-85.9623817115357, 14.62938492194104], [-85.96314808632198, 14.651288367878955]], [[-85.91774434964907, 14.691266305320339], [-85.92521126387862, 14.685991956460459], [-85.91773678054997, 14.691242303132682], [-85.91774434964907, 14.691266305320339]], [[-85.93054940592864, 14.734166588673148], [-85.9288538377905, 14.731858037115774], [-85.93054908031169, 14.73416849131899], [-85.93054940592864, 14.734166588673148]], [[-85.93383836127306, 14.743814000846433], [-85.92952389990879, 14.740158828233392], [-85.93362235066205, 14.744039377508289], [-85.93383836127306, 14.743814000846433]], [[-85.92553152572172, 14.748514831264384], [-85.93161385652088, 14.746134958381758], [-85.93313705106769, 14.744545719312825], [-85.92553152572172, 14.748514831264384]], [[-85.92229986980468, 14.753128312668567], [-85.92423758997481, 14.750341398991957], [-85.92226352671969, 14.753128059954497], [-85.92229986980468, 14.753128312668567]], [[-85.91240603409842, 14.75305951522072], [-85.91885222128107, 14.753104339214131], [-85.91241386205954, 14.753016476001413], [-85.91240603409842, 14.75305951522072]], [[-85.97306994083644, 14.709768236496519], [-85.97459402452186, 14.710256733137022], [-85.97475332657483, 14.71019310788801], [-85.97306994083644, 14.709768236496519]], [[-85.97575468228325, 14.709793166361147], [-85.97824869355522, 14.708797058117353], [-85.9781797716814, 14.708631402326741], [-85.97575468228325, 14.709793166361147]], [[-85.9777525365434, 14.707604529860228], [-85.97663400613746, 14.704916108485957], [-85.97652622230686, 14.705711250976337], [-85.9777525365434, 14.707604529860228]], [[-85.97675669158411, 14.704011033846855], [-85.97829415978026, 14.700839627208007], [-85.97714959392076, 14.701112516131555], [-85.97675669158411, 14.704011033846855]], [[-85.97830449083135, 14.700818316871894], [-85.97830730495835, 14.7008125120422], [-85.97673157938208, 14.69352137869663], [-85.97830449083135, 14.700818316871894]], [[-85.96859707455032, 14.67598070059071], [-85.96856812512931, 14.671830457757775], [-85.968589993568, 14.675959694232679], [-85.96859707455032, 14.67598070059071]], [[-85.97217536970507, 14.660704988271084], [-85.97218567466099, 14.6606535133073], [-85.96896033431462, 14.658963397404504], [-85.97217536970507, 14.660704988271084]]]}}, {"type": "Feature", "properties": {"code": "R-09", "name": "Biosfera del Río Plátano", "level": "subregion", "municipios": ["020300", "090200", "090400", "150500"], "source": "SINIT/SEPLAN 2016 (Marco Contextual CNI), clasificado a nivel municipio"}, "geometry": {"type": "MultiPolygon", "coordinates": [[[[-84.9998850131236, 14.724305479385412], [-85.01072146535182, 14.713907200933642], [-85.0170127969098, 14.712767155484537], [-85.02907073522796, 14.702666339570017], [-85.02787244759996, 14.696530316398169], [-85.02181212337082, 14.693205123794698], [-85.02101351457662, 14.68761921960649], [-85.02854003754385, 14.672351162499579], [-85.03958717531775, 14.673018507113195], [-85.04661768218367, 14.670950672311966], [-85.05099440546076, 14.66061413594648], [-85.05132269266592, 14.653275493022615], [-85.16011087817552, 14.761552165395186], [-85.14981841757526, 14.764549436925005], [-85.13991779561225, 14.77236060628006], [-85.1420695697496, 14.782540362650082], [-85.14779227651778, 14.785478320313366], [-85.13806102618722, 14.804537508394631], [-85.13710550251963, 14.813835891164779], [-85.13408269065938, 14.816713501969668], [-85.13164423449051, 14.840321510128478], [-85.12838941765946, 14.845745590643396], [-85.12105904153111, 14.843726973447716], [-85.10671115356745, 14.851427453914097], [-85.1042326160741, 14.856773899643274], [-85.10553654389271, 14.863003294356165], [-85.10823556995602, 14.858483283972582], [-85.11759269194516, 14.862742109925701], [-85.12234355270623, 14.857834307522568], [-85.13030632494555, 14.861123285261954], [-85.13578729704246, 14.868070009642494], [-85.13523703955786, 14.873176081153652], [-85.13974832445156, 14.873172032261964], [-85.14776169635634, 14.869612926003715], [-85.15085828779021, 14.871308663638247], [-85.15776442738418, 14.866464859765632], [-85.15929358453383, 14.859397525827378], [-85.16520549980801, 14.858274501280244], [-85.16679061140066, 14.860436917941026], [-85.16438822155418, 14.868125443246415], [-85.16787746514531, 14.871274594944387], [-85.17318898246498, 14.870866198795856], [-85.17829933739307, 14.867577680676776], [-85.1828139382746, 14.856832961850838], [-85.1784000095036, 14.848228285064925], [-85.18111995088984, 14.846566610595344], [-85.1764848876194, 14.84040252281882], [-85.17741728829559, 14.8364696044135], [-85.19110583546774, 14.835146374794329], [-85.19550260262427, 14.846487941990565], [-85.202235048539, 14.847767548507148], [-85.20385743638693, 14.850168397679171], [-85.20773368991591, 14.848754919920228], [-85.21100975767168, 14.854784764036324], [-85.20901820794064, 14.859465369421777], [-85.21380658344385, 14.858802256574196], [-85.22845725348715, 14.868922631098163], [-85.23440589860883, 14.869437305172047], [-85.23480923176866, 14.877329121231137], [-85.2412898960466, 14.874433756775915], [-85.24698624694331, 14.878168116093027], [-85.24824679579135, 14.873966182968497], [-85.25694361884382, 14.874957656611018], [-85.26212984040025, 14.882814644746878], [-85.26932837825144, 14.887038887342644], [-85.26929216277027, 14.88961098125708], [-85.27560623551717, 14.888898264162666], [-85.27708594338193, 14.89470148681402], [-85.2817947313882, 14.896037161590376], [-85.28345593163846, 14.899193637740014], [-85.29565103831608, 14.895510248347097], [-85.30281329324626, 14.901474199685952], [-85.313858746996, 14.893239729923815], [-85.31724545759789, 14.89461692805378], [-85.33074328532912, 14.883243024013861], [-85.3590540497492, 14.888791146211707], [-85.36327880847895, 14.884297761066351], [-85.36610437592846, 14.875921457869602], [-85.37667866730293, 14.870188338546773], [-85.37571167118195, 14.868474407638692], [-85.3775761626857, 14.867836842725751], [-85.37339904253102, 14.864659723099546], [-85.37694292613072, 14.86273029013587], [-85.38094593019565, 14.861920263564526], [-85.3838808633824, 14.864621904670587], [-85.38813063037063, 14.863198876194273], [-85.39236108249135, 14.870497570992711], [-85.39532830179344, 14.869259758180052], [-85.40259013572037, 14.87289297594451], [-85.40558118324309, 14.86492841944157], [-85.42796496446621, 14.869461889678233], [-85.58263828592955, 14.971350387837148], [-85.58662386695322, 14.975660684790775], [-85.60586937369447, 15.023754495341421], [-85.61594800134255, 15.02611196074384], [-85.61911518182936, 15.02207836775388], [-85.62368923619795, 15.02216371511481], [-85.69787196533595, 15.08296889749966], [-85.65792809157749, 15.102622867621236], [-85.63854296967048, 15.121647108688375], [-85.63466620095588, 15.128763368239403], [-85.63666437550879, 15.139960002455643], [-85.64139087055864, 15.149280527758814], [-85.61775305426306, 15.192618425537516], [-85.58539721395776, 15.227746384180952], [-85.5267572722499, 15.27812506927851], [-85.48359260793096, 15.326076601817137], [-85.45851252172118, 15.431746886730313], [-85.51897533300779, 15.45312216237153], [-85.54005174909767, 15.466959632210456], [-85.60082190805223, 15.532988674596348], [-85.67283075297694, 15.596225623865234], [-85.63087355707125, 15.644971997680658], [-85.6366453599416, 15.666683535582486], [-85.63465448806843, 15.671993699721414], [-85.56144993085995, 15.672106690152722], [-85.49979157910384, 15.712819321942082], [-85.28447491492447, 15.841004405179037], [-85.28357099799054, 15.853787029366742], [-85.29657628739461, 15.872840600554492], [-85.29807921908166, 15.876148727342226], [-85.29566941561183, 15.87714304862854], [-85.29760914448231, 15.878545522885062], [-85.25043618151267, 15.88512081625849], [-85.2040186186168, 15.898080772653802], [-85.16866012589574, 15.914014834978248], [-85.12323428258317, 15.952975828749263], [-85.08812906030707, 15.973781301512458], [-85.07001428756018, 15.981807398988186], [-85.07415474299155, 15.975527143643117], [-85.07307508977611, 15.973717030473074], [-85.06336560185044, 15.972472106759271], [-85.06534018739599, 15.973728945370162], [-85.06345125931487, 15.97528083317087], [-85.05604305013365, 15.969812726214268], [-85.05231245640326, 15.97423940542483], [-85.05647130353813, 15.975401998045413], [-85.05687830435996, 15.978296081665144], [-85.0694887891026, 15.979135909763695], [-85.06966474459755, 15.981972562759092], [-85.05093392259957, 15.987218440769585], [-85.02910686503574, 15.987387658661923], [-84.99958240387569, 15.981557958075996], [-84.9998850131236, 14.724305479385412]]], [[[-84.85123903231123, 15.92515979824648], [-84.83652061726275, 15.922241188016075], [-84.82277876750003, 15.913933104863704], [-84.768345580014, 15.895034533625486], [-84.75599639482505, 15.894183863179384], [-84.74865576307297, 15.889566500040457], [-84.73085428758917, 15.886628210476546], [-84.71450692369935, 15.878304706239684], [-84.68898919477672, 15.874986728743037], [-84.675353794422, 15.870800067175363], [-84.6562388757361, 15.869801108508291], [-84.64891679554223, 15.862428926308601], [-84.65666064199957, 15.857990197656658], [-84.6627680998437, 15.848726200161122], [-84.66526185942773, 15.826946876720168], [-84.66980875225492, 15.820543093442021], [-84.67223924950008, 15.8102317733882], [-84.66732129007575, 15.797595468808824], [-84.65718723322756, 15.783789515954377], [-84.64915272765926, 15.776988180634266], [-84.62933231162562, 15.776326999922262], [-84.61610699489842, 15.784984902725416], [-84.61249897186562, 15.793226008513221], [-84.61895685763187, 15.80586984718431], [-84.61639595143166, 15.81778571529086], [-84.59865542731168, 15.805892465542126], [-84.59503480147892, 15.795554993024163], [-84.58583395075298, 15.785535019560994], [-84.57908539874404, 15.782521756932148], [-84.561164379745, 15.781979328865019], [-84.55420535401701, 15.774491370129102], [-84.54969092457345, 15.77515760017347], [-84.55249816895252, 15.782167644185558], [-84.54159909812334, 15.778560005559019], [-84.54050546366219, 15.782797909338095], [-84.53170580933906, 15.785392406805826], [-84.53532398089304, 15.795501257460733], [-84.5306890791802, 15.796397140810123], [-84.53126378243404, 15.799495362581629], [-84.51606392378159, 15.80033833235212], [-84.51042952117515, 15.809140020270634], [-84.50415338428319, 15.806701234631579], [-84.5023243933603, 15.814374281800902], [-84.49886228209608, 15.817453132103859], [-84.48764870885942, 15.807305805453819], [-84.48347209691248, 15.810723913374005], [-84.48909737176376, 15.822220535421524], [-84.50060598745503, 15.82342613770117], [-84.50473691348012, 15.827345576554235], [-84.50232898838532, 15.832607945553747], [-84.51535169931464, 15.838637142287899], [-84.53801908619145, 15.840354716373932], [-84.57882023741601, 15.847774844798922], [-84.61129519086947, 15.858361698645323], [-84.63134488258159, 15.86177774909406], [-84.62756466495942, 15.858205205994821], [-84.63006051578945, 15.857872309612187], [-84.64628279724029, 15.866316556025705], [-84.64295169232537, 15.867333899000803], [-84.5816325150634, 15.854210021137572], [-84.55255876825356, 15.851089765448656], [-84.519133909913, 15.841407405476826], [-84.47146818632352, 15.831418057143786], [-84.40633578861046, 15.824649878890742], [-84.34640505395201, 15.82201911705479], [-84.298727620577, 15.816236106128903], [-84.28733532909736, 15.797269162441715], [-84.2864355437656, 15.789581907762084], [-84.29019185291155, 15.785980990498572], [-84.29767441721016, 15.785106596706354], [-84.29956419649038, 15.780593738290968], [-84.28185590334942, 15.769223173952359], [-84.28750354333143, 15.760657965778723], [-84.30388917946412, 15.754395710213688], [-84.30253996050344, 15.74263843481551], [-84.30823983370117, 15.721867304632235], [-84.31385289185928, 15.720533115953215], [-84.32131902108647, 15.722822001625072], [-84.32323785086095, 15.711529303376293], [-84.32932159902877, 15.709291569676186], [-84.3391262635325, 15.711136461521082], [-84.34102968713592, 15.703006842844307], [-84.34431185321257, 15.700307708846776], [-84.35177192019142, 15.70395141092926], [-84.35457961672103, 15.703057363732757], [-84.34715957577149, 15.689921197801755], [-84.34951969865347, 15.684053925525019], [-84.3523247657922, 15.683612583142413], [-84.35464387926737, 15.68768831598876], [-84.36074922582058, 15.680025805839737], [-84.3644923200442, 15.678683325514648], [-84.36916254424595, 15.6791527980462], [-84.37521711801628, 15.683694410991004], [-84.38506122039433, 15.675592675942655], [-84.38507582316188, 15.671975282232594], [-84.37995528900159, 15.667437225097785], [-84.36685237754894, 15.67281577123568], [-84.35891818961176, 15.670979119711644], [-84.35988451626233, 15.66329849630455], [-84.37342805211615, 15.66425064650564], [-84.38187331580458, 15.655239038460612], [-84.39681706056903, 15.648342300613894], [-84.39550244753232, 15.641546489847373], [-84.3847607324072, 15.641415193310024], [-84.37177671265808, 15.634025906333617], [-84.3727577418672, 15.630422363317411], [-84.38211571717802, 15.6291805098844], [-84.3859154340951, 15.624255599303163], [-84.37990238627692, 15.619663028971102], [-84.38006550432465, 15.607010232712247], [-84.36795385254945, 15.604601615966997], [-84.36940120532626, 15.601004794743085], [-84.37736863276008, 15.598841895389592], [-84.37974420900676, 15.595706552736143], [-84.36859553732425, 15.591051386769614], [-84.36909772669972, 15.588345366543338], [-84.37707611329489, 15.585279280459398], [-84.3692663322338, 15.575241079585222], [-84.36936008462008, 15.568010465253394], [-84.37509608340682, 15.557685754709437], [-84.38829491168083, 15.547903286145267], [-84.38976474486641, 15.542497663933565], [-84.3846293666654, 15.542435658922022], [-84.37468699352132, 15.553161166068202], [-84.35835389792231, 15.552509765462938], [-84.35374370810054, 15.547933653629292], [-84.3519527290903, 15.542036488008309], [-84.35249532013309, 15.536167343782068], [-84.35676684971975, 15.530796801441108], [-84.35546003913355, 15.523549447355647], [-84.36394871006907, 15.516874310789069], [-84.3603544027614, 15.505983215641011], [-84.3613690810192, 15.499667999524673], [-84.36745418347802, 15.49838681796015], [-84.37012652716732, 15.508361326535887], [-84.37382035707164, 15.511570107331435], [-84.3813343621279, 15.508046261975586], [-84.38472258618977, 15.498596376585999], [-84.39497929157164, 15.49962306264716], [-84.40202008701031, 15.496544456488829], [-84.40396147950933, 15.49069250895371], [-84.39274308966858, 15.491913159627], [-84.3890441209542, 15.48915741247464], [-84.40322815423501, 15.474865076498995], [-84.40928936818719, 15.475388895127653], [-84.41575454703883, 15.480889906620911], [-84.42506589532846, 15.482809613519304], [-84.44335751924066, 15.475794164411782], [-84.44781550961626, 15.455055810425186], [-84.4357672144646, 15.448133960029931], [-84.43721253212989, 15.444535178987177], [-84.4488442536083, 15.447384943326291], [-84.46340467654616, 15.43987151629168], [-84.46701564775806, 15.449857316959067], [-84.46979870531813, 15.451246360897139], [-84.48239843930658, 15.451393248633513], [-84.48944209087145, 15.447858668425779], [-84.49228084166839, 15.444726842684052], [-84.49047470098269, 15.439734623786372], [-84.48723572549176, 15.437437332117407], [-84.47369291993029, 15.438183430608735], [-84.47098722934427, 15.430468622509292], [-84.47482010397813, 15.422376616477951], [-84.48138516169604, 15.419741184023865], [-84.48683000503311, 15.432459845345708], [-84.49611271263684, 15.436635515213533], [-84.50173973653567, 15.434440596367828], [-84.50041097846332, 15.428549330220335], [-84.48925129041164, 15.425255995598818], [-84.48696773653205, 15.42116171865251], [-84.4866006105391, 15.41302183735284], [-84.48899385743567, 15.408077123455298], [-84.4983086451663, 15.409540624246793], [-84.50151438100046, 15.41454965055011], [-84.5080520231796, 15.414173692514522], [-84.51780127767547, 15.418352512255124], [-84.51507789114953, 15.411994011902422], [-84.51568058251615, 15.40070084597033], [-84.50738661884374, 15.392017062557679], [-84.51041398892251, 15.373068020886546], [-84.5188162765657, 15.372712400366607], [-84.52164275397642, 15.370484331484315], [-84.53654886629243, 15.37246101963032], [-84.54916034154894, 15.371248531889519], [-84.55564288481168, 15.375389546199168], [-84.55986843666528, 15.37317630988494], [-84.56038826437012, 15.368661675474998], [-84.54969623238532, 15.365377918239826], [-84.54647923668314, 15.361272766162806], [-84.54930471610723, 15.3590454090646], [-84.56044727153925, 15.363690288062195], [-84.56150249971905, 15.35330607133854], [-84.57470132715413, 15.341700255903595], [-84.57429274494496, 15.33672372448871], [-84.5696764708917, 15.332603687808337], [-84.5730843824473, 15.320436973511862], [-84.5675458573563, 15.315403517616407], [-84.5666871389768, 15.30906586934293], [-84.57235755201098, 15.302800353117705], [-84.58303150197916, 15.30743869553284], [-84.59283038452209, 15.307095004262017], [-84.59762492858032, 15.295847123472406], [-84.61552232378648, 15.280674766801996], [-84.61943417882642, 15.26489621923662], [-84.61485396585297, 15.257613314668108], [-84.6190815984322, 15.254946836814835], [-84.61911782922894, 15.251782954777653], [-84.61025871063353, 15.251686459704539], [-84.60609367414867, 15.24892836726174], [-84.61039897707134, 15.239482659106532], [-84.60920701334517, 15.22138901376629], [-84.61064736266015, 15.21778836242469], [-84.61391042012832, 15.217823041509934], [-84.61754710709707, 15.225999293321818], [-84.62265475551415, 15.227863683384257], [-84.62780362233096, 15.226111261267906], [-84.62925889029178, 15.221154326456206], [-84.62467902688599, 15.213871684200729], [-84.62758876941736, 15.203958943279812], [-84.64307903941847, 15.194632251160765], [-84.64222858300735, 15.187390107198366], [-84.63343288267086, 15.182302893681758], [-84.63489333225397, 15.176462781632692], [-84.63164599198467, 15.175071237344739], [-84.62649844822204, 15.17682393740585], [-84.62326632527136, 15.174077283291817], [-84.62240078231389, 15.168191279358759], [-84.62579160134305, 15.15692612416215], [-84.62355327751156, 15.148764805969048], [-84.62457249633366, 15.14109177478217], [-84.62788087228918, 15.137058814624808], [-84.63677543146181, 15.133538298210455], [-84.64838557631523, 15.13727897341001], [-84.6535214768838, 15.136428954968153], [-84.65455998295926, 15.1269477790995], [-84.65740587063351, 15.122456619361488], [-84.65328769111849, 15.115632300126014], [-84.65518192108986, 15.112940442006654], [-84.66262732765199, 15.11392326389083], [-84.66539311698625, 15.116665623542215], [-84.68214839652006, 15.118650650699307], [-84.68537576072893, 15.121848154619888], [-84.68761584063049, 15.130009159019473], [-84.69180022664901, 15.13095770065696], [-84.73930169212682, 15.091215160129275], [-84.76694602264789, 15.077029755374827], [-84.78700486707879, 15.07497109671477], [-84.80652218999526, 15.080139380293678], [-84.81585011068786, 15.079328201830776], [-84.81830151423932, 15.067597744302539], [-84.82955386371151, 15.06092680483735], [-84.83248849272367, 15.047392425125649], [-84.83996122568766, 15.045657654169396], [-84.84470314799556, 15.03756609385563], [-84.8576781828769, 15.044473556987224], [-84.87353222341622, 15.043270610605134], [-84.88482700805497, 15.032075604844913], [-84.88305391350886, 15.023016437386588], [-84.8858987314533, 15.018070902902716], [-84.89151137580916, 15.015864031287817], [-84.9003126460238, 15.020920884037915], [-84.90451412182694, 15.020056044912879], [-84.911800901355, 14.989833134236294], [-84.93113249646487, 14.966051283572979], [-84.94194069093537, 14.956204679758025], [-84.95083308132664, 14.951765420529219], [-84.95400591368335, 14.96083806146934], [-84.98987589097565, 14.960261101911492], [-84.99970514283233, 14.96724118892805], [-84.99857736778769, 15.983173922630264], [-84.97461136730895, 15.972930101118406], [-84.9357834332871, 15.964896741700773], [-84.92523710995074, 15.957867424996044], [-84.92762409488776, 15.955465519347806], [-84.93997074126733, 15.958257363444869], [-84.96096302680265, 15.968415531680707], [-84.97771359830124, 15.96984197522869], [-84.9820306093368, 15.960218825308473], [-84.98025016421992, 15.959525577381884], [-84.9777418228502, 15.962844104916888], [-84.97831519655193, 15.968007743789512], [-84.97165940893147, 15.968218439808139], [-84.95598715459236, 15.964615181647659], [-84.9504324090507, 15.957141914678955], [-84.96680481554347, 15.934479866244212], [-84.95941572949452, 15.939963571888967], [-84.95871113616151, 15.937896785589658], [-84.9492754726489, 15.949683345702267], [-84.94477947757173, 15.944965735869404], [-84.94299345829413, 15.945878228458573], [-84.94497192715956, 15.955749226105821], [-84.92692278626016, 15.952710871331123], [-84.92311110561114, 15.954877658944444], [-84.9202706750494, 15.952231112333637], [-84.92374252147818, 15.94616229915371], [-84.92473523774353, 15.93630064603161], [-84.91750465053588, 15.932149176400292], [-84.89265518305623, 15.936082060712248], [-84.85553478661538, 15.921045260727395], [-84.84888289006594, 15.920792700541325], [-84.84309003167446, 15.914693802453339], [-84.84512532588803, 15.91126047917041], [-84.84384884726705, 15.904717645143734], [-84.85269422020495, 15.892934760267297], [-84.85969535153073, 15.894563909234654], [-84.86042572378761, 15.890551623044596], [-84.85330438115584, 15.889265785804906], [-84.86034942391537, 15.881261598663672], [-84.85181980580217, 15.876299198192894], [-84.85171943021037, 15.872284339159453], [-84.84946470789896, 15.871818096587178], [-84.84904848343987, 15.858970528110937], [-84.84421521529912, 15.851153400402406], [-84.84148856683923, 15.849996868369884], [-84.8376782240627, 15.852163418882093], [-84.83557539056547, 15.84469978845123], [-84.82871564133698, 15.838596887524982], [-84.81614038933272, 15.83591366366448], [-84.81304964920538, 15.836590616448111], [-84.81290990753276, 15.841063774914915], [-84.80840276758985, 15.839900173849182], [-84.80623805357456, 15.845512673067647], [-84.76904619806558, 15.849732735901389], [-84.7641265594482, 15.859921705643655], [-84.75612720261361, 15.868262618837875], [-84.75811783062002, 15.874005564394], [-84.75252897440717, 15.875245170303392], [-84.75428218770487, 15.880872753795481], [-84.7596019973669, 15.885824708340127], [-84.77416971724085, 15.894253252685802], [-84.80904756400074, 15.903675086256063], [-84.82315467348172, 15.90980566001446], [-84.83573781670941, 15.911800158892069], [-84.84698160204192, 15.92090135630404], [-84.86970759409607, 15.929856041542607], [-84.86915373771666, 15.93284234136219], [-84.85123903231123, 15.92515979824648]], [[-84.9619175217051, 15.471988522662945], [-84.95911283336646, 15.475152377325779], [-84.96265236993197, 15.471730354161615], [-84.9619175217051, 15.471988522662945]], [[-84.95396141640475, 15.488714031463164], [-84.95409758364328, 15.489022698771153], [-84.95448951591237, 15.487323753229864], [-84.95396141640475, 15.488714031463164]], [[-84.95481976787515, 15.610865291131873], [-84.95521867705536, 15.610810470650513], [-84.95499517786294, 15.60985346794299], [-84.95481976787515, 15.610865291131873]], [[-84.93233933451019, 15.600390407803339], [-84.9300029084066, 15.600839399988217], [-84.93308471637803, 15.600842320975527], [-84.93233933451019, 15.600390407803339]], [[-84.9145473401754, 15.627956004984696], [-84.91481393485468, 15.632176692616126], [-84.91497124006189, 15.62751265809236], [-84.9145473401754, 15.627956004984696]], [[-84.91340234881974, 15.64441544412876], [-84.9145292666056, 15.640616988808716], [-84.9146418257199, 15.637279657487126], [-84.91340234881974, 15.64441544412876]], [[-84.90875238562516, 15.649655593404107], [-84.90984384688088, 15.649656515470367], [-84.91285474735122, 15.6462612218221], [-84.90875238562516, 15.649655593404107]], [[-84.89113050513296, 15.663653882002519], [-84.89220544173746, 15.665741750563951], [-84.89146966370367, 15.662755546592518], [-84.89113050513296, 15.663653882002519]]]]}}, {"type": "Feature", "properties": {"code": "R-10", "name": "La Mosquitia", "level": "subregion", "municipios": ["090100", "090300", "090500", "090600"], "source": "SINIT/SEPLAN 2016 (Marco Contextual CNI), clasificado a nivel municipio"}, "geometry": {"type": "MultiPolygon", "coordinates": [[[[-84.19895300029681, 15.457754965430187], [-84.19519458349741, 15.493535542606782], [-84.1910549195628, 15.492478214649967], [-84.19086769982066, 15.485827516430478], [-84.1872058895987, 15.484313349884431], [-84.16748711480511, 15.490610515407608], [-84.16473406499215, 15.494262262579339], [-84.175426698367, 15.506252890926744], [-84.17556866187812, 15.518750758954573], [-84.17128202213812, 15.521361238291039], [-84.15175028583072, 15.518370143721443], [-84.15342975910413, 15.515744535200103], [-84.14704426106931, 15.51386826747917], [-84.15098938574378, 15.509422795719583], [-84.13892683266953, 15.50613528093662], [-84.13558309091046, 15.494190040930915], [-84.12401346416428, 15.488726141972172], [-84.123580325822, 15.468315954935859], [-84.10681387451685, 15.445850788961682], [-84.10701890433376, 15.43484584363248], [-84.1100334845762, 15.428101739702635], [-84.12119371073469, 15.42484889882019], [-84.12318981792181, 15.427155134286092], [-84.12067736482467, 15.43034889241699], [-84.12515555678416, 15.433359012198496], [-84.13778268860281, 15.42426875364573], [-84.13113870807983, 15.410238857995045], [-84.13518777109599, 15.407398890745151], [-84.14004066180883, 15.407888146998346], [-84.13867651234438, 15.400426604510413], [-84.14023819897714, 15.39757140065707], [-84.13042020933553, 15.380539643439578], [-84.12742676293817, 15.369399470594255], [-84.10441632043988, 15.343570729423819], [-84.08246615234499, 15.334140823098357], [-84.0586722630432, 15.333523579952864], [-84.07069131238302, 15.325923153161979], [-84.07143341479679, 15.321915315169642], [-84.06825230727021, 15.319945490340709], [-84.06191692344774, 15.327584606755341], [-84.04111417832597, 15.323203101569721], [-84.03575421475612, 15.32717879908352], [-84.03389126091665, 15.33794213084033], [-84.03500254188994, 15.346891487120905], [-84.04320998313777, 15.356921726709007], [-84.04552625025192, 15.36335740760586], [-84.04290174008797, 15.365746154608319], [-84.0393808869138, 15.361825256794061], [-84.03697439816678, 15.351949971102593], [-84.02920178584523, 15.346737495758587], [-84.02571552798393, 15.338688887281512], [-84.0208727180565, 15.337279832978933], [-84.02140439865079, 15.330176597084229], [-84.02621274724875, 15.32126783670122], [-84.02702123098754, 15.309121309491541], [-84.02648160289647, 15.302697960790955], [-84.02263034906971, 15.295907705644828], [-84.01578651512368, 15.293223595946927], [-84.00098914733985, 15.293351845513662], [-83.97919764515485, 15.294689579424222], [-83.94931352946197, 15.301127385413492], [-83.94412038412153, 15.299370101173643], [-83.94567647995575, 15.29731788213681], [-83.96013314893291, 15.29547189650719], [-83.95877557604841, 15.28801157522295], [-83.97239366849406, 15.287305734374172], [-83.9689599179189, 15.273296450779522], [-83.97402686162624, 15.275967940399527], [-83.97640511108, 15.274609433865168], [-83.97661934125942, 15.263147420120749], [-83.96457692513867, 15.259623115950003], [-83.93416218562858, 15.231665655455213], [-83.91759408158839, 15.23189017442539], [-83.88899120151805, 15.241768816858233], [-83.84798016099946, 15.249486125345106], [-83.83997447655275, 15.258137324368146], [-83.84153318194971, 15.269037192106696], [-83.87630128328502, 15.285346738590288], [-83.88074845694709, 15.291112013054617], [-83.88922778203792, 15.295988682498532], [-83.8907778922768, 15.30815154203425], [-83.90079380881653, 15.313383407196516], [-83.89871867191474, 15.320589529527078], [-83.87884272679396, 15.319295577696051], [-83.8771683799749, 15.321231537508282], [-83.87917956764923, 15.321361243977355], [-83.87927474517724, 15.323998035633922], [-83.8827247853402, 15.322075578781712], [-83.90544969065263, 15.32247305963179], [-83.91145500701276, 15.326186157063244], [-83.92600716429968, 15.327208790977437], [-83.92544026860632, 15.324339687920618], [-83.91091955356431, 15.319648053642888], [-83.91203187450797, 15.314268227752295], [-83.9254015902932, 15.315054313096566], [-83.94205781234496, 15.319186186929635], [-83.96150685929567, 15.329069825497312], [-83.97310510713184, 15.329610116053912], [-83.98038771018048, 15.336424964834874], [-83.98688374339773, 15.338305309573867], [-83.99956380472071, 15.336903874256913], [-84.01374843852683, 15.33975370578723], [-84.03422314685493, 15.355369804455194], [-84.03861026848219, 15.369270849933386], [-84.04664715770394, 15.371160037834427], [-84.0408134203357, 15.375018748442178], [-84.0473273019779, 15.374948359625826], [-84.05249401460121, 15.380370893255835], [-84.0524675640333, 15.383696069647293], [-84.04784692075722, 15.383893284642978], [-84.04862783542062, 15.38986045949727], [-84.03212923923394, 15.394333304495131], [-84.0284648311849, 15.393505468859475], [-84.0277860799248, 15.389603150510869], [-84.01882777174264, 15.384497315599326], [-83.99964271946057, 15.384478628692593], [-84.0142920065956, 15.388821836208022], [-84.01788183309557, 15.3987063439773], [-84.02381603620518, 15.397142361211358], [-84.02413251489187, 15.401844678303396], [-84.02045401787638, 15.402735664494767], [-83.97845769532996, 15.397054071430723], [-83.98135084632246, 15.3909980564607], [-83.97691122356309, 15.383859279929395], [-83.97202788737036, 15.387149767647033], [-83.97648928255408, 15.391766148218341], [-83.97480537983017, 15.39484958777426], [-83.96406087802093, 15.390989503394383], [-83.93343850823453, 15.371624752853092], [-83.91994074759754, 15.357885941800342], [-83.89518191280746, 15.3458963884196], [-83.88419257243173, 15.330109704784226], [-83.86817544383167, 15.32081999382486], [-83.85716131819302, 15.321424780602939], [-83.84394949311141, 15.316280233770664], [-83.8347250487926, 15.315407012478218], [-83.82515243983326, 15.300662169303612], [-83.80937330438682, 15.291829523578283], [-83.80714445802431, 15.289634160267655], [-83.8108982762806, 15.280378911861698], [-83.82803482693281, 15.26985197720222], [-83.83080748861175, 15.26425596690974], [-83.82502672815058, 15.262263328179777], [-83.82026975372358, 15.26486278774649], [-83.82511734861218, 15.265359308549177], [-83.8220271232146, 15.266825576979368], [-83.80389561838419, 15.269665557696166], [-83.7997346361387, 15.271695168441463], [-83.79765923027438, 15.278670717296697], [-83.78840553489908, 15.281120324445968], [-83.78550521432258, 15.274793542798344], [-83.7728333525642, 15.263117746283317], [-83.77054995373422, 15.254158905753629], [-83.77314036390038, 15.242718557449015], [-83.78107206066639, 15.229484733326341], [-83.77217712384048, 15.20614881251731], [-83.77660588180244, 15.200567182484768], [-83.77137674221761, 15.190324740663236], [-83.77640581213599, 15.183716751983459], [-83.77454254477986, 15.180492765655382], [-83.76793803211524, 15.178377865470528], [-83.76555774724433, 15.179964312489505], [-83.76388388909467, 15.181899457380487], [-83.76866346438449, 15.189501416978297], [-83.76759687629107, 15.202559548948601], [-83.76392828821646, 15.189923147199258], [-83.76362465929915, 15.19714053018656], [-83.75852670598493, 15.198361564749648], [-83.7607137754572, 15.204911719780377], [-83.75951026100816, 15.207080414575266], [-83.75502531507249, 15.206012396080895], [-83.74348980182667, 15.199846134267304], [-83.74900521447825, 15.19186690224097], [-83.74731031351956, 15.183372560195133], [-83.75152135047823, 15.175726414385176], [-83.7484815941858, 15.171921038036084], [-83.74599691996066, 15.172014927485323], [-83.74477998511803, 15.175673059764016], [-83.74582797556609, 15.190122479594134], [-83.74126608120544, 15.197307388863912], [-83.7274277812156, 15.19708157189298], [-83.71957132204733, 15.202290364146847], [-83.7115852407092, 15.23351388057629], [-83.69612368566197, 15.241981871094584], [-83.68142504129898, 15.244841091998362], [-83.67660354375172, 15.25396909222212], [-83.66972989372978, 15.255172683158698], [-83.6568795872126, 15.262513827201468], [-83.65250969451249, 15.273707214179439], [-83.6506924551941, 15.289965942388742], [-83.6422038953656, 15.298718391318216], [-83.63400603970297, 15.301971359882533], [-83.63669619122179, 15.293284491369574], [-83.59898465800308, 15.289635652404861], [-83.59446049336539, 15.292346040150042], [-83.59233935716844, 15.29152608913562], [-83.59184782303754, 15.281666552842731], [-83.58472913422919, 15.283551849252003], [-83.57517053978944, 15.281060910783165], [-83.56780360868929, 15.284090522632921], [-83.55553105893756, 15.280888005608526], [-83.5514845227232, 15.294602905961545], [-83.54785022002788, 15.291361463922623], [-83.54671940869855, 15.286309286968985], [-83.5499117637395, 15.275107720689808], [-83.54575950271195, 15.264757597713539], [-83.5314346418953, 15.254315667726553], [-83.53204981444561, 15.252030142523939], [-83.5403648515891, 15.248781531418695], [-83.55162009655702, 15.235703519610228], [-83.55204335402888, 15.229060594594799], [-83.54778259280879, 15.21779274949108], [-83.56227632950744, 15.211618371409598], [-83.5612623987865, 15.206682013585146], [-83.55411258254314, 15.20031681468701], [-83.56136882369469, 15.19625521780305], [-83.56682183266662, 15.195042046580735], [-83.5928559965954, 15.228845619170148], [-83.61111651448016, 15.236338392855288], [-83.6194428996522, 15.231826187108423], [-83.62552349577108, 15.21514577035774], [-83.62216298107332, 15.208127169619239], [-83.63679457694143, 15.19977044903459], [-83.64068258889158, 15.189260613859451], [-83.64450449452097, 15.18551024066345], [-83.64435346073138, 15.176799669992741], [-83.63950458049233, 15.16472508696201], [-83.63287539146738, 15.165357331648952], [-83.62601729079336, 15.177217311289672], [-83.62939074033274, 15.194895270106107], [-83.61562707680326, 15.211164714994677], [-83.61315667938555, 15.209768851001714], [-83.61782816102927, 15.180127641863024], [-83.61453283852454, 15.166576438938533], [-83.61197449525163, 15.162200292333178], [-83.6060929983831, 15.159055998467952], [-83.5832924744876, 15.156796538860762], [-83.58087972590529, 15.138096263999765], [-83.5785590430003, 15.145410311300678], [-83.57958183570656, 15.16123351762136], [-83.56682428060418, 15.171550340199929], [-83.56208188355535, 15.1843437171197], [-83.55152495156054, 15.198918582384808], [-83.55850116489411, 15.210668020182464], [-83.54782743181383, 15.213439103383717], [-83.5319841612293, 15.212839593604798], [-83.52379010644393, 15.204629534323427], [-83.51812932089183, 15.20308973099272], [-83.50959215452244, 15.205189110126794], [-83.49874827236133, 15.21288358208239], [-83.49982340798631, 15.223091221109133], [-83.52106259254994, 15.239326357865911], [-83.53022922724256, 15.256482587413235], [-83.54114633871573, 15.264715727662653], [-83.53894186105504, 15.271915485825723], [-83.53216861210203, 15.274719502971003], [-83.5299768531422, 15.280658937730346], [-83.53122450176605, 15.2858257541642], [-83.53602713877298, 15.290453055530449], [-83.55346721465955, 15.2973697578578], [-83.56023714833518, 15.306368967463118], [-83.611082379976, 15.322057090543407], [-83.65690320091295, 15.343995998842901], [-83.66045980005408, 15.343453485561994], [-83.64129724041622, 15.330339646154128], [-83.60264343318426, 15.313962216119652], [-83.61070623636174, 15.312428240780925], [-83.61408748660159, 15.30569547834959], [-83.61992838502981, 15.301506077782465], [-83.62810550261048, 15.300316124346866], [-83.63476438449081, 15.308967838525716], [-83.64856173323687, 15.313899016665044], [-83.6319785573498, 15.315362452646124], [-83.62957428305776, 15.319123352160547], [-83.63512585760233, 15.320202395039324], [-83.64450172331864, 15.317532577009443], [-83.65158522192961, 15.319311317499956], [-83.65545343566401, 15.323125957733378], [-83.65442892760227, 15.330910513026543], [-83.65925752887787, 15.333358299753003], [-83.66525154391742, 15.325616416869432], [-83.65958961805482, 15.323734086454586], [-83.66584158036028, 15.313816921509384], [-83.6716040992195, 15.329566143759935], [-83.68016846490575, 15.337316676849076], [-83.68396467767971, 15.336432011306188], [-83.68403194879231, 15.329556001098627], [-83.68640348393313, 15.32911727437666], [-83.69056014978723, 15.339810519742022], [-83.70291167333812, 15.347820850190827], [-83.73867543181655, 15.358659724135801], [-83.73990681899797, 15.366119352024825], [-83.73388888278242, 15.376385443544518], [-83.72433355357725, 15.38513096188771], [-83.72208852383916, 15.384654366108453], [-83.72426479040384, 15.379973724455905], [-83.72166146992305, 15.379837187438458], [-83.73156218857835, 15.372126055112895], [-83.7262237209969, 15.373228013942194], [-83.71918652736679, 15.37867104613839], [-83.71992311115072, 15.388189689869774], [-83.72526077722016, 15.38720191738664], [-83.72162164759818, 15.3962261165385], [-83.67401102966184, 15.36167563374577], [-83.65302712353503, 15.352902282252828], [-83.61112308106715, 15.329735449963659], [-83.56464988850145, 15.314544217857474], [-83.53017567399571, 15.30690144898169], [-83.5033049204981, 15.296687567608217], [-83.48087610473604, 15.291782882333594], [-83.43861753180995, 15.271909868614257], [-83.4091394872917, 15.263152134730879], [-83.38729888864157, 15.248017054967681], [-83.3724566382884, 15.232136327867199], [-83.35320623740851, 15.20167771434439], [-83.35379148925942, 15.190380857052519], [-83.3492521341868, 15.179039244095561], [-83.34441019241595, 15.152323989237344], [-83.33303848329751, 15.126455016118173], [-83.30968141037542, 15.089178371660129], [-83.2700355940846, 15.05175426013275], [-83.24969807307605, 15.03800853990368], [-83.20523842077439, 15.016807491380963], [-83.18205658406642, 15.008454493983454], [-83.16904461817549, 15.00652444688076], [-83.1500186318283, 14.996357273855162], [-83.16632771134249, 14.993333454424198], [-83.17474093407512, 14.988887636811711], [-83.19235071998808, 14.996257679901397], [-83.20211474901065, 14.996789761838063], [-83.21657457334601, 14.992392342681299], [-83.23527647487136, 14.981705343488745], [-83.25242749335263, 14.988615604533397], [-83.26593323997692, 14.986916495315613], [-83.2798762843428, 14.988381192518654], [-83.27900425015113, 14.98159956072022], [-83.28507427193642, 14.978938233502094], [-83.29110638687631, 14.980791876306212], [-83.29293234834691, 14.984870363106952], [-83.29103645411178, 14.988919809628836], [-83.27609628829372, 14.995126205332578], [-83.2792749066609, 15.004182579004818], [-83.2871945873313, 15.002890640817425], [-83.29374664694147, 14.998425331247768], [-83.30864503360698, 14.997186377952909], [-83.33694372632537, 15.006886732570207], [-83.3415660948888, 15.010535149476295], [-83.34762883883482, 15.008774566793347], [-83.34861194653914, 15.00245913296386], [-83.34586242262789, 14.997470257482073], [-83.35007171965422, 14.994791889908544], [-83.35979293355486, 15.00073627996085], [-83.3629490982149, 15.012955265786456], [-83.38758274876125, 15.016299522729566], [-83.4019085117065, 15.028600983272181], [-83.40609994659255, 15.028179971260704], [-83.40799035137171, 15.024580395425927], [-83.40755756043836, 15.02051194478384], [-83.40293062513618, 15.017316951895433], [-83.40765946745074, 15.00786617305402], [-83.40774319328449, 14.997477679614736], [-83.4156311071233, 15.00024555015422], [-83.42362345235689, 14.989914811782825], [-83.4314965555148, 14.99448821372029], [-83.43988218096845, 14.993193447358935], [-83.44925860828126, 14.984225791181123], [-83.46137585726689, 14.981601621742945], [-83.46601058626335, 14.983891815750637], [-83.46922635122037, 14.989334933463022], [-83.47945507094913, 14.990310256814954], [-83.47753104441067, 14.998427936334018], [-83.47888218581488, 15.004309246458003], [-83.48631966927144, 15.005264869656711], [-83.49465393142899, 15.010742842281713], [-83.50117524463886, 15.009884231593114], [-83.51101601040803, 15.000917404950256], [-83.51435146566875, 14.990550599443274], [-83.52643561214026, 14.992439147286364], [-83.52647613889957, 14.987019170326333], [-83.52140534685176, 14.980660243241712], [-83.52517819545481, 14.973910509467412], [-83.52982398647929, 14.974844508875433], [-83.53442957070423, 14.981199575682222], [-83.53862732457047, 14.979873269736304], [-83.53690709163787, 14.960888368328623], [-83.53042688861284, 14.956328336258814], [-83.5300049792027, 14.950452209839005], [-83.54024987379412, 14.949165731638999], [-83.54299831603831, 14.955056859994837], [-83.54624834462928, 14.955981712256714], [-83.54765713475808, 14.95418409589954], [-83.54722837245475, 14.949212761812822], [-83.53889118449966, 14.944188212082167], [-83.53844612112881, 14.9414745155509], [-83.54405805908306, 14.937446627394078], [-83.55692839656221, 14.938032598879923], [-83.56038926303866, 14.93077731031761], [-83.55865282104376, 14.913599657620537], [-83.56378280419663, 14.91182623291517], [-83.57024609765237, 14.91864512974998], [-83.580066144838, 14.911480143033709], [-83.58378112111711, 14.912407931681265], [-83.58931822298115, 14.918767972649668], [-83.59538438567678, 14.916096009329898], [-83.59773948540911, 14.912045026415326], [-83.59404690786826, 14.907955940179388], [-83.59501520909605, 14.902541500065237], [-83.6127127658431, 14.899491030642405], [-83.61044106596732, 14.891796398652673], [-83.6123740583701, 14.881418476983075], [-83.61660961236296, 14.874216088609781], [-83.6152992477575, 14.862010621572363], [-83.6222689586158, 14.862957428476726], [-83.62216318906925, 14.878316426904], [-83.636091496581, 14.882017282545082], [-83.6635611887387, 14.87811934491463], [-83.68454839225767, 14.869660955389556], [-83.69426530182284, 14.87739962164158], [-83.6966119852061, 14.87424987338629], [-83.69622969918012, 14.86159804061535], [-83.70276761574846, 14.85756954333065], [-83.71160742590585, 14.85716935112025], [-83.71814833289783, 14.852688957559453], [-83.7172472938573, 14.848166372439556], [-83.70512844516894, 14.852161632837577], [-83.7000274179869, 14.849873044706285], [-83.69687495362787, 14.834041784467257], [-83.69829682081732, 14.829983686474675], [-83.70529877812972, 14.82595820002723], [-83.70847192707723, 14.838627558810378], [-83.71590713313974, 14.839573600131821], [-83.72849250102566, 14.835128302314311], [-83.73312630589338, 14.8378655503942], [-83.73725732204105, 14.846474315891651], [-83.74051270076059, 14.84649233039299], [-83.74332028052638, 14.843797618000503], [-83.74241057316083, 14.840629207069417], [-83.72992806422265, 14.828810701961604], [-83.73415391733148, 14.822509012166163], [-83.73974288080576, 14.821185495199497], [-83.74666127494915, 14.830261339880677], [-83.75224505809109, 14.829841459680743], [-83.75459302859679, 14.826239426104395], [-83.75514248545056, 14.812688272257535], [-83.75982064407235, 14.80819578492398], [-83.76679347355521, 14.808686583590353], [-83.77420293358675, 14.813696613724593], [-83.78111494483396, 14.824127032939618], [-83.78531153417114, 14.822342689640282], [-83.78492089106112, 14.810141346428127], [-83.78959849727131, 14.805648117011188], [-83.79936960467259, 14.804797732574329], [-83.8114145623581, 14.81254372698552], [-83.81606519966901, 14.812568611920387], [-83.81655695513597, 14.808052900323805], [-83.812396275825, 14.80396379358805], [-83.79382800241214, 14.798442051820423], [-83.79292215480409, 14.79436975935239], [-83.79526901516722, 14.79076821593265], [-83.79945655903833, 14.790338842911218], [-83.80779984295337, 14.794902556612701], [-83.81758381608542, 14.791790777456406], [-83.82641352426866, 14.792740989026651], [-83.83528560204022, 14.786462321536714], [-83.83905006420407, 14.778799471670608], [-83.84511884164566, 14.774764018563637], [-83.86140112715017, 14.773492859383975], [-83.87398648178768, 14.768134198740341], [-83.87722853829978, 14.770409556636128], [-83.87807674226208, 14.784874204324923], [-83.88271988744853, 14.786253115181681], [-83.88738992695166, 14.78266142356389], [-83.88701094477734, 14.767295536286872], [-83.8930681252527, 14.765065523889238], [-83.89631567663338, 14.766437728054292], [-83.89722531544064, 14.770057386459248], [-83.89202542504535, 14.785395651471145], [-83.89853058522425, 14.786330931195987], [-83.90416355947615, 14.776869952483132], [-83.90742074098436, 14.776433936720043], [-83.91018594271496, 14.780965644751886], [-83.90921354455321, 14.788643860503877], [-83.91570965004377, 14.791386827193772], [-83.91945717775468, 14.786434328445067], [-83.91671610574363, 14.777382363341447], [-83.91813356390118, 14.773321999862292], [-83.93068149008135, 14.774738813639166], [-83.93441866766227, 14.77159297334921], [-83.93444033958203, 14.767526315093212], [-83.92473118603068, 14.75708594249878], [-83.92614829619596, 14.753025478735568], [-83.93174487811125, 14.749889671216641], [-83.93825677738185, 14.74946811566034], [-83.94751820456709, 14.75674260320093], [-83.95682719255097, 14.75497811720365], [-83.97407654489628, 14.746472321034359], [-84.00657987117167, 14.7556564990855], [-84.01731804066831, 14.747117999028827], [-84.02755685246848, 14.745354579669426], [-84.04472700943712, 14.752659548818091], [-84.04563512625366, 14.757183243055687], [-84.04094685902311, 14.764845786598539], [-84.04696403934311, 14.770746662912524], [-84.05441403998354, 14.76897133636587], [-84.06980412739577, 14.75999728557222], [-84.08097139533602, 14.758686958690399], [-84.08421604555515, 14.760960914094943], [-84.08548415734289, 14.788082990325476], [-84.09244419370741, 14.79172806615591], [-84.09988396578463, 14.79221015198326], [-84.1129324759478, 14.786838865216152], [-84.11621080018779, 14.78188099951592], [-84.11718418709506, 14.772393233626406], [-84.10194592413643, 14.748377674573861], [-84.09689099473898, 14.735250431811414], [-84.0983048925714, 14.731188270083159], [-84.12154254530309, 14.733992730806639], [-84.13551852691582, 14.728171513393125], [-84.14858173921901, 14.718278348037181], [-84.17324209763017, 14.714754624572516], [-84.19368274066618, 14.719348753512], [-84.20528047135814, 14.726170526243711], [-84.21454241798673, 14.735695925102585], [-84.22384371204363, 14.73572872328574], [-84.22707382798465, 14.74206743756154], [-84.22285577044423, 14.750188675344242], [-84.22514992440932, 14.757881165942438], [-84.2386310346968, 14.759736289887707], [-84.24330691822637, 14.753424374594813], [-84.26661213794267, 14.740394192993104], [-84.27269236540835, 14.731373639889101], [-84.27226664258859, 14.720975588496628], [-84.2630345266983, 14.702863792452185], [-84.26588785294734, 14.686148968273253], [-84.2589322917121, 14.681153243504873], [-84.25801961566813, 14.6766307502821], [-84.27341172479652, 14.663571450960093], [-84.2827231325608, 14.659985072500485], [-84.28643268758388, 14.662708855092074], [-84.29851556301954, 14.664102951431254], [-84.30635508969199, 14.682208715957564], [-84.31053338495613, 14.684029861292817], [-84.31797917052849, 14.682243990253424], [-84.32450934334953, 14.67638814700681], [-84.33799508937781, 14.675975235832574], [-84.34542400513527, 14.679162008712236], [-84.35097769834941, 14.686862904648857], [-84.35188621207911, 14.693194151779858], [-84.3425456499059, 14.704920523099489], [-84.35276880312216, 14.707211108276047], [-84.35925782784697, 14.713558632670516], [-84.36344060566846, 14.714474598126559], [-84.36670512768518, 14.711771306706838], [-84.36813289763077, 14.701830748779892], [-84.37698977851547, 14.695526595818663], [-84.38215306479275, 14.680622502582114], [-84.401738827123, 14.6630445665504], [-84.41477971755816, 14.655845826407084], [-84.41525465781622, 14.652682609427993], [-84.41062989428083, 14.644533788743955], [-84.4143645915393, 14.639570783875197], [-84.42551868510216, 14.640954644586127], [-84.43484135748834, 14.632841537893363], [-84.46180650826659, 14.632906751511259], [-84.46556656436213, 14.618448460236554], [-84.46836117963335, 14.616647236010394], [-84.49902857299057, 14.622594157184631], [-84.50227580227113, 14.625314356918594], [-84.50457443287502, 14.635266275879522], [-84.51061225589685, 14.637539763423941], [-84.52363100128633, 14.63756798271442], [-84.52550360457772, 14.632598782682546], [-84.52922662167332, 14.63124932420777], [-84.5357151606217, 14.639401463660393], [-84.53755937003167, 14.645734774844572], [-84.53569398222439, 14.647991649793804], [-84.52266882652262, 14.650224740313531], [-84.52219699589781, 14.652936729888149], [-84.52636895880374, 14.65791831591704], [-84.551012908187, 14.658422072155496], [-84.56125798422782, 14.65211199864694], [-84.56635593758693, 14.659356787210784], [-84.57984947371442, 14.655765322835647], [-84.58819719340144, 14.665727926965284], [-84.59797407084483, 14.660772107588109], [-84.61330781181789, 14.666225523411239], [-84.62772716802505, 14.664893764706918], [-84.63328240892642, 14.677111224084284], [-84.64956721888443, 14.673520413987369], [-84.66817078903486, 14.673098094738297], [-84.67186270468262, 14.688024787057495], [-84.68023467042036, 14.688037490355057], [-84.69190059084633, 14.667254522052382], [-84.69888532225463, 14.66229010383609], [-84.70213917771464, 14.663199840244884], [-84.70119135698948, 14.673146077205526], [-84.70907165896121, 14.688077804379267], [-84.71232215591004, 14.691247349153755], [-84.7216231479684, 14.692164477567], [-84.72486839502061, 14.698498428478123], [-84.73741729234905, 14.70484543449277], [-84.73926840399615, 14.71072629731397], [-84.74809708143822, 14.716615251333353], [-84.7443320903758, 14.743289368840445], [-84.75037793013637, 14.74465275069892], [-84.7587604420893, 14.739688998718268], [-84.76294764686345, 14.739693398255797], [-84.7671287694858, 14.743768132645156], [-84.76897258160612, 14.755074626160187], [-84.76571250548268, 14.756879576198902], [-84.7522249360909, 14.753698185044916], [-84.74942724064981, 14.757312214967147], [-84.75591865319906, 14.771338421072896], [-84.77079426602371, 14.780851198338935], [-84.78102672103667, 14.784028694323673], [-84.78659948841502, 14.791721786990202], [-84.79169815206656, 14.80574531046675], [-84.78982794968465, 14.811638872161545], [-84.79122097545512, 14.813884025982059], [-84.79680472322539, 14.814793641154937], [-84.80145067720849, 14.820225535779995], [-84.8075017879692, 14.82023130122234], [-84.81308024628382, 14.82475928488031], [-84.8223874045059, 14.826124982297658], [-84.84520248828008, 14.819814793323136], [-84.85359155210506, 14.81032531692444], [-84.86848556215506, 14.809884220957205], [-84.876860960631, 14.812151681816676], [-84.90153042277981, 14.810811174128832], [-84.90991524974565, 14.803128746732693], [-84.91411379995999, 14.79227704844753], [-84.93181628793533, 14.7705788568294], [-84.93182039376329, 14.765604405698786], [-84.92484249795615, 14.762888538591913], [-84.92670675337688, 14.759271560254058], [-84.93182775737111, 14.75610844021945], [-84.94020371483249, 14.756110964085538], [-84.94392906863429, 14.752042757757879], [-84.95463037633769, 14.753855760199928], [-84.96347296938374, 14.75204974485397], [-84.97138660499569, 14.747076956647252], [-84.97418215208491, 14.740746525049211], [-84.98348888675419, 14.739392171057876], [-84.9881438943036, 14.736226967402425], [-84.99885274693517, 14.721304294992882], [-84.99970514283233, 14.96724118892805], [-84.98987589097565, 14.960261101911492], [-84.95400591368335, 14.96083806146934], [-84.95083308132664, 14.951765420529219], [-84.94897028138247, 14.951748694175148], [-84.93113249646487, 14.966051283572979], [-84.911800901355, 14.989833134236294], [-84.90451412182694, 15.020056044912879], [-84.9003126460238, 15.020920884037915], [-84.89151137580916, 15.015864031287817], [-84.8858987314533, 15.018070902902716], [-84.88305391350886, 15.023016437386588], [-84.88482700805497, 15.032075604844913], [-84.87353222341622, 15.043270610605134], [-84.8576781828769, 15.044473556987224], [-84.84470314799556, 15.03756609385563], [-84.83996122568766, 15.045657654169396], [-84.83248849272367, 15.047392425125649], [-84.82955386371151, 15.06092680483735], [-84.81830151423932, 15.067597744302539], [-84.81585011068786, 15.079328201830776], [-84.80652218999526, 15.080139380293678], [-84.78700486707879, 15.07497109671477], [-84.76694602264789, 15.077029755374827], [-84.73930169212682, 15.091215160129275], [-84.69180022664901, 15.13095770065696], [-84.68761584063049, 15.130009159019473], [-84.68537576072893, 15.121848154619888], [-84.68214839652006, 15.118650650699307], [-84.66539311698625, 15.116665623542215], [-84.6584440443311, 15.11297538051981], [-84.65330815776575, 15.113824461611491], [-84.65743622525315, 15.119745416225834], [-84.6535214768838, 15.136428954968153], [-84.64838557631523, 15.13727897341001], [-84.63677543146181, 15.133538298210455], [-84.62788087228918, 15.137058814624808], [-84.62457249633366, 15.14109177478217], [-84.62355327751156, 15.148764805969048], [-84.62579160134305, 15.15692612416215], [-84.62340510860427, 15.161873282481098], [-84.62326632527136, 15.174077283291817], [-84.62649844822204, 15.17682393740585], [-84.63164599198467, 15.175071237344739], [-84.63489333225397, 15.176462781632692], [-84.63343288267086, 15.182302893681758], [-84.64222858300735, 15.187390107198366], [-84.64357600233501, 15.191925976794174], [-84.64212137264046, 15.19688196423811], [-84.63230215903758, 15.199489158599725], [-84.62758876941736, 15.203958943279812], [-84.62467902688599, 15.213871684200729], [-84.62925889029178, 15.221154326456206], [-84.62874643584433, 15.225216650418846], [-84.62032871657264, 15.227386192773675], [-84.61754710709707, 15.225999293321818], [-84.61391042012832, 15.217823041509934], [-84.61064736266015, 15.21778836242469], [-84.60871517842223, 15.223643474131865], [-84.61039897707134, 15.239482659106532], [-84.60609367414867, 15.24892836726174], [-84.61025871063353, 15.251686459704539], [-84.61911782922894, 15.251782954777653], [-84.6190815984322, 15.254946836814835], [-84.61485396585297, 15.257613314668108], [-84.61943417882642, 15.26489621923662], [-84.61552232378648, 15.280674766801996], [-84.59762492858032, 15.295847123472406], [-84.59283038452209, 15.307095004262017], [-84.58303150197916, 15.30743869553284], [-84.57235755201098, 15.302800353117705], [-84.5666871389768, 15.30906586934293], [-84.5675458573563, 15.315403517616407], [-84.5730843824473, 15.320436973511862], [-84.5696764708917, 15.332603687808337], [-84.57429274494496, 15.33672372448871], [-84.57470132715413, 15.341700255903595], [-84.56150249971905, 15.35330607133854], [-84.56044727153925, 15.363690288062195], [-84.54930471610723, 15.3590454090646], [-84.54647923668314, 15.361272766162806], [-84.54969623238532, 15.365377918239826], [-84.56038826437012, 15.368661675474998], [-84.55845271281342, 15.374516995712355], [-84.55564288481168, 15.375389546199168], [-84.54916034154894, 15.371248531889519], [-84.53654886629243, 15.37246101963032], [-84.53097232668756, 15.370590245565392], [-84.51041398892251, 15.373068020886546], [-84.50738661884374, 15.392017062557679], [-84.51568058251615, 15.40070084597033], [-84.51507789114953, 15.411994011902422], [-84.51827873156184, 15.41745448642146], [-84.51592899177751, 15.418783248369335], [-84.51130710534493, 15.415114673605917], [-84.50151438100046, 15.41454965055011], [-84.49806811109339, 15.409502832531484], [-84.48899385743567, 15.408077123455298], [-84.48696773653205, 15.42116171865251], [-84.48925129041164, 15.425255995598818], [-84.50041097846332, 15.428549330220335], [-84.50173973653567, 15.434440596367828], [-84.49611271263684, 15.436635515213533], [-84.48683000503311, 15.432459845345708], [-84.48138516169604, 15.419741184023865], [-84.47387025759552, 15.423721937058593], [-84.47098722934427, 15.430468622509292], [-84.47369291993029, 15.438183430608735], [-84.48723572549176, 15.437437332117407], [-84.49047470098269, 15.439734623786372], [-84.49228084166839, 15.444726842684052], [-84.48944209087145, 15.447858668425779], [-84.48239843930658, 15.451393248633513], [-84.46979870531813, 15.451246360897139], [-84.46701564775806, 15.449857316959067], [-84.46340467654616, 15.43987151629168], [-84.4488442536083, 15.447384943326291], [-84.43721253212989, 15.444535178987177], [-84.4357672144646, 15.448133960029931], [-84.44781550961626, 15.455055810425186], [-84.44335751924066, 15.475794164411782], [-84.42506589532846, 15.482809613519304], [-84.41575454703883, 15.480889906620911], [-84.40928936818719, 15.475388895127653], [-84.40322815423501, 15.474865076498995], [-84.3890441209542, 15.48915741247464], [-84.39274308966858, 15.491913159627], [-84.40396147950933, 15.49069250895371], [-84.40202008701031, 15.496544456488829], [-84.39497929157164, 15.49962306264716], [-84.38472258618977, 15.498596376585999], [-84.3813343621279, 15.508046261975586], [-84.37382035707164, 15.511570107331435], [-84.37012652716732, 15.508361326535887], [-84.36745418347802, 15.49838681796015], [-84.3613690810192, 15.499667999524673], [-84.3603544027614, 15.505983215641011], [-84.36394871006907, 15.516874310789069], [-84.35546003913355, 15.523549447355647], [-84.35676684971975, 15.530796801441108], [-84.35249532013309, 15.536167343782068], [-84.3519527290903, 15.542036488008309], [-84.35374370810054, 15.547933653629292], [-84.35835389792231, 15.552509765462938], [-84.37468699352132, 15.553161166068202], [-84.3846293666654, 15.542435658922022], [-84.38976474486641, 15.542497663933565], [-84.38829491168083, 15.547903286145267], [-84.37509608340682, 15.557685754709437], [-84.36936008462008, 15.568010465253394], [-84.3692663322338, 15.575241079585222], [-84.37707611329489, 15.585279280459398], [-84.36909772669972, 15.588345366543338], [-84.36859553732425, 15.591051386769614], [-84.37974420900676, 15.595706552736143], [-84.37736863276008, 15.598841895389592], [-84.36940120532626, 15.601004794743085], [-84.36795385254945, 15.604601615966997], [-84.38006550432465, 15.607010232712247], [-84.37990238627692, 15.619663028971102], [-84.3859154340951, 15.624255599303163], [-84.38211571717802, 15.6291805098844], [-84.3727577418672, 15.630422363317411], [-84.37177671265808, 15.634025906333617], [-84.3847607324072, 15.641415193310024], [-84.39550244753232, 15.641546489847373], [-84.39681706056903, 15.648342300613894], [-84.38187331580458, 15.655239038460612], [-84.37342805211615, 15.66425064650564], [-84.35988451626233, 15.66329849630455], [-84.35891818961176, 15.670979119711644], [-84.36685237754894, 15.67281577123568], [-84.37995528900159, 15.667437225097785], [-84.38507582316188, 15.671975282232594], [-84.38506122039433, 15.675592675942655], [-84.37521711801628, 15.683694410991004], [-84.36916254424595, 15.6791527980462], [-84.3644923200442, 15.678683325514648], [-84.36074922582058, 15.680025805839737], [-84.35464387926737, 15.68768831598876], [-84.3523247657922, 15.683612583142413], [-84.34951969865347, 15.684053925525019], [-84.34715957577149, 15.689921197801755], [-84.3541104976499, 15.703507811743325], [-84.34431185321257, 15.700307708846776], [-84.34102968713592, 15.703006842844307], [-84.3391262635325, 15.711136461521082], [-84.32932159902877, 15.709291569676186], [-84.32323785086095, 15.711529303376293], [-84.32131902108647, 15.722822001625072], [-84.31385289185928, 15.720533115953215], [-84.30777057894836, 15.722317638928729], [-84.30253996050344, 15.74263843481551], [-84.30388917946412, 15.754395710213688], [-84.28750354333143, 15.760657965778723], [-84.28185590334942, 15.769223173952359], [-84.29956419649038, 15.780593738290968], [-84.29767441721016, 15.785106596706354], [-84.29019185291155, 15.785980990498572], [-84.2864355437656, 15.789581907762084], [-84.28733532909736, 15.797269162441715], [-84.29244985462822, 15.803165369178622], [-84.29420026065131, 15.811574519344653], [-84.25757578003369, 15.779411122902957], [-84.20907413681394, 15.743794814919166], [-84.1946531245986, 15.72838608357929], [-84.15730657042276, 15.700743507056666], [-84.16107667307045, 15.698925348122078], [-84.16111611632962, 15.694857312492221], [-84.16814125225892, 15.69355880573297], [-84.16975058431382, 15.690983180463238], [-84.16026108455576, 15.686712498688467], [-84.16161042833984, 15.692148732736605], [-84.15659512514392, 15.699105246470209], [-84.15260743958846, 15.697457047091468], [-84.07698831369318, 15.632748305282169], [-84.04959004447068, 15.605161223880481], [-84.0132246093615, 15.573494989526024], [-83.97815045537976, 15.537133032222686], [-83.94099943311039, 15.510497560130935], [-83.92526289238562, 15.494447724595865], [-83.91441914315132, 15.488062785250529], [-83.88986187371042, 15.46529638730722], [-83.82721599588895, 15.42481194495884], [-83.76949729275482, 15.404524788889796], [-83.75335364675804, 15.396256383015261], [-83.72875260254648, 15.393419603027256], [-83.73579926438173, 15.387058962548306], [-83.73875049043318, 15.37562277174186], [-83.75312072595842, 15.370926002089659], [-83.76293194807245, 15.372495431420504], [-83.81381794608083, 15.413702917242581], [-83.84436215209976, 15.42769524442732], [-83.85905811618035, 15.42654831696809], [-83.87269490840664, 15.437885378236905], [-83.89162630188844, 15.440091826515241], [-83.91130596741289, 15.43806097994483], [-83.92276658869461, 15.441355909392753], [-83.93522493089846, 15.452567382278268], [-83.93438044643958, 15.454280372066323], [-83.92646758637734, 15.451584835885688], [-83.9271797032809, 15.465002674457772], [-83.93264771084338, 15.476390491361153], [-83.93933345637836, 15.484120009916088], [-83.96115231968486, 15.495628206834978], [-83.96232694961091, 15.504732971946805], [-83.96940512369146, 15.500388601221285], [-83.98398861095387, 15.49934655868695], [-84.00476879495373, 15.508091710672986], [-84.01761300533235, 15.516666010872436], [-84.02957523635283, 15.517438009464165], [-84.04254153721749, 15.525781342047745], [-84.0533247320302, 15.525970802187738], [-84.0589111744166, 15.523945740368122], [-84.0495511000674, 15.523651437022247], [-84.04791398712727, 15.521003925163713], [-84.05897579232139, 15.501476228179014], [-84.06935406240211, 15.492948102583737], [-84.0743989849734, 15.499173886406897], [-84.08954724591399, 15.501568439479813], [-84.10211520978532, 15.500734630026622], [-84.1097833717638, 15.505026574054133], [-84.11541249955746, 15.512516862607635], [-84.10049930990262, 15.510239881622327], [-84.09190827958517, 15.5175197481857], [-84.08552361551345, 15.53043081072517], [-84.08545804611325, 15.53857005047499], [-84.08780214934524, 15.5419108118595], [-84.09277247490922, 15.54286144979693], [-84.1027630843536, 15.538457259720618], [-84.11341776057796, 15.540018289448652], [-84.12208867739461, 15.537667331786727], [-84.12926697900082, 15.529115939932666], [-84.13026811756977, 15.522359044847], [-84.12642031344757, 15.514308578050738], [-84.1162614490348, 15.510114419679178], [-84.11422020369386, 15.498407309134354], [-84.10763940407888, 15.491484832508549], [-84.10980629332434, 15.487142192241134], [-84.09928306308315, 15.484322204142536], [-84.09878723050458, 15.487070117318211], [-84.10303372050342, 15.48950545160457], [-84.0974464575855, 15.491760999163095], [-84.09401332379777, 15.491394165059269], [-84.08872440843254, 15.485970417249279], [-84.09208903066315, 15.480031765325636], [-84.09886785103154, 15.476867405795154], [-84.10056852931982, 15.471604359943171], [-84.11192550971738, 15.473858223451534], [-84.11968854412743, 15.481131181558279], [-84.11916428414686, 15.487547671753255], [-84.13059141711949, 15.496106486200071], [-84.13916770118801, 15.520925774304747], [-84.15224539153485, 15.530985256523465], [-84.16749522926831, 15.536127427585653], [-84.18078817892321, 15.533802876986686], [-84.18627647032451, 15.529021963297835], [-84.20077253391834, 15.524182609231328], [-84.21940476486328, 15.53691014742841], [-84.23017358225435, 15.5393826625486], [-84.23831851510433, 15.527737876848844], [-84.22679639186012, 15.515055025996801], [-84.2247218195312, 15.507016696100278], [-84.2026488356898, 15.495072806228157], [-84.2047416735285, 15.468600559455265], [-84.20439927283029, 15.466877971168584], [-84.19919584913069, 15.48140721845715], [-84.2009635664386, 15.466741977803409], [-84.19229734417416, 15.410204234010902], [-84.19895300029681, 15.457754965430187]], [[-84.19519655674989, 15.397255703991949], [-84.19347033710118, 15.400933468569702], [-84.19229734417416, 15.410204234010902], [-84.19519655674989, 15.397255703991949]], [[-84.45361689871874, 15.325217724465094], [-84.47310704990095, 15.369668931219413], [-84.48053445018937, 15.383826028865737], [-84.45361689871874, 15.325217724465094]], [[-84.40991977047975, 15.181493501451317], [-84.40835895635273, 15.177001747404299], [-84.4254599568117, 15.270578550430603], [-84.40991977047975, 15.181493501451317]], [[-84.77680304053199, 14.819323810875279], [-84.78141122093855, 14.819492234690294], [-84.77789918424938, 14.818701627743756], [-84.77680304053199, 14.819323810875279]], [[-84.77404646263247, 14.824155701745982], [-84.7759893474039, 14.819785671971138], [-84.77492725957535, 14.820388524608646], [-84.77404646263247, 14.824155701745982]], [[-84.40949931217688, 15.064449661658744], [-84.4205672956472, 15.057982611545517], [-84.41022180585796, 15.063283512055216], [-84.40949931217688, 15.064449661658744]], [[-84.40878595983271, 15.065601056577616], [-84.41010317252417, 15.06747016506568], [-84.40908432024426, 15.065119484371877], [-84.40878595983271, 15.065601056577616]], [[-84.42057821736734, 15.143382887314505], [-84.42512412762831, 15.134100090006012], [-84.42028746790939, 15.143648345109009], [-84.42057821736734, 15.143382887314505]], [[-84.41879736621847, 15.145008826092381], [-84.41978977381774, 15.144102745873303], [-84.41125388052579, 15.145263405582474], [-84.41879736621847, 15.145008826092381]], [[-84.40405822487082, 15.154002674347423], [-84.405744563182, 15.150723536952919], [-84.40440963927855, 15.152046542949401], [-84.40405822487082, 15.154002674347423]], [[-84.40273366819955, 15.162583476052426], [-84.40260860765994, 15.162071898826715], [-84.40252685896706, 15.162526948993635], [-84.40273366819955, 15.162583476052426]], [[-84.4066553604506, 15.171225943478001], [-84.40870514162658, 15.164590995432418], [-84.40847507504553, 15.1645240260925], [-84.4066553604506, 15.171225943478001]], [[-84.1520696045584, 15.664041636062398], [-84.15255936647769, 15.661784572404184], [-84.156774061882, 15.660915926806368], [-84.16421244938171, 15.665044858727795], [-84.16657526882416, 15.662352549055232], [-84.16027448251245, 15.637436212435782], [-84.17000486483127, 15.646105640073248], [-84.17330279948713, 15.643419634894755], [-84.17523704753188, 15.636654163695276], [-84.17158197560082, 15.62803407710303], [-84.16176886449806, 15.627953586987962], [-84.15060295084294, 15.622889071497871], [-84.1463890432815, 15.623758863634766], [-84.14513719920197, 15.608378377669672], [-84.14752257390654, 15.603424186432752], [-84.14390847069785, 15.59073703038773], [-84.14402773987014, 15.578531869079162], [-84.14638119509704, 15.576742645719733], [-84.15429191447993, 15.57997218994406], [-84.16645158373876, 15.578714673682013], [-84.16513290775663, 15.570114570733672], [-84.15489978090552, 15.565509789465784], [-84.15065123180179, 15.56999639020905], [-84.14326968505208, 15.560441682624178], [-84.12418933733952, 15.553050877615862], [-84.10829494773952, 15.554274170813448], [-84.09844052486888, 15.55871190914163], [-84.08519417313767, 15.575326219346803], [-84.0864503835151, 15.58980334496562], [-84.08312062725938, 15.595651711306381], [-84.08305736911788, 15.601980269267854], [-84.0903871086024, 15.616508640010071], [-84.1042320765964, 15.633804084021293], [-84.11909031268046, 15.643422496424611], [-84.1260816647154, 15.645290023780936], [-84.14246006909231, 15.643166339133863], [-84.14869854870216, 15.62649033831833], [-84.1720139735527, 15.631654430815386], [-84.17290919991142, 15.635731183534286], [-84.17005346773001, 15.641132291879797], [-84.16310914585615, 15.634295045241602], [-84.15888603463536, 15.636068053202099], [-84.15964907633634, 15.653705717031174], [-84.15355121849952, 15.655915933838749], [-84.15023986194149, 15.659957189422203], [-84.1506500074372, 15.66583728490697], [-84.15711339008685, 15.674029077501134], [-84.15427799257212, 15.67717004149175], [-84.15526024763734, 15.681880146039225], [-84.15703783698733, 15.681713614201765], [-84.15990423888206, 15.675407591307271], [-84.1520696045584, 15.664041636062398]], [[-84.19534819289584, 15.68383408180628], [-84.18978674489489, 15.678816846968362], [-84.18624602371175, 15.68383452452787], [-84.19251311698171, 15.68697674208995], [-84.19534819289584, 15.68383408180628]]], [[[-84.04825415440338, 15.441431374816379], [-84.03954939886712, 15.419164593277477], [-84.04788865217388, 15.407197270383016], [-84.0534111662035, 15.410705615433413], [-84.0533537565313, 15.423685235247012], [-84.0614788603263, 15.436411070432296], [-84.06151236426251, 15.451458836716403], [-84.07454490465891, 15.469523449920102], [-84.08300636054335, 15.475017485357993], [-84.08421149584768, 15.482382175701192], [-84.07812343987739, 15.485530310003872], [-84.0735696848594, 15.480310164723022], [-84.05600386079013, 15.473105432494295], [-84.04825415440338, 15.441431374816379]]], [[[-84.0990752908966, 15.496791128196437], [-84.0850470945047, 15.499620545362976], [-84.07761601939521, 15.496781545737285], [-84.07259643576596, 15.49156196544374], [-84.07504895347432, 15.484920730138331], [-84.08680267921531, 15.492519532848569], [-84.0990752908966, 15.496791128196437]]]]}}, {"type": "Feature", "properties": {"code": "R-11", "name": "El Paraíso", "level": "subregion", "municipios": ["070300", "070400", "070600", "071000", "071300", "071500", "071900", "152300"], "source": "SINIT/SEPLAN 2016 (Marco Contextual CNI), clasificado a nivel municipio"}, "geometry": {"type": "Polygon", "coordinates": [[[-86.37795961558227, 13.771046958998646], [-86.3878209927599, 13.761373247813165], [-86.39453881485072, 13.760520711427787], [-86.39919156417693, 13.76304118780721], [-86.40300380285585, 13.758032265390833], [-86.40991193558692, 13.760082178905536], [-86.41686497823046, 13.758289235691468], [-86.42025562662931, 13.763255533890753], [-86.42708055137025, 13.765418932016606], [-86.43832124745116, 13.763591237398522], [-86.4446434465724, 13.768910877078348], [-86.45363274234805, 13.789530574189287], [-86.46108853840914, 13.784841868625598], [-86.46037706528365, 13.781693742066564], [-86.46498325853281, 13.77952471124269], [-86.46744096963201, 13.774744631692577], [-86.47881338260844, 13.771230197353091], [-86.48194522796005, 13.776787396318893], [-86.48317049426099, 13.771214520858194], [-86.49065168396316, 13.76868594312313], [-86.49507404496961, 13.77354037605852], [-86.50669335277361, 13.776154442290945], [-86.51423945790427, 13.774913750615472], [-86.52256731715303, 13.779879370541964], [-86.5232557636642, 13.788518010941413], [-86.53108362926064, 13.795469353433246], [-86.53041153258715, 13.798167090081451], [-86.53324383398407, 13.80132359723374], [-86.53892176268862, 13.804789463812252], [-86.54824373434138, 13.797022787466695], [-86.55969988104064, 13.802200881032826], [-86.57474439006126, 13.791257200220667], [-86.58061562834224, 13.80714500619473], [-86.5943438907037, 13.817022692374806], [-86.59749568827878, 13.826718625487777], [-86.60511322194421, 13.834958079677353], [-86.61055486171847, 13.83629030184526], [-86.61798667892904, 13.832991494489063], [-86.63170163107429, 13.833826254745848], [-86.65375690069702, 13.873696363786436], [-86.66298192154602, 13.877583752766647], [-86.66331494968212, 13.892920569376264], [-86.6696694092079, 13.898745503214673], [-86.67421256373675, 13.910163728480319], [-86.68107966898347, 13.913527381737401], [-86.68259470607643, 13.918764846365285], [-86.6930533525299, 13.921150451152034], [-86.69381030784585, 13.926705446076673], [-86.70026953354562, 13.929756113497023], [-86.702185440807, 13.933627303880979], [-86.70502241799366, 13.932580754036664], [-86.70397560765986, 13.935883196302765], [-86.70733063197996, 13.93467110659957], [-86.70705243339378, 13.939184989516995], [-86.71150656213639, 13.939582497501224], [-86.71267525425488, 13.934028703986229], [-86.72334455308483, 13.937286004673247], [-86.72078605262486, 13.945910279828869], [-86.7221078554947, 13.949577197013438], [-86.73458284441364, 13.948709522269933], [-86.73432691077359, 13.952908123079387], [-86.72953673734332, 13.958089559277031], [-86.73080621208308, 13.96259603971982], [-86.73314927826685, 13.961564543529219], [-86.7354586009904, 13.964686553733022], [-86.73547354018828, 13.969848421030921], [-86.74198340832942, 13.971102080893722], [-86.74004314241384, 13.977725935991675], [-86.7523449864666, 13.980536876676371], [-86.75093448154155, 13.984496964537337], [-86.75596311911987, 13.99308743143173], [-86.7688662881568, 13.986441771796994], [-86.76810707603794, 13.992144280626446], [-86.77600474701754, 13.99963055654727], [-86.77822685638945, 14.0053640869833], [-86.7830670201304, 14.006355172748972], [-86.7869453053945, 14.012996568802327], [-86.78944347307628, 14.012851812836681], [-86.79373517021206, 14.018036565728618], [-86.79884121228524, 14.019169977806728], [-86.8058000424334, 14.024790732058085], [-86.81309196076336, 14.024086670386684], [-86.81799829098196, 14.026639117093236], [-86.81929669478828, 14.021318880815468], [-86.82349597312177, 14.025450773843], [-86.82740891644487, 14.022555635883448], [-86.83297150048325, 14.025862130067404], [-86.8310602371245, 14.02862878529823], [-86.83639212930086, 14.04776529262063], [-86.8299466885966, 14.046935763361672], [-86.81393574425466, 14.052574083286062], [-86.77752674756196, 14.083138978275132], [-86.76688146542055, 14.087055382057132], [-86.76738954599176, 14.094734714736571], [-86.76425250332797, 14.104398601503988], [-86.77162295430253, 14.107130704180575], [-86.7731673985822, 14.112204674677486], [-86.76817285845289, 14.118295286832925], [-86.77035158664492, 14.127196866468145], [-86.76623451508031, 14.131608727339534], [-86.75112220192881, 14.137989557605513], [-86.74996349024316, 14.134742323028673], [-86.74630584061323, 14.133280495344474], [-86.72551416170475, 14.131233958198953], [-86.72357148033448, 14.134729250505082], [-86.72500622513984, 14.14167278653397], [-86.762952311166, 14.158404503902128], [-86.76486627286552, 14.170349547550902], [-86.7776188456195, 14.172571315535944], [-86.78787771246135, 14.178799152069937], [-86.78818496735649, 14.18318472034476], [-86.78291700780417, 14.193226640134833], [-86.77520362697263, 14.198444575980172], [-86.77204900891378, 14.20481948008107], [-86.81270517420955, 14.216655496466828], [-86.82179650112428, 14.224698384136031], [-86.82314267611514, 14.230131266905822], [-86.81833487373947, 14.237615433333751], [-86.81983432232843, 14.244457844258992], [-86.80823710779939, 14.268037766313096], [-86.80510060530838, 14.290311943271835], [-86.82965205137243, 14.291529954332304], [-86.82725101443488, 14.294829604227171], [-86.83107932466294, 14.33226192768383], [-86.79751068074802, 14.36020177291487], [-86.7133005072859, 14.422493239656434], [-86.71145416895449, 14.415874773077352], [-86.70391794216043, 14.414468519080842], [-86.69580558153109, 14.418133628760405], [-86.67999434003289, 14.41023069502228], [-86.67008672219669, 14.409142248873753], [-86.66958467024114, 14.404386788406104], [-86.65956839992992, 14.399456196840529], [-86.65380600561438, 14.399541635073108], [-86.64806232608885, 14.409137590833607], [-86.63479169831862, 14.404436170375588], [-86.63319597479676, 14.40703540890975], [-86.62896205801147, 14.40689656745967], [-86.62638905712868, 14.400240173603093], [-86.61454541433382, 14.393291926717122], [-86.61436805896766, 14.384141562570335], [-86.60861348355179, 14.373633708528198], [-86.59779202825624, 14.381595891662801], [-86.52164227833524, 14.363923896713196], [-86.51481357666617, 14.354096596290749], [-86.5084320672757, 14.352902406553929], [-86.50255229771165, 14.337388510361881], [-86.47784397173591, 14.332268821796191], [-86.46403269273651, 14.333226947481064], [-86.45972036317069, 14.324133905402856], [-86.44786785539512, 14.313477305391162], [-86.44094803247074, 14.289205200868748], [-86.35646677883717, 14.28227296916004], [-86.34919244506267, 14.287336687570075], [-86.34234185295617, 14.284259640182416], [-86.33223287856096, 14.292130198293869], [-86.316778500618, 14.297751821749108], [-86.30553023789783, 14.311181649475245], [-86.29477555552401, 14.319415913665736], [-86.28564368216443, 14.319317426303177], [-86.27432278651405, 14.329196762677494], [-86.25878377688429, 14.334356449050954], [-86.24977373542335, 14.345388815640433], [-86.18641468410799, 14.360632111151263], [-86.14823428577559, 14.266185203681134], [-86.15031445047522, 14.27138441031989], [-86.10929086122509, 14.348227636040724], [-86.06290712372919, 14.393272736466594], [-86.05260379776553, 14.43307946981579], [-86.0134975066871, 14.497912561921632], [-85.98849810666448, 14.528327835769156], [-85.98331043181634, 14.523232609426884], [-85.97193509221904, 14.527031956649113], [-85.96180354772605, 14.517654288082833], [-85.96696010997009, 14.501555804031394], [-85.97012714022857, 14.494922768036155], [-85.97997302830755, 14.490802609177617], [-85.9762919340499, 14.485810993016374], [-85.97699761745861, 14.48241034846338], [-85.98661337040431, 14.473776548919135], [-85.99096646211207, 14.464298256581865], [-85.99707342865433, 14.46057934103601], [-86.00149126069716, 14.451762158421648], [-85.99652079294036, 14.448825482815893], [-85.99257429147593, 14.442310799222803], [-85.97995034870749, 14.438596253319801], [-85.95856036156356, 14.446401792540565], [-85.95029319676553, 14.430129720129198], [-85.93669061008724, 14.419040693194887], [-85.93241303980005, 14.411307703787761], [-85.91053032379713, 14.41149368072736], [-85.89102363544896, 14.408339379922474], [-85.87528977543703, 14.397289052361835], [-85.87458879375578, 14.39049538323772], [-85.86247405319533, 14.381116984657835], [-85.8577494368241, 14.37086526838948], [-85.85800088882237, 14.36562994484416], [-85.84302255954881, 14.357433553211267], [-85.83779429051992, 14.362163082937881], [-85.82822725811381, 14.360842440307513], [-85.81597595644976, 14.352662415419733], [-85.80490314933512, 14.33507818203662], [-85.8040368336057, 14.32632529740461], [-85.81597660837048, 14.315435313241528], [-85.820107965507, 14.314455799578957], [-85.8205732822964, 14.306344598205746], [-85.82481211501339, 14.301486169713277], [-85.82280456219291, 14.297344894860444], [-85.82592945728102, 14.292731780466887], [-85.82480557901006, 14.287682958529166], [-85.8269897232382, 14.28479636170986], [-85.81919356261147, 14.275604681625719], [-85.82339534406766, 14.264930954246696], [-85.81709855438896, 14.251410762647774], [-85.82137661883738, 14.244481171854066], [-85.8190867981632, 14.237680684120537], [-85.82297669925576, 14.226670862342509], [-85.82714694624066, 14.220632167158476], [-85.8339654712512, 14.217786200127435], [-85.83722436161959, 14.212284132060308], [-85.844899759907, 14.212853572069077], [-85.84962517245503, 14.20578650352972], [-85.85906632613059, 14.199298946839603], [-85.87190015201762, 14.195505182669816], [-85.87617590737278, 14.191769017849005], [-85.88017167135422, 14.184875228538516], [-85.87915822860069, 14.180272326537136], [-85.88617944638882, 14.177534175010157], [-85.90101251138667, 14.151698337288165], [-85.90510381107751, 14.136500765163365], [-85.90860032194337, 14.131665310074602], [-85.9049667856586, 14.12648174415626], [-85.89788271242227, 14.125618070646086], [-85.88711033798036, 14.128467070969686], [-85.87706683272086, 14.135295616341827], [-85.87235787334285, 14.147743674527382], [-85.87605998874514, 14.157089580215478], [-85.87201668691215, 14.163378533572004], [-85.85096836086402, 14.172322381343767], [-85.84689317280053, 14.17682409749953], [-85.84684197758918, 14.180423016245896], [-85.83776475264385, 14.18582593780069], [-85.82663137962841, 14.18669264829756], [-85.8233159696904, 14.180170816210023], [-85.81484664541577, 14.172803136948412], [-85.81300695176331, 14.16677778336636], [-85.80762490629863, 14.16271351475447], [-85.79505601838888, 14.160725184694572], [-85.77906071057734, 14.162626388460504], [-85.77403934947944, 14.179422127282931], [-85.76973594961264, 14.183212729938578], [-85.76719067667312, 14.196732613523354], [-85.75833176512316, 14.200754847011831], [-85.75404140479155, 14.197486060578342], [-85.75186378057226, 14.190626918208435], [-85.73834602802035, 14.184987475558199], [-85.72570885757634, 14.189775050503023], [-85.71267673319335, 14.190476021114725], [-85.70653957762057, 14.182676581209144], [-85.70161810426988, 14.184477149115702], [-85.69308810777817, 14.181347062284196], [-85.68688398141455, 14.183637518925865], [-85.67885322616391, 14.177040660660262], [-85.67051339545813, 14.17577079544726], [-85.66559361637775, 14.172317401636855], [-85.65849061048371, 14.176616839802117], [-85.66133518704827, 14.18417865162855], [-85.65253424317123, 14.192228895324952], [-85.65022552306787, 14.186725416178767], [-85.63924308980255, 14.177133232516205], [-85.63684372434983, 14.167199715507174], [-85.61856028744857, 14.160586607768106], [-85.61219195790643, 14.147677497193662], [-85.61058279286804, 14.138555159109616], [-85.60518380631284, 14.13374986017681], [-85.60497417989247, 14.12206612247021], [-85.60851221535637, 14.121062872480143], [-85.61011515420628, 14.11047433374546], [-85.60972409462495, 14.095717174172917], [-85.60525197888039, 14.092183961831102], [-85.60128855461306, 14.092871736387744], [-85.5853451224573, 14.079617121761283], [-85.57834835022346, 14.082745478792008], [-85.5697839484396, 14.071273446042618], [-85.57036012619703, 14.06442604450558], [-85.57451097675562, 14.065081093336927], [-85.57875342566162, 14.059062042124863], [-85.57746964563809, 14.043807041242475], [-85.58590968419846, 14.04048026871345], [-85.59092814702502, 14.044841779284486], [-85.60395806370492, 14.026366884567153], [-85.61596681423138, 14.019197299187086], [-85.62486581476495, 14.021164406157352], [-85.62325374202639, 14.011834175428467], [-85.62472593410037, 14.008894448000767], [-85.63952383002669, 14.011947528263798], [-85.65955574206019, 14.010377757621207], [-85.66396909166164, 14.01257169130073], [-85.66587794107899, 14.009684933784225], [-85.66440763598335, 14.00367436059759], [-85.66816172391273, 13.997553545282656], [-85.6681698781865, 13.985279691056235], [-85.6726533070567, 13.984673712259863], [-85.67806583642091, 13.97942167224055], [-85.68309217222789, 13.980689705564897], [-85.6872724939605, 13.989338722508105], [-85.70689010850505, 13.992909755642414], [-85.723233645076, 13.982397961290072], [-85.7243101269934, 13.976457509858728], [-85.73184211445984, 13.970406184411727], [-85.74187981535353, 13.970988340917236], [-85.75293878217062, 13.968020279389872], [-85.75436599106918, 13.962113061952595], [-85.75261324200522, 13.956155639360217], [-85.75746968251318, 13.950265950302304], [-85.75252041355327, 13.938655629669729], [-85.75227154255596, 13.928876253992858], [-85.75747218835144, 13.910947826637221], [-85.75660767254583, 13.902676143088556], [-85.76372889567295, 13.885548254840334], [-85.76239411654895, 13.882485891486414], [-85.75485206294577, 13.882464541550306], [-85.74994381751021, 13.876933990756173], [-85.7381736621435, 13.870417698383257], [-85.73357798633913, 13.860792148288581], [-85.7418149647093, 13.853080383175028], [-85.73800465802725, 13.842812571556848], [-85.74735278484414, 13.839844483694426], [-85.75146010621438, 13.832776746139087], [-85.7556822087145, 13.841378551271994], [-85.75534412798004, 13.846016753235034], [-85.75846390243862, 13.843056074363183], [-85.76642763627676, 13.84851368820874], [-85.77202297658322, 13.848495470525929], [-85.78335932749876, 13.845254566777612], [-85.78543403187108, 13.842038582063788], [-85.79106349986145, 13.844346849672627], [-85.79334704813418, 13.841763518345548], [-85.80470372792509, 13.843376387115578], [-85.81386424399369, 13.84946216712353], [-85.81899197693589, 13.848965987115369], [-85.82189270612655, 13.855024631624948], [-85.82094841550278, 13.858453199090452], [-85.82666763268166, 13.858710077502], [-85.82821329874868, 13.86657364912366], [-85.82653547060417, 13.87028236923701], [-85.83723078704351, 13.87846084370235], [-85.83841094506062, 13.884668217792028], [-85.84138693053075, 13.88448910696983], [-85.83695223040907, 13.88804693917307], [-85.84050887467293, 13.88962785496953], [-85.83782406013081, 13.89322450726535], [-85.8412602959612, 13.89612248714724], [-85.83743786445716, 13.8978276545159], [-85.83943284216136, 13.902455694360855], [-85.83583641612998, 13.904863675720069], [-85.84096782038426, 13.9059650407274], [-85.84274608978892, 13.91022816001054], [-85.83839659075547, 13.910868576077322], [-85.84659514419518, 13.918008774259071], [-85.85028980508248, 13.918103060115055], [-85.85217551127614, 13.921039934399888], [-85.86896735802776, 13.92227221441775], [-85.87214506654017, 13.925567534200425], [-85.8784807898332, 13.926104166504665], [-85.88154111124359, 13.930151460148911], [-85.88434200072976, 13.925358105696073], [-85.88862877309802, 13.924692858332742], [-85.8875752104462, 13.92121985519811], [-85.89248096670582, 13.915792971066084], [-85.88899575911934, 13.913500017950614], [-85.89311298130603, 13.903795547577092], [-85.8962716473633, 13.905646235479804], [-85.89833563052152, 13.903289173964383], [-85.90361625046475, 13.906928078915326], [-85.91321814281068, 13.908554276145347], [-85.91605460094445, 13.916295543053458], [-85.91290237604854, 13.926740420816198], [-85.91530357794645, 13.935061752925822], [-85.91828167656446, 13.937678702962712], [-85.92210320703207, 13.931715241299038], [-85.9241549893225, 13.934493019583519], [-85.93464986679004, 13.937593778920345], [-85.93566590422867, 13.94096475885336], [-85.94767489106239, 13.944786939836517], [-85.95451678713358, 13.951428605932824], [-85.96475347277605, 13.951468981863751], [-85.96797977773082, 13.95712526836022], [-85.96660943596261, 13.96004978837739], [-85.97041983514903, 13.960720277604128], [-85.97068540613908, 13.962935261814529], [-85.97692153609796, 13.962763821634908], [-85.98054205983239, 13.968213677821954], [-85.98786519340999, 13.969839988436688], [-85.98858306878121, 13.965633350442598], [-85.9951867357458, 13.964385972198784], [-85.99559352798961, 13.96971609872999], [-86.00011590737655, 13.97172147634136], [-86.00293150622414, 13.97775086142048], [-86.01091497989037, 13.985559781380958], [-86.01664593045787, 13.986227222193815], [-86.01762671460232, 13.99100477623314], [-86.02360796756241, 13.991360040444318], [-86.02470585124553, 13.996400226684784], [-86.02780870331156, 13.997913476685586], [-86.03071756635354, 13.997947716611971], [-86.03415952105809, 13.993240957847238], [-86.04255760999739, 13.995503961279926], [-86.0086908216187, 14.055755037176455], [-86.01144386776015, 14.060568118707405], [-86.00387870308602, 14.070024225015207], [-86.01181798048403, 14.080062751166103], [-86.03949526016477, 14.076666669068603], [-86.0430460927595, 14.069571256063837], [-86.07637527161044, 14.069559790517419], [-86.07717152538783, 14.063418375113457], [-86.08676177648618, 14.06476463740098], [-86.10811688985339, 14.057299699078971], [-86.11723676861463, 14.048617609173242], [-86.11832612662694, 14.044527115388354], [-86.12548339730472, 14.044139475115927], [-86.13430195812231, 14.049880650618809], [-86.13375196380468, 14.0431362887539], [-86.13834532840946, 14.04237402239143], [-86.14315408586842, 14.037375546026558], [-86.15166666296328, 14.03604484821787], [-86.15734927770578, 14.024621990309855], [-86.15156369181624, 14.015090490505438], [-86.14461930347379, 14.01434165675412], [-86.1444624392839, 14.008094797248717], [-86.14046770377136, 14.00649621066507], [-86.14164571864673, 13.999079857943606], [-86.1494534131885, 13.999259936955857], [-86.15462088849767, 13.992217970464532], [-86.15804325271868, 13.991729208753108], [-86.16322445652442, 13.982206398110947], [-86.16881963493651, 13.979105266052349], [-86.1807544753683, 13.98134848771909], [-86.18672281791088, 13.985120671809913], [-86.19133795696494, 13.982558199242789], [-86.19232946163183, 13.978834230664413], [-86.18706796093052, 13.973176065685221], [-86.18923778733742, 13.970381654593925], [-86.18474687711274, 13.958907951872558], [-86.18561599309128, 13.95493497372343], [-86.19562708793732, 13.95435347303327], [-86.19805529848914, 13.9481964497958], [-86.1954892676305, 13.94253378214182], [-86.20072059644329, 13.934975515369187], [-86.21675279791674, 13.936995223575611], [-86.21735896880111, 13.933431491762752], [-86.22627588344739, 13.923572104420407], [-86.22170054545273, 13.914875562040807], [-86.22544667029648, 13.907293860370881], [-86.24264415167286, 13.90395391383181], [-86.2439500460618, 13.896021850999137], [-86.24886623887933, 13.892279176637661], [-86.24670520936975, 13.888506760701956], [-86.24794077171309, 13.886703405373641], [-86.25702154499035, 13.88634353617904], [-86.25644522630184, 13.87969178971315], [-86.25950983318718, 13.881643875778757], [-86.26721964697717, 13.88033349045639], [-86.26880498328953, 13.87722909163843], [-86.27858257074622, 13.875307437281409], [-86.27559220913933, 13.86859883591817], [-86.27830576290684, 13.866805337195883], [-86.27926746757595, 13.85804016353957], [-86.2819600868995, 13.855293802497256], [-86.29462121941947, 13.850969177902055], [-86.29843697398454, 13.852761324159395], [-86.29690710490074, 13.847225771586297], [-86.29888749127687, 13.840806284964861], [-86.30297476562811, 13.838965545173089], [-86.30272866007083, 13.836745134379912], [-86.29777525358627, 13.834677431173326], [-86.29910873063825, 13.831231894532028], [-86.29413503556, 13.825202728915007], [-86.29569985049693, 13.817125188810872], [-86.30362443919019, 13.814766464587924], [-86.30294569054928, 13.808691975544185], [-86.30483959382185, 13.806687850314479], [-86.31553818796716, 13.803710414794919], [-86.31765659700856, 13.798221262311937], [-86.31560466736005, 13.792211911332592], [-86.33028400644133, 13.77764666119189], [-86.33511365953058, 13.768371692326335], [-86.34272274582517, 13.766892328563939], [-86.34651649900212, 13.768568349103926], [-86.35077276278943, 13.763146675402869], [-86.35685834382001, 13.766276371016342], [-86.36442194261829, 13.76295056647633], [-86.37304277334202, 13.765691959392033], [-86.37795961558227, 13.771046958998646]], [[-86.07810144081964, 14.24929484914224], [-86.07515261627492, 14.249088404135975], [-86.14823428577559, 14.266185203681134], [-86.07810144081964, 14.24929484914224]], [[-86.72204284064912, 13.96713439673691], [-86.73076521719072, 13.96305610517185], [-86.73077549313409, 13.962940783329072], [-86.72204284064912, 13.96713439673691]], [[-86.6079992995841, 13.995250068053293], [-86.61145083301406, 13.99526804549692], [-86.68462503067083, 13.995616067694868], [-86.6079992995841, 13.995250068053293]], [[-86.55636941522133, 13.961177452293255], [-86.56843053985989, 13.966228685597292], [-86.5771905143288, 13.969896993762854], [-86.55636941522133, 13.961177452293255]], [[-86.57505086356363, 13.944168034365555], [-86.57505115415474, 13.944127487879886], [-86.567695024106, 13.944820781975228], [-86.57505086356363, 13.944168034365555]], [[-86.57507976711996, 13.940135090398012], [-86.57407536477363, 13.93910287431748], [-86.57505244169657, 13.9439478357972], [-86.57507976711996, 13.940135090398012]], [[-86.58068846163347, 13.941784668151985], [-86.5775592829714, 13.940251611862612], [-86.58024829750123, 13.942010384293457], [-86.58068846163347, 13.941784668151985]], [[-86.68220093302736, 13.919257688254266], [-86.68064856645003, 13.919083560967769], [-86.68161695876039, 13.919988583833677], [-86.68220093302736, 13.919257688254266]], [[-86.67671119072662, 13.92392217505466], [-86.67561992973016, 13.925526968564183], [-86.67563687094128, 13.925534736816633], [-86.67671119072662, 13.92392217505466]], [[-86.67198069219491, 13.923858226247061], [-86.67020713049806, 13.9230363919357], [-86.67019723212684, 13.923040435361562], [-86.67198069219491, 13.923858226247061]], [[-86.66581968206258, 13.92482863856669], [-86.65596564534032, 13.923641943400732], [-86.65597201473756, 13.923651916909497], [-86.66581968206258, 13.92482863856669]], [[-86.64920504668851, 13.92519394120949], [-86.64530100561062, 13.921451864059868], [-86.64916350278214, 13.925223421481771], [-86.64920504668851, 13.92519394120949]], [[-86.64457471959848, 13.916284455936346], [-86.64291433177561, 13.918663194950655], [-86.64295517332295, 13.918690637763131], [-86.64457471959848, 13.916284455936346]], [[-86.62512352916424, 13.91388408420939], [-86.62375604296673, 13.911638446954402], [-86.62350385996268, 13.911910514784344], [-86.62512352916424, 13.91388408420939]], [[-86.62140696506275, 13.914172751477057], [-86.62068040804424, 13.91495659808123], [-86.62072797343554, 13.915005310269155], [-86.62140696506275, 13.914172751477057]], [[-86.59688712166007, 13.927664154125967], [-86.5968656609187, 13.927662971010362], [-86.59493139308817, 13.92873236479585], [-86.59688712166007, 13.927664154125967]], [[-86.59397667324019, 13.934412478607221], [-86.59261567838517, 13.936343551149724], [-86.59261883485772, 13.936342921573786], [-86.59397667324019, 13.934412478607221]], [[-86.58962939693888, 13.936939181529716], [-86.5875783426134, 13.940193556987637], [-86.58763962423124, 13.940206727623332], [-86.58962939693888, 13.936939181529716]], [[-86.5847028882214, 13.939726070430682], [-86.58457513849648, 13.939701958291085], [-86.58349265509796, 13.94034667790615], [-86.5847028882214, 13.939726070430682]], [[-86.06889000731117, 14.248649963554941], [-86.06874702818106, 14.249374479820226], [-86.06940182858254, 14.24868579578028], [-86.06889000731117, 14.248649963554941]], [[-86.06860899791111, 14.250073918791587], [-86.0712261162562, 14.252118303456148], [-86.06865458896941, 14.249842895821578], [-86.06860899791111, 14.250073918791587]], [[-86.06329979254392, 14.270321590827002], [-86.07059377303044, 14.264211304858515], [-86.0705774113003, 14.264091327590172], [-86.06329979254392, 14.270321590827002]], [[-86.05286283992604, 14.271084829081465], [-86.06206331131968, 14.27135741123929], [-86.06208683865768, 14.271337702005962], [-86.05286283992604, 14.271084829081465]], [[-86.03784404939339, 14.264065570401279], [-86.03782275297159, 14.264067708991247], [-86.04431940798261, 14.2671033090241], [-86.03784404939339, 14.264065570401279]], [[-86.02758575405312, 14.265095710004635], [-86.02764646785145, 14.265109088363182], [-86.03334967976484, 14.264516895693925], [-86.02758575405312, 14.265095710004635]], [[-86.01481889797053, 14.254692213739146], [-86.01498690647342, 14.255400546288215], [-86.01639876540551, 14.25755415450014], [-86.01481889797053, 14.254692213739146]], [[-85.94123904656907, 14.159676547156478], [-85.94039307802217, 14.17189903145457], [-85.94046041931027, 14.17188056529988], [-85.94123904656907, 14.159676547156478]], [[-85.95057697649605, 14.129419119462856], [-85.9504911768718, 14.129262937224542], [-85.9505731523651, 14.129426241701122], [-85.95057697649605, 14.129419119462856]], [[-85.94753949194863, 14.123889944486386], [-85.93517641670111, 14.129766165260966], [-85.94776653174647, 14.124303228158864], [-85.94753949194863, 14.123889944486386]], [[-85.91789683112246, 14.134694092841038], [-85.91346530602242, 14.131697736022568], [-85.919343172622, 14.137265048017408], [-85.91789683112246, 14.134694092841038]], [[-85.90592351534673, 14.126598386384604], [-85.905446902573, 14.126540278878718], [-85.90638513122128, 14.126910505991741], [-85.90592351534673, 14.126598386384604]], [[-86.71656270486515, 14.093074253073729], [-86.71627560986667, 14.097696572132266], [-86.71630680497572, 14.097733697120308], [-86.71656270486515, 14.093074253073729]], [[-86.71317087102248, 14.081596090723073], [-86.71309214101763, 14.081563123741581], [-86.7114639236032, 14.084516838790526], [-86.71317087102248, 14.081596090723073]], [[-86.70857974384455, 14.07967362666435], [-86.70858795534019, 14.079699712521938], [-86.70959818632357, 14.080100083825288], [-86.70857974384455, 14.07967362666435]], [[-86.70750768058724, 14.076244110528489], [-86.70750275570637, 14.076252306062095], [-86.70778377696472, 14.077145039962067], [-86.70750768058724, 14.076244110528489]], [[-86.70845780014827, 14.07459427734442], [-86.70827464344818, 14.074409017658928], [-86.70844590676688, 14.07461416446894], [-86.70845780014827, 14.07459427734442]], [[-86.710230851762, 14.068342812392716], [-86.71019632107196, 14.068176884550779], [-86.70697777306349, 14.072855568710049], [-86.710230851762, 14.068342812392716]], [[-86.71059463097791, 14.057116593953126], [-86.70860174965102, 14.060122891307696], [-86.70863608667509, 14.060285895963094], [-86.71059463097791, 14.057116593953126]], [[-86.70603006486486, 14.04794333569027], [-86.70706054792106, 14.052064694202826], [-86.71054926248208, 14.05702541838047], [-86.70603006486486, 14.04794333569027]], [[-86.70670477467694, 14.031853326397657], [-86.70499525174752, 14.043804659343865], [-86.70526172399268, 14.044870399968433], [-86.70670477467694, 14.031853326397657]], [[-86.72617513576932, 13.9930042549935], [-86.72612540487351, 13.99302620163705], [-86.72640454667103, 13.997753211035949], [-86.72617513576932, 13.9930042549935]], [[-86.73573469230439, 13.991004680579177], [-86.73588350577458, 13.990481527345068], [-86.73566663238095, 13.990995471311905], [-86.73573469230439, 13.991004680579177]], [[-86.69712076029808, 14.156351445494073], [-86.69711724302715, 14.156333673423616], [-86.69498950643573, 14.158345929181877], [-86.69712076029808, 14.156351445494073]], [[-86.6884080277786, 14.164505050840365], [-86.68873904911698, 14.1641952723239], [-86.68517390020448, 14.165905960476815], [-86.6884080277786, 14.164505050840365]], [[-86.68287405779994, 14.167242374841159], [-86.68314699064447, 14.166878545425273], [-86.68304624597172, 14.166926886384479], [-86.68287405779994, 14.167242374841159]], [[-86.67974360986895, 14.174099427058993], [-86.68003423888263, 14.17244557827953], [-86.67521109804326, 14.181282685056335], [-86.67974360986895, 14.174099427058993]], [[-86.67406889032863, 14.19061789704747], [-86.67366520131809, 14.186142798837], [-86.67405915845725, 14.190628923275908], [-86.67406889032863, 14.19061789704747]], [[-86.67220073390646, 14.192734521761823], [-86.67403312991517, 14.190658413662677], [-86.66545426179053, 14.196342398523722], [-86.67220073390646, 14.192734521761823]], [[-86.66535402138005, 14.196396005066717], [-86.66540161537816, 14.19637055275967], [-86.66399216532561, 14.195651549197116], [-86.66535402138005, 14.196396005066717]], [[-86.6210151075256, 14.228917421103866], [-86.6274183801143, 14.220452674925367], [-86.62739107556554, 14.22047119046985], [-86.6210151075256, 14.228917421103866]], [[-86.51711164552171, 14.292514809812545], [-86.52279958478685, 14.292493646036759], [-86.5171160414395, 14.292501393214602], [-86.51711164552171, 14.292514809812545]], [[-86.51107097155374, 14.296341347541617], [-86.51594480461853, 14.296076076433776], [-86.51108483291912, 14.296254882959557], [-86.51107097155374, 14.296341347541617]], [[-86.50849280994534, 14.305574750036264], [-86.50869963616263, 14.30481974586801], [-86.5073856051697, 14.305654631571509], [-86.50849280994534, 14.305574750036264]], [[-86.50620859468243, 14.305739549381466], [-86.50671535862188, 14.305702987868745], [-86.50338357474195, 14.302266241830399], [-86.50620859468243, 14.305739549381466]], [[-86.48623284865343, 14.3014059124576], [-86.48906656768965, 14.29960340067711], [-86.48897628486142, 14.29956848400455], [-86.48623284865343, 14.3014059124576]], [[-86.44859599778601, 14.301968105269287], [-86.45973791257272, 14.297774539237603], [-86.45966286496312, 14.297764355535472], [-86.44859599778601, 14.301968105269287]]]}}, {"type": "Feature", "properties": {"code": "R-12", "name": "Distrito Central", "level": "subregion", "municipios": ["070100", "070200", "070500", "070800", "070900", "071200", "080100", "080900", "081000", "081300", "081600", "081700", "081800", "082000", "082200", "082300", "082500", "082600", "082700"], "source": "SINIT/SEPLAN 2016 (Marco Contextual CNI), clasificado a nivel municipio"}, "geometry": {"type": "Polygon", "coordinates": [[[-87.32288719421902, 13.777180665139236], [-87.33458331380635, 13.783751067197935], [-87.34528326955676, 13.78149724016244], [-87.35390978603647, 13.791664079939425], [-87.37927358240398, 13.788844722335279], [-87.38187238194624, 13.795240192651063], [-87.37198149442622, 13.79989504308234], [-87.36705755017157, 13.83451756523802], [-87.36323913314928, 13.835476054321024], [-87.3666612640195, 13.83536019582869], [-87.39648004730986, 13.92816667227845], [-87.44328992393339, 13.930768073982778], [-87.48678832928867, 13.928429117061182], [-87.55365406533511, 13.91964361844444], [-87.59469129848517, 13.95571816262522], [-87.59135432241834, 13.96533079565686], [-87.59856658279668, 13.971966655391752], [-87.59224606164794, 13.980862170550477], [-87.60535614955162, 14.001245794545866], [-87.60422909625021, 14.033554214517984], [-87.61745931489834, 14.106689421827992], [-87.58860019363098, 14.138395748274368], [-87.58015846487591, 14.144019761429982], [-87.54193664687962, 14.133811765234759], [-87.49997743416164, 14.161390375432571], [-87.4907481204524, 14.170386633375992], [-87.49840994589255, 14.175572027102797], [-87.49707800451432, 14.182831826419958], [-87.4868708388261, 14.198317328442329], [-87.47832354418946, 14.202293657839737], [-87.47248614357241, 14.210943393152409], [-87.43282419573156, 14.214442964016586], [-87.42484928744167, 14.224416657914675], [-87.43125381777016, 14.244867567732083], [-87.43436008498186, 14.24775864945225], [-87.44271442021333, 14.248872372526517], [-87.4611530508984, 14.264075943230042], [-87.46840172728845, 14.327343697134635], [-87.46401127751639, 14.335138218634256], [-87.45100671157367, 14.338463448602317], [-87.43699890481412, 14.334697846444971], [-87.43081576701397, 14.339367821537953], [-87.40479577615497, 14.343651882186757], [-87.40083408399698, 14.348694782172982], [-87.39466103879462, 14.366067251331707], [-87.38159979587854, 14.36109203908624], [-87.36824495320329, 14.364982978249811], [-87.35409878499827, 14.355688275346708], [-87.32741857087095, 14.346857891297532], [-87.31790727252631, 14.357619111990232], [-87.30850159890328, 14.353056453863058], [-87.28776864539688, 14.352679045117682], [-87.27757737061802, 14.356714740169386], [-87.26107907696911, 14.355858702893578], [-87.23768402670227, 14.37188375265734], [-87.15525810332889, 14.364958350819713], [-87.1379569660005, 14.371628301981163], [-87.11785494523916, 14.363146687618313], [-87.12271708991528, 14.350038189047904], [-87.12301277853382, 14.340074004734598], [-87.12929434734582, 14.32431648495756], [-87.12958550950137, 14.31459075327686], [-87.13942298993408, 14.3045205436339], [-87.13866653996917, 14.300462348787816], [-87.12282361645244, 14.30132098267629], [-87.0953888236932, 14.296991234737213], [-87.09176775751916, 14.305517961013821], [-87.080849156944, 14.306408015195391], [-87.05440236181471, 14.346763446425223], [-86.99455352639062, 14.369012405264746], [-86.9856402703515, 14.389900770229696], [-86.98036117798925, 14.395583131775881], [-86.97449530119549, 14.39676025970252], [-86.9739263626279, 14.400912621095658], [-86.92195235902352, 14.375109578995787], [-86.91370322787424, 14.374798169367052], [-86.9081434578598, 14.377840885717193], [-86.90482081508102, 14.374415009973799], [-86.90798096659417, 14.370454838095943], [-86.9033047801314, 14.364524965435267], [-86.8980361928856, 14.366802417487385], [-86.89498650810441, 14.374145247744826], [-86.89205660459533, 14.373093956174982], [-86.88628167581133, 14.376384711427761], [-86.87527730735678, 14.36592125535677], [-86.87482287889772, 14.360099252650675], [-86.87073639457275, 14.359271996863308], [-86.86520122845229, 14.35237231427192], [-86.8576285759796, 14.347970204251649], [-86.84992323572955, 14.335668650154586], [-86.84956020244182, 14.32597111260826], [-86.84373315563673, 14.325871281331816], [-86.84049208724113, 14.321035165150333], [-86.82968524441219, 14.31863159830892], [-86.82725101443488, 14.294829604227171], [-86.82963928102332, 14.291547504116927], [-86.80508983177235, 14.290375227158089], [-86.80823710779939, 14.268037766313096], [-86.81986134592343, 14.244351620187643], [-86.81833487373947, 14.237615433333751], [-86.82314267611514, 14.230131266905822], [-86.82179650112428, 14.224698384136031], [-86.81270517420955, 14.216655496466828], [-86.77204900891378, 14.20481948008107], [-86.77520362697263, 14.198444575980172], [-86.78291700780417, 14.193226640134833], [-86.78818496735649, 14.18318472034476], [-86.78787771246135, 14.178799152069937], [-86.7776188456195, 14.172571315535944], [-86.76486627286552, 14.170349547550902], [-86.762952311166, 14.158404503902128], [-86.72500622513984, 14.14167278653397], [-86.72357148033448, 14.134729250505082], [-86.7255144634984, 14.131233415208708], [-86.7431434531415, 14.13275948651071], [-86.74996349024316, 14.134742323028673], [-86.75112220192881, 14.137989557605513], [-86.76750243217619, 14.130741940572458], [-86.7703533477792, 14.127171998900419], [-86.76823563842977, 14.118056867160423], [-86.77319785377733, 14.112442054110677], [-86.77162295430253, 14.107130704180575], [-86.7642881483502, 14.104643894211682], [-86.76738954599176, 14.094734714736571], [-86.76680376181713, 14.087172848295552], [-86.77752674756196, 14.083138978275132], [-86.81393574425466, 14.052574083286062], [-86.8299466885966, 14.046935763361672], [-86.83796111012627, 14.04790990402955], [-86.8310602371245, 14.02862878529823], [-86.83297839859344, 14.025935595338096], [-86.83154319043672, 14.023587077488013], [-86.82750589352437, 14.022527446655689], [-86.82346616111221, 14.025446233744436], [-86.81932506499058, 14.0213109855794], [-86.81763712470688, 14.026618503440897], [-86.81309196076336, 14.024086670386684], [-86.80590159378906, 14.02483036766553], [-86.79884121228524, 14.019169977806728], [-86.7941059642635, 14.018281011568046], [-86.78950102579468, 14.012891426283545], [-86.78671688799601, 14.012777097703902], [-86.78311878687579, 14.006393652928118], [-86.77814592005919, 14.005269071775137], [-86.77600474701754, 13.99963055654727], [-86.7681278753251, 13.992186123149553], [-86.76874481098207, 13.986382880303735], [-86.75540950122561, 13.992868733512408], [-86.75095885176617, 13.984970556486674], [-86.75221280466981, 13.980219150841117], [-86.74000822667955, 13.97793798043381], [-86.74184574015531, 13.970526639473245], [-86.73542441750955, 13.969791850986038], [-86.73526423163678, 13.96412574085121], [-86.73029623546397, 13.960301170213143], [-86.73494273248679, 13.949228703053802], [-86.72116513229797, 13.948732952714687], [-86.72361427458908, 13.937686418209951], [-86.71267525425488, 13.934028703986229], [-86.71296402878569, 13.928831021451444], [-86.71162017963223, 13.93941197117382], [-86.70686120639338, 13.938954183926189], [-86.70714917253623, 13.934500218337305], [-86.7038259357455, 13.935733824990319], [-86.7050021820168, 13.932563776401997], [-86.702185440807, 13.933627303880979], [-86.70026953354562, 13.929756113497023], [-86.69376004198554, 13.92665339395535], [-86.69321288500745, 13.92125689836213], [-86.68259140814996, 13.91774405204665], [-86.6808532309133, 13.913273909042774], [-86.6741594338948, 13.910098104235407], [-86.6696694092079, 13.898745503214673], [-86.66328612643343, 13.892849319106665], [-86.66314924587827, 13.877875584878824], [-86.65375690069702, 13.873696363786436], [-86.63533061555104, 13.837943527876291], [-86.63160046953118, 13.836736499243745], [-86.63178997658609, 13.833912282793303], [-86.61798667892904, 13.832991494489063], [-86.61055486171847, 13.83629030184526], [-86.60511322194421, 13.834958079677353], [-86.59749568827878, 13.826718625487777], [-86.5943438907037, 13.817022692374806], [-86.58061562834224, 13.80714500619473], [-86.57474439006126, 13.791257200220667], [-86.58518264758106, 13.784293476034222], [-86.59529207538986, 13.78863917354376], [-86.60094157595702, 13.785401183300646], [-86.60546018462617, 13.78581084782526], [-86.60950168111862, 13.78176307738347], [-86.62049301937354, 13.787684720855074], [-86.62352906400861, 13.785630057717414], [-86.6282967692152, 13.787976934627089], [-86.6359885846182, 13.784778509320857], [-86.63624517431911, 13.782248246078328], [-86.63891705639709, 13.782628559948423], [-86.6394505477925, 13.779365162597372], [-86.64257440122057, 13.777947849736996], [-86.64906020877656, 13.78014423655232], [-86.65871310547622, 13.775490966607366], [-86.66428966106771, 13.777178204446443], [-86.66575891541396, 13.784049923041279], [-86.7235120988563, 13.786933693555369], [-86.76294198583345, 13.768274557127377], [-86.75983050992382, 13.774798841589966], [-86.76394993433674, 13.767514852237786], [-86.76849838994632, 13.771685343659627], [-86.7782185978638, 13.76950722199453], [-86.78001996740798, 13.772860082499607], [-86.7891402255307, 13.773617430224428], [-86.82816775249394, 13.765125498331846], [-86.84625617533402, 13.748266966661932], [-86.84895708653526, 13.747991712412963], [-86.85944098993916, 13.761509423160703], [-86.87180930460555, 13.748766456691413], [-86.8727964839474, 13.743904511339395], [-86.89276537990844, 13.731159938977797], [-86.90249969226976, 13.739920245329053], [-86.92524589468466, 13.735010338012385], [-86.90770522218978, 13.717194570069115], [-86.91373387625461, 13.705810285666493], [-86.93201363557941, 13.691068046809297], [-86.95491504307557, 13.697675267065527], [-86.9724574405625, 13.691737070117618], [-86.9731481444826, 13.696784993803439], [-86.978883418086, 13.703240603929965], [-86.97958138572385, 13.709933073693001], [-87.0016240476436, 13.712185430434998], [-87.00548883594733, 13.723892841131022], [-86.99804713836814, 13.74386270573775], [-87.03058110438711, 13.74728556325038], [-87.0315140751366, 13.772229561897023], [-87.04631726973003, 13.77096696527674], [-87.06979172189556, 13.77585100460996], [-87.07964910553731, 13.775672819938409], [-87.08665535064877, 13.789564934289636], [-87.11322602215961, 13.808090614117859], [-87.12728359298968, 13.832408285460222], [-87.12748488651927, 13.836719028107408], [-87.1405654634935, 13.845475977593146], [-87.17669186912171, 13.848091762009245], [-87.1979244699568, 13.839694612771906], [-87.19679051751919, 13.836151011310884], [-87.19883596906277, 13.833583660580736], [-87.19573472439106, 13.825406419586276], [-87.20240478245798, 13.79156417840437], [-87.1899363737633, 13.772716676833298], [-87.19416087557836, 13.72846656130012], [-87.20438104866967, 13.717427958563992], [-87.21149337034416, 13.721885426773495], [-87.21628560120188, 13.713760254677876], [-87.22374460223067, 13.714584366105724], [-87.23252858089019, 13.706350119757063], [-87.23154222354083, 13.699903955761759], [-87.22650405560952, 13.692713272166582], [-87.2325631925683, 13.687754784772602], [-87.24448370466287, 13.683514937552332], [-87.2531090842723, 13.687617091807954], [-87.26117281225713, 13.685311994242824], [-87.25867577801753, 13.69571540419043], [-87.2647267883396, 13.700053776296038], [-87.26194322636508, 13.709044670899175], [-87.26418028179275, 13.716866036927716], [-87.26125569812547, 13.71927550156519], [-87.27278490430196, 13.734669751974312], [-87.26724051657692, 13.740378032308394], [-87.27800525156194, 13.74265606355946], [-87.28065512612292, 13.751717802702629], [-87.27790842953826, 13.760064550457608], [-87.28109759022769, 13.76617002187752], [-87.32288719421902, 13.777180665139236]], [[-87.14823614336792, 13.871530873629075], [-87.14824474540963, 13.871548808988155], [-87.15503693234763, 13.846865389939136], [-87.14823614336792, 13.871530873629075]], [[-87.11527903085428, 14.270346354057684], [-87.11453619079471, 14.268873500545652], [-87.11609690678995, 14.281081998846023], [-87.11527903085428, 14.270346354057684]], [[-87.11359612107245, 14.267009593269592], [-87.11325930196352, 14.267096724337783], [-87.11402155156354, 14.267853108350478], [-87.11359612107245, 14.267009593269592]], [[-87.00713715381848, 14.238508350839195], [-86.97214256288684, 14.232600231287686], [-87.01577463249853, 14.240012281970728], [-87.00713715381848, 14.238508350839195]], [[-87.00541509130174, 14.229580675624838], [-86.9936527606128, 14.169284730431105], [-87.00713715381848, 14.238508350839195], [-87.00541509130174, 14.229580675624838]], [[-87.02786242889877, 14.213737729133497], [-87.03331311199773, 14.20010136824777], [-87.02964381480109, 14.207438706000389], [-87.02786242889877, 14.213737729133497]], [[-87.03336893754775, 14.1999617055059], [-87.03377840284608, 14.195576322473059], [-87.03334235200647, 14.200028216441975], [-87.03336893754775, 14.1999617055059]], [[-87.05816517942014, 14.132646746024905], [-87.05815777028509, 14.132666975004094], [-87.06441834667018, 14.135857189650556], [-87.05816517942014, 14.132646746024905]], [[-87.06069902039269, 14.125766215340477], [-87.06068986708605, 14.125753653393355], [-87.0596946005731, 14.128471005071958], [-87.06069902039269, 14.125766215340477]], [[-87.05470759254517, 14.107382091929184], [-87.0543292363787, 14.107136033113212], [-87.05473311142396, 14.10749194645825], [-87.05470759254517, 14.107382091929184]], [[-87.0508052723641, 14.104844270774453], [-87.05008565536296, 14.105622052108163], [-87.05218290833923, 14.105740197699717], [-87.0508052723641, 14.104844270774453]], [[-87.05115723421956, 14.100585434159488], [-87.05002644015586, 14.09739212922984], [-87.05105106722252, 14.101870084434179], [-87.05115723421956, 14.100585434159488]], [[-87.05163475362406, 14.096606408403293], [-87.04967771561489, 14.095868088997136], [-87.04975627283555, 14.09621140972965], [-87.05163475362406, 14.096606408403293]], [[-87.05203962340421, 14.096691542638968], [-87.05235883142869, 14.09636974927539], [-87.05202024173298, 14.096687467146431], [-87.05203962340421, 14.096691542638968]], [[-87.0576926993867, 14.090992681095756], [-87.04185004082557, 14.074071609392357], [-87.05762046244787, 14.091065503098154], [-87.0576926993867, 14.090992681095756]], [[-87.11128558544702, 14.031813284962348], [-87.10568811276644, 14.03720144661394], [-87.10111183859236, 14.032816893266494], [-87.10539658164943, 14.037037690138211], [-87.10372421767785, 14.03944019694992], [-87.11128558544702, 14.031813284962348]], [[-87.06276470494734, 14.020121378585076], [-87.06283532269687, 14.020177803918715], [-87.06630112713655, 14.01988527761782], [-87.06276470494734, 14.020121378585076]], [[-87.04610339540832, 14.006804998617564], [-87.04609706938653, 14.006803524308557], [-87.04795463333222, 14.008287763980563], [-87.04610339540832, 14.006804998617564]], [[-87.0132171085197, 13.9851001852385], [-87.01260633746341, 13.984691124381092], [-87.0182251031589, 13.993030872246582], [-87.0132171085197, 13.9851001852385]], [[-87.00453230609537, 13.972000802180329], [-87.00426635801516, 13.971281625800822], [-87.00451244404307, 13.972108147786582], [-87.00453230609537, 13.972000802180329]], [[-87.0022322307158, 13.965780941962782], [-86.99272899984193, 13.95755601637766], [-86.99223426074822, 13.957378848114038], [-87.0022322307158, 13.965780941962782]], [[-86.98789333996048, 13.955824345127963], [-86.9891984246332, 13.957825136981421], [-86.98914514473843, 13.956272621970703], [-86.98789333996048, 13.955824345127963]], [[-86.9876446255612, 13.947776801099897], [-86.98784094033087, 13.955744012599173], [-86.98787025599971, 13.9557889556995], [-86.9876446255612, 13.947776801099897]], [[-86.98500293648452, 13.938477985113105], [-86.98497795546633, 13.938450531854947], [-86.98413054835204, 13.94059490993614], [-86.98500293648452, 13.938477985113105]], [[-86.98133757022806, 13.931617157317998], [-86.98033317371234, 13.933296527238227], [-86.9803498656671, 13.933314945874642], [-86.98133757022806, 13.931617157317998]], [[-86.98704013211963, 13.929269851310288], [-86.98226302287304, 13.930069783038796], [-86.98225166471383, 13.930088774095239], [-86.98704013211963, 13.929269851310288]], [[-86.99743569435287, 13.909644285879658], [-86.99742300441082, 13.909630707027913], [-86.99577434643253, 13.914638902403883], [-86.99743569435287, 13.909644285879658]], [[-86.98692453666287, 13.887055980413475], [-86.98684404162779, 13.887323455351005], [-86.98843883866851, 13.888563430012754], [-86.98692453666287, 13.887055980413475]], [[-86.9904639601876, 13.877825987261541], [-86.9907913709739, 13.874206973455554], [-86.98849138545216, 13.881849537784593], [-86.9904639601876, 13.877825987261541]], [[-86.99265181799316, 13.836136061641117], [-86.99564211859509, 13.821961822819972], [-86.98922142658063, 13.846919150653743], [-86.99265181799316, 13.836136061641117]], [[-87.00135817268452, 13.81618911694491], [-86.99570923743885, 13.821739855637937], [-86.99569550886685, 13.82178525708214], [-87.00135817268452, 13.81618911694491]], [[-87.0124120751783, 13.794217403089936], [-87.01608845733318, 13.775790298621667], [-87.01071448778873, 13.797591677866514], [-87.0124120751783, 13.794217403089936]], [[-87.45076474085656, 13.94791577938689], [-87.45065249474717, 13.947755405308675], [-87.44317442673369, 13.948927715974666], [-87.45076474085656, 13.94791577938689]], [[-87.41356321929054, 13.957103796582397], [-87.42302732351418, 13.953350001213629], [-87.4135871429883, 13.956981859165849], [-87.41356321929054, 13.957103796582397]], [[-87.40108730175125, 13.976172926008608], [-87.40834815339531, 13.965183781013375], [-87.40107953181182, 13.976155757545515], [-87.40108730175125, 13.976172926008608]], [[-87.30821906498095, 13.999839937604628], [-87.30823769434876, 13.999857165096108], [-87.3132226468536, 13.996855343006606], [-87.30821906498095, 13.999839937604628]], [[-87.31774872671357, 13.996462907980982], [-87.31776894373085, 13.99638888438699], [-87.3132226468536, 13.996855343006606], [-87.31774872671357, 13.996462907980982]], [[-87.31859473802051, 13.993438403208113], [-87.3185901535968, 13.993456322200416], [-87.31862486071493, 13.993421108096488], [-87.31859473802051, 13.993438403208113]], [[-87.32363228173907, 13.985417783372728], [-87.32444942968522, 13.987100394447115], [-87.32450299945518, 13.987035668747618], [-87.32363228173907, 13.985417783372728]], [[-87.32303446091787, 13.984306969218478], [-87.23469080026872, 13.97694651869234], [-87.32304022467451, 13.984317678886395], [-87.32303446091787, 13.984306969218478]], [[-87.2880940209777, 13.907157206549874], [-87.28810393685696, 13.90716842862581], [-87.28806476611138, 13.907000162811418], [-87.2880940209777, 13.907157206549874]], [[-87.27496132701808, 13.898311166747318], [-87.28686478974504, 13.901845423027623], [-87.28671299518594, 13.901193358974792], [-87.27496132701808, 13.898311166747318]], [[-87.27297907249942, 13.892537659419329], [-87.27401963340961, 13.892676365422773], [-87.27401781336485, 13.892665474841651], [-87.27297907249942, 13.892537659419329]], [[-87.22959548763059, 13.897998612278025], [-87.26570006806195, 13.891641989423826], [-87.26566971110013, 13.891638254047638], [-87.22959548763059, 13.897998612278025]], [[-87.20847467983923, 13.906276358205549], [-87.22028002089579, 13.889318865885878], [-87.22028002089579, 13.889318865885874], [-87.20847467983923, 13.906276358205549]], [[-87.19510099371288, 13.965489266373641], [-87.1948249102665, 13.965412483874832], [-87.18391936361378, 13.96525687986974], [-87.19510099371288, 13.965489266373641]], [[-87.18203258248538, 13.96465608833019], [-87.1426915719283, 13.941434095373262], [-87.18242744194568, 13.965225873437094], [-87.18102943087531, 13.957189245987646], [-87.18203258248538, 13.96465608833019]], [[-87.13200768628529, 13.937572375693234], [-87.13253037710142, 13.937761303717988], [-87.1311317083734, 13.933711192453622], [-87.13200768628529, 13.937572375693234]], [[-87.1301381828457, 13.933117907415278], [-87.13110713213884, 13.933640027293208], [-87.13109994406106, 13.933619212847152], [-87.1301381828457, 13.933117907415278]], [[-87.12873628882544, 13.932362494577982], [-87.12874331110758, 13.93236627854596], [-87.12871355561755, 13.932234803526795], [-87.12873628882544, 13.932362494577982]], [[-87.12766084926268, 13.926321815718465], [-87.12770823676374, 13.926587988440545], [-87.12820389753267, 13.92522146335614], [-87.12766084926268, 13.926321815718465]], [[-87.13183826199456, 13.917857326976105], [-87.13157829433287, 13.918384086836102], [-87.13193476256788, 13.91779321736381], [-87.13183826199456, 13.917857326976105]], [[-87.12375552229395, 13.895074384533071], [-87.13868326858726, 13.913309885404447], [-87.12375552229395, 13.89507438453307], [-87.12375552229395, 13.895074384533071]], [[-87.05746664768895, 13.949281488946704], [-87.05749366286939, 13.949278633270097], [-87.05525732002383, 13.94512942239886], [-87.05746664768895, 13.949281488946704]], [[-87.04018937015692, 13.944420309615394], [-87.05152094868352, 13.937631188362595], [-87.05152096029678, 13.937607220413955], [-87.04018937015692, 13.944420309615394]], [[-87.33390521215047, 13.820660333794894], [-87.33379267878946, 13.820598538218697], [-87.33332466247113, 13.823325348008762], [-87.33390521215047, 13.820660333794894]], [[-87.32696783726668, 13.827974064916155], [-87.32186928280748, 13.830730262667151], [-87.32695907153436, 13.827988310856124], [-87.32696783726668, 13.827974064916155]], [[-87.28388714927155, 13.849829469904991], [-87.28378779677162, 13.849813094974051], [-87.28361928130418, 13.850158359483899], [-87.28388714927155, 13.849829469904991]], [[-87.28033225637454, 13.85895860293306], [-87.28079066685447, 13.855953792961792], [-87.27709994769717, 13.86368832708057], [-87.28033225637454, 13.85895860293306]], [[-87.27777807015913, 13.870025993028134], [-87.27803928663158, 13.872467296532026], [-87.27806507721745, 13.872438371782858], [-87.27777807015913, 13.870025993028134]], [[-87.27437501918868, 13.876576858727631], [-87.27296187825587, 13.878150788134873], [-87.2729569335169, 13.87816727519086], [-87.27437501918868, 13.876576858727631]], [[-87.16422979415007, 13.910438980907227], [-87.15616239275897, 13.902134599217264], [-87.1648602669164, 13.91181428571782], [-87.16422979415007, 13.910438980907227]], [[-87.21554681116062, 13.973958920459971], [-87.20235374433736, 13.967506353321347], [-87.19759085747164, 13.966181730784644], [-87.21554681116062, 13.973958920459971]], [[-87.12047291660232, 14.017596588078398], [-87.11458618365451, 14.02264314456634], [-87.12048398155751, 14.017635530435754], [-87.12047291660232, 14.017596588078398]], [[-87.08668801886813, 13.951616674788708], [-87.0957230086243, 13.956258969084272], [-87.12674425448206, 13.972164460432866], [-87.08668801886813, 13.951616674788708]], [[-87.35421718398997, 14.077902496238158], [-87.3542456984861, 14.078211900438717], [-87.3707975826935, 14.096994013832633], [-87.35421718398997, 14.077902496238158]], [[-87.35410949367358, 14.076733973529173], [-87.35690488043662, 14.07407058344306], [-87.35403344629992, 14.075908801071296], [-87.35410949367358, 14.076733973529173]], [[-87.12287596563061, 14.155327673627225], [-87.12990710191737, 14.147689202483662], [-87.13531557298414, 14.129090374948706], [-87.1283727731907, 14.149356003704973], [-87.12287596563061, 14.155327673627225]], [[-87.06071886818768, 14.105596985334865], [-87.05764589451535, 14.109147389037972], [-87.05778616580318, 14.109233702647938], [-87.06071886818768, 14.105596985334865]], [[-87.0790355223839, 14.100243350111812], [-87.07163902542715, 14.103760102600553], [-87.07298159237655, 14.103534269034704], [-87.0790355223839, 14.100243350111812]], [[-86.99096825751182, 13.962539272071664], [-86.99088940839205, 13.962329249189377], [-86.99088332729741, 13.96255110215552], [-86.99096825751182, 13.962539272071664]], [[-86.98754167169476, 13.963126856294338], [-86.9877417105365, 13.966640844890982], [-86.98763750322202, 13.96311320325812], [-86.98754167169476, 13.963126856294338]], [[-86.96816010555641, 13.95944157872028], [-86.9685214466538, 13.959410363908198], [-86.96324393221728, 13.958093015767504], [-86.96816010555641, 13.95944157872028]], [[-86.9546175820986, 13.951204801755239], [-86.95975004066003, 13.957134601083949], [-86.96001396656081, 13.95720699899743], [-86.95696264415749, 13.952718192784255], [-86.9546175820986, 13.951204801755239]], [[-86.95206684924281, 13.950754528717955], [-86.95382432936333, 13.95069287433364], [-86.95342559363945, 13.950435549345082], [-86.95206684924281, 13.950754528717955]], [[-86.93968724060694, 13.961112355769238], [-86.91449012870359, 13.988527114595687], [-86.94953881396313, 13.951348011281791], [-86.93968724060694, 13.961112355769238]], [[-86.91091669298204, 14.051350990448203], [-86.91182091315906, 14.05167418827963], [-86.91097307906162, 14.050995832714237], [-86.91091669298204, 14.051350990448203]], [[-86.85724093133375, 14.060247508313099], [-86.85694482725192, 14.065846473318384], [-86.85726323345045, 14.060255322648239], [-86.85724093133375, 14.060247508313099]], [[-86.8496981240875, 14.059094480708612], [-86.85718314511577, 14.060227260868437], [-86.85262636800185, 14.058630632889066], [-86.8496981240875, 14.059094480708612]], [[-86.84722341284869, 14.058719958876004], [-86.84740390049937, 14.058747273806587], [-86.84316900020382, 14.05288303058632], [-86.84722341284869, 14.058719958876004]], [[-86.83953741914826, 14.05188795757696], [-86.83952500551806, 14.051902969499537], [-86.84316900020382, 14.05288303058632], [-86.83953741914826, 14.05188795757696]], [[-86.84033973593692, 14.048767931912094], [-86.84076613565776, 14.049147808252526], [-86.84085529360917, 14.048953906038783], [-86.84033973593692, 14.048767931912094]], [[-86.91940541912159, 13.788878650802118], [-86.91434166715858, 13.782209447411448], [-86.91413187855342, 13.782173823872617], [-86.91940541912159, 13.788878650802118]], [[-86.9033610774071, 13.78034486823139], [-86.89983210870528, 13.779745625229204], [-86.89981549775968, 13.779749765767072], [-86.9033610774071, 13.78034486823139]], [[-86.88382089281238, 13.78213415680977], [-86.87538678764939, 13.777710133223799], [-86.88380469529217, 13.78214154350854], [-86.88382089281238, 13.78213415680977]], [[-86.8819918853639, 13.789277456773116], [-86.88190207983916, 13.78963096566845], [-86.88395848692016, 13.792852603647239], [-86.8819918853639, 13.789277456773116]], [[-86.88893499580168, 13.795409940403205], [-86.88478583924775, 13.794148762226454], [-86.88959421695813, 13.79637051294822], [-86.88893499580168, 13.795409940403205]], [[-86.89391050974191, 13.798223331452368], [-86.89541724297678, 13.798870114086958], [-86.89499368811886, 13.798431556263175], [-86.89391050974191, 13.798223331452368]], [[-86.90541487591695, 13.805425406316086], [-86.90541998555693, 13.805443488873822], [-86.90982598246117, 13.807339482511907], [-86.90541487591695, 13.805425406316086]], [[-86.91792827298188, 13.81400578350784], [-86.91797301315701, 13.814042594268109], [-86.91825720284125, 13.814017943034804], [-86.91792827298188, 13.81400578350784]], [[-86.9212579305177, 13.814128870723664], [-86.92181022922921, 13.814643970484939], [-86.92146212088618, 13.814136419014647], [-86.9212579305177, 13.814128870723664]], [[-86.92910681148601, 13.825282586670548], [-86.92919459143432, 13.825424669028632], [-86.9291925405861, 13.82540758203957], [-86.92910681148601, 13.825282586670548]], [[-86.92967444505197, 13.829422650662316], [-86.93017927450805, 13.833740228282592], [-86.93019459735648, 13.833756387626265], [-86.92967444505197, 13.829422650662316]], [[-86.87588317311058, 13.860727650056504], [-86.81754528848711, 13.871759793609762], [-86.85973766839344, 13.864267966088446], [-86.87588317311058, 13.860727650056504]], [[-86.77146864238743, 13.870792880054772], [-86.77144999126881, 13.870770516101423], [-86.77040461578115, 13.871451394634787], [-86.77146864238743, 13.870792880054772]], [[-86.7688882179086, 13.87238987690796], [-86.76871808889993, 13.872294083895738], [-86.76886972690234, 13.872401320792115], [-86.7688882179086, 13.87238987690796]], [[-86.76328152560345, 13.87038537250719], [-86.76392457003412, 13.869595040299824], [-86.76378404512154, 13.867973696998623], [-86.76328152560345, 13.87038537250719]], [[-86.76468166441614, 13.863665871350312], [-86.7673532177166, 13.861258751531967], [-86.76474708156486, 13.863351923474227], [-86.76468166441614, 13.863665871350312]], [[-86.76797499288942, 13.860698520395733], [-86.76800215451173, 13.86067404726268], [-86.76804331110374, 13.86057406009258], [-86.76797499288942, 13.860698520395733]], [[-86.77222290261521, 13.850420023836854], [-86.77245368259881, 13.849859359400117], [-86.77238568014573, 13.849440183144045], [-86.77222290261521, 13.850420023836854]], [[-86.7661284450171, 13.833125737468553], [-86.76235968136308, 13.829833481591415], [-86.7635532197305, 13.831904621365606], [-86.7661284450171, 13.833125737468553]], [[-86.76179924288392, 13.828860956152045], [-86.76156036801991, 13.827828337796705], [-86.76141889377739, 13.828200938691243], [-86.76179924288392, 13.828860956152045]], [[-86.7631059110604, 13.82229169834677], [-86.76333791707144, 13.821759162621222], [-86.75912314726172, 13.81422472765519], [-86.7631059110604, 13.82229169834677]], [[-86.75755376265245, 13.811045985383043], [-86.75850818690925, 13.809355014772024], [-86.75745911757613, 13.810854284570409], [-86.75755376265245, 13.811045985383043]], [[-86.75863701124541, 13.809170906410067], [-86.76358802205066, 13.808288903354699], [-86.75864460708941, 13.809160050864925], [-86.75863701124541, 13.809170906410067]], [[-86.76498342994513, 13.794401530024336], [-86.76937040900924, 13.792786009378391], [-86.76927031641398, 13.792698827658743], [-86.76498342994513, 13.794401530024336]], [[-86.87062356896544, 13.772940183601458], [-86.86634496412593, 13.772408932007307], [-86.87500260366103, 13.77438919809396], [-86.87062356896544, 13.772940183601458]], [[-86.85982948689353, 13.774573172882398], [-86.85973116227186, 13.774669039842177], [-86.86634496412593, 13.772408932007307], [-86.85982948689353, 13.774573172882398]], [[-86.85848207566599, 13.775886905045908], [-86.85884375786988, 13.778096425118832], [-86.85949673125883, 13.774897611161496], [-86.85848207566599, 13.775886905045908]], [[-86.85883168475043, 13.778155569432581], [-86.85707635488252, 13.77798953990211], [-86.85575824880542, 13.779360034290722], [-86.85883168475043, 13.778155569432581]], [[-86.84976200186718, 13.779454536144543], [-86.85316706788224, 13.780375505710621], [-86.85340607198349, 13.780281841145602], [-86.84976200186718, 13.779454536144543]], [[-86.85009288120216, 13.77469063904835], [-86.85975551053309, 13.766279169503669], [-86.8597546560513, 13.766271319292574], [-86.85009288120216, 13.77469063904835]], [[-86.75522386625394, 13.87812547071955], [-86.75672903881006, 13.878438690604819], [-86.75687387550586, 13.878260679413], [-86.75522386625394, 13.87812547071955]], [[-86.73803839680731, 13.876717221118824], [-86.74245295999323, 13.877875898684039], [-86.74529296371048, 13.877311690823394], [-86.73803839680731, 13.876717221118824]], [[-86.73370281702128, 13.86821865294714], [-86.73288116269482, 13.868488001182453], [-86.73372192225621, 13.86824357028489], [-86.73370281702128, 13.86821865294714]], [[-86.73224233494444, 13.868697416652797], [-86.7320932828611, 13.871459450630594], [-86.73225659405954, 13.868692742342247], [-86.73224233494444, 13.868697416652797]], [[-86.73158072547031, 13.87340378833824], [-86.73200668205541, 13.87292658313079], [-86.73200754941932, 13.87291188883579], [-86.73158072547031, 13.87340378833824]], [[-86.72974902077418, 13.875455873104757], [-86.72173871289108, 13.873083519767187], [-86.72159695421772, 13.873197548675446], [-86.72974902077418, 13.875455873104757]], [[-86.72076774005357, 13.873864558203733], [-86.72031287919248, 13.876303763661138], [-86.72137402587443, 13.873376869453516], [-86.72076774005357, 13.873864558203733]], [[-86.72007087504032, 13.877601518423406], [-86.72288809501939, 13.880463723149468], [-86.72010224793532, 13.877433280302222], [-86.72007087504032, 13.877601518423406]], [[-86.72102768349801, 13.888189709345305], [-86.72369677005247, 13.881343399382864], [-86.72369115823307, 13.881337294848965], [-86.72102768349801, 13.888189709345305]], [[-86.71737205011561, 13.891277889998571], [-86.71949684070891, 13.892856042321995], [-86.71739380508691, 13.891259511984568], [-86.71737205011561, 13.891277889998571]], [[-86.72180440962374, 13.89589369944344], [-86.72147383930046, 13.894356890997797], [-86.72144124587481, 13.894332147530637], [-86.72180440962374, 13.89589369944344]], [[-86.72250880965444, 13.899168427511931], [-86.71798303272116, 13.90075576824581], [-86.71781385762513, 13.90105419559357], [-86.72250880965444, 13.899168427511931]], [[-86.71321160996871, 13.909172627880904], [-86.71323765597518, 13.909144630009493], [-86.7135099271408, 13.908646392019095], [-86.71321160996871, 13.909172627880904]], [[-86.70878706930597, 13.912848843316793], [-86.70915390810057, 13.913534410378505], [-86.71314574527453, 13.909243428417666], [-86.70878706930597, 13.912848843316793]], [[-86.71502643056593, 13.924509280077881], [-86.71503136488525, 13.924498940263307], [-86.71493481790866, 13.924338069668352], [-86.71502643056593, 13.924509280077881]], [[-86.92940075879521, 13.95904234191083], [-86.93704259258992, 13.95855843365106], [-86.92936246712635, 13.959009905402722], [-86.92940075879521, 13.95904234191083]], [[-86.9156586462284, 13.950961136281444], [-86.9241885310385, 13.954627113404381], [-86.915627758751, 13.950935734576284], [-86.9156586462284, 13.950961136281444]], [[-86.95496211885407, 14.165776625132915], [-86.94572225622169, 14.15927605138219], [-86.95490003767529, 14.16579152557578], [-86.95496211885407, 14.165776625132915]], [[-86.92673912764684, 14.155915322594199], [-86.91327332598743, 14.151492214204023], [-86.91329441297518, 14.151517598736104], [-86.92673912764684, 14.155915322594199]], [[-87.04138698478626, 14.105132025586496], [-87.0445810106905, 14.10442618500128], [-87.04129966460242, 14.10506020515971], [-87.04138698478626, 14.105132025586496]], [[-87.03248986792151, 14.097778876675697], [-87.03245415432387, 14.097784815948708], [-87.0358430583638, 14.100572173049965], [-87.03248986792151, 14.097778876675697]], [[-87.01341874797473, 14.098704104685805], [-87.01340113520318, 14.098729365845639], [-87.01697448219359, 14.099631810318535], [-87.01341874797473, 14.098704104685805]], [[-86.89730766614389, 14.159793689933151], [-86.89748221867357, 14.159869038336847], [-86.89745434412517, 14.159588034138034], [-86.89730766614389, 14.159793689933151]], [[-86.92936840149717, 14.17346116258784], [-86.9293957733312, 14.173433711212422], [-86.92494186094184, 14.167902092756389], [-86.92936840149717, 14.17346116258784]], [[-86.86199393184948, 14.260434607657139], [-86.86193700252845, 14.260525525696174], [-86.86545433357148, 14.258717506789376], [-86.86199393184948, 14.260434607657139]], [[-86.95970363569899, 14.231696527163303], [-86.96685974364509, 14.229987199438389], [-86.9667782343356, 14.229946882627997], [-86.95970363569899, 14.231696527163303]], [[-86.95025436753825, 14.226203452420602], [-86.95804434900813, 14.228828838663645], [-86.95030328650124, 14.22619843052815], [-86.95025436753825, 14.226203452420602]]]}}, {"type": "Feature", "properties": {"code": "R-13", "name": "Golfo de Fonseca", "level": "subregion", "municipios": ["060100", "060200", "060300", "060400", "060500", "060600", "060700", "060800", "060900", "061000", "061100", "061200", "061300", "061400", "061500", "061600", "070700", "071100", "071400", "071600", "071700", "071800", "080200", "080400", "080700", "080800", "081200", "081500", "082100", "120200", "120600", "120700", "120900", "121000", "121100", "121300", "170100", "170200", "170300", "170400", "170500", "170600", "170700", "170800", "170900"], "source": "SINIT/SEPLAN 2016 (Marco Contextual CNI), clasificado a nivel municipio"}, "geometry": {"type": "MultiPolygon", "coordinates": [[[[-87.66398552847689, 13.26242766789331], [-87.66146215877305, 13.27025672596929], [-87.66427082906257, 13.275492672009326], [-87.659822816658, 13.27882605283424], [-87.66038396464955, 13.284500736194508], [-87.65724072278834, 13.286807803646512], [-87.6583125543205, 13.291865179363008], [-87.65513430452987, 13.29471710454599], [-87.65103282079258, 13.295538027691789], [-87.64983223214347, 13.2927821395685], [-87.64090604966027, 13.298183673429527], [-87.63602367374921, 13.293113165984323], [-87.62890160708096, 13.292850563534984], [-87.62482228867253, 13.287369810871034], [-87.61948644233047, 13.290962392551018], [-87.61496309777996, 13.286061242152227], [-87.61376569543084, 13.28221558570988], [-87.61693489017907, 13.278839740428147], [-87.61173362337183, 13.273016731905784], [-87.61552897653509, 13.257244921418287], [-87.63067076364625, 13.249372954017668], [-87.64747091777379, 13.248253741265346], [-87.65131355889083, 13.250723752268149], [-87.65671296867042, 13.250358403790045], [-87.66095836453881, 13.252166031678433], [-87.66398552847689, 13.26242766789331]]], [[[-87.70146731526032, 13.30821979047732], [-87.70024297169938, 13.308158743491695], [-87.70084266423441, 13.307409999287197], [-87.70146731526032, 13.30821979047732]]], [[[-87.70529544350636, 13.315328584597214], [-87.69996484441842, 13.313485217685171], [-87.70473812153833, 13.311573208773602], [-87.70529544350636, 13.315328584597214]]], [[[-87.67742541071368, 13.310902662224395], [-87.67569614789251, 13.30720457016225], [-87.6789587677537, 13.303397109354355], [-87.68145830334858, 13.305412433814231], [-87.68147729110221, 13.309830522675387], [-87.68544713914078, 13.312947240596197], [-87.68029486924152, 13.318177180081188], [-87.68069466093885, 13.32226646979564], [-87.67484564057116, 13.330857268713354], [-87.66782548327735, 13.322180835519614], [-87.66750802384877, 13.316996086214456], [-87.67742541071368, 13.310902662224395]]], [[[-87.71387016071442, 13.322138063305834], [-87.71207083387608, 13.322025574751164], [-87.7139298077158, 13.320634682003462], [-87.71387016071442, 13.322138063305834]]], [[[-87.71992103736032, 13.327234178323293], [-87.721193802403, 13.324126934386921], [-87.72268736388237, 13.325328651530349], [-87.71992103736032, 13.327234178323293]]], [[[-87.704154861874, 13.32928119731754], [-87.71543261236498, 13.327654880191583], [-87.71983536986805, 13.334461154583503], [-87.70939670116675, 13.335684092820038], [-87.704154861874, 13.32928119731754]]], [[[-87.59237732374508, 13.312542679201378], [-87.59255986774161, 13.309894038437747], [-87.5976265647542, 13.31233259388177], [-87.6006184429454, 13.309228614501512], [-87.60779158374206, 13.30860461050609], [-87.60943188472302, 13.313240409210756], [-87.6166072833938, 13.307432771967356], [-87.62683503042578, 13.309453524344189], [-87.62899795060639, 13.312757574462593], [-87.64508393396834, 13.318028306294078], [-87.64727781917006, 13.324284331226561], [-87.65706482146348, 13.330831594923552], [-87.65951885103938, 13.335390307524541], [-87.66069158741274, 13.346775644008027], [-87.65213943518131, 13.351308623694509], [-87.65692708236067, 13.354395399627949], [-87.65641584799914, 13.365964811692619], [-87.65154255606205, 13.362343647601625], [-87.6478476037545, 13.36291148064464], [-87.64276767162674, 13.372724826484275], [-87.63979527281508, 13.371905017283568], [-87.63736930566841, 13.374856571846136], [-87.63504359853465, 13.369501639075688], [-87.62791256153875, 13.363850077953785], [-87.61433883825491, 13.367596267194685], [-87.61119304486428, 13.363643464424989], [-87.61331572343741, 13.36723141619237], [-87.60642122132097, 13.37009966501463], [-87.60828125732581, 13.370346119842868], [-87.60585813069919, 13.377937087271718], [-87.59757846132206, 13.37563975340262], [-87.60471651171386, 13.378905061482744], [-87.6000336900899, 13.379874671214763], [-87.59162262470032, 13.377670137662639], [-87.59493514757906, 13.373755060070872], [-87.59717635215152, 13.366695839397138], [-87.60042876722576, 13.366341153981978], [-87.59682608192412, 13.366610760307966], [-87.59062457859882, 13.377174019776932], [-87.58677413723127, 13.376984060628383], [-87.59112901001569, 13.373721029337416], [-87.59107286429453, 13.37069771663998], [-87.58788719119839, 13.369443769954241], [-87.58636446553747, 13.373942352774844], [-87.58223802303299, 13.374047945775182], [-87.58151083023657, 13.370351407656253], [-87.5861072469537, 13.370806468218493], [-87.58646186214558, 13.365520549249496], [-87.58370225858893, 13.364280252512305], [-87.58065912698204, 13.3667093999622], [-87.57907480267995, 13.36334258584648], [-87.58762004511061, 13.35827854145027], [-87.58945631967806, 13.35912196741875], [-87.58651298218338, 13.363508570381695], [-87.58799945403798, 13.36158480624959], [-87.58862844545244, 13.364031490834305], [-87.58994268022157, 13.364743886810846], [-87.59254112434803, 13.364385178450375], [-87.58854496319958, 13.363282322989617], [-87.58983728817601, 13.359494071636503], [-87.5972033345236, 13.36030189857787], [-87.59710456628451, 13.363908782497596], [-87.5980494480048, 13.36064575420937], [-87.59463902532649, 13.35890867087562], [-87.59434334995507, 13.354237995577764], [-87.59087179738333, 13.352944053993758], [-87.59269223079623, 13.350977671806737], [-87.59105141220664, 13.349437567682088], [-87.59038265019315, 13.352940675885984], [-87.57466339166199, 13.346370415144786], [-87.57548108978042, 13.344374775974014], [-87.58136517448008, 13.343747613206897], [-87.57578988547729, 13.344020294855305], [-87.57869045597545, 13.341315754664434], [-87.57861491684393, 13.337584918847632], [-87.58019629618111, 13.338346494406615], [-87.58395538730238, 13.33740201595029], [-87.57707998857488, 13.335845552086312], [-87.5758312882579, 13.323354422644337], [-87.58191351683062, 13.317953713375392], [-87.58093483387026, 13.307192420597474], [-87.58576369486144, 13.30701858129855], [-87.58628989253147, 13.30483481638878], [-87.59065833548071, 13.30661391882111], [-87.58989166838882, 13.310399829062838], [-87.59237732374508, 13.312542679201378]]], [[[-87.56189351910587, 13.357914202073458], [-87.5610487073796, 13.354110470110413], [-87.56392166473933, 13.354304143017615], [-87.55429855524338, 13.3470193313858], [-87.55732145650704, 13.344810935122537], [-87.56248279489863, 13.346320878196815], [-87.5615918187984, 13.34475065053746], [-87.5604978673989, 13.344376689430764], [-87.55657095098573, 13.344837453946775], [-87.55339595179962, 13.34716484757788], [-87.54344360497662, 13.346076454428651], [-87.54234570141709, 13.342371518683684], [-87.54594703531436, 13.338532171862719], [-87.55259111518087, 13.339412952959155], [-87.55707390698947, 13.33601234054982], [-87.57098798218317, 13.33301106722226], [-87.57525515565094, 13.33559764639907], [-87.57643075616862, 13.340113777664582], [-87.57264920325657, 13.347967516187522], [-87.56778906730443, 13.348697298275951], [-87.57214014039465, 13.348939563314282], [-87.571996473762, 13.351163121109815], [-87.57327423265725, 13.348332308831587], [-87.57596022969153, 13.354165163217084], [-87.5766755486021, 13.350977324582868], [-87.58146537907668, 13.350048601856104], [-87.59352393548856, 13.355951135293061], [-87.58650911233246, 13.356888629844958], [-87.579391511011, 13.361343553453715], [-87.56293409118334, 13.358636386750545], [-87.56579711102796, 13.355531956016558], [-87.56189351910587, 13.357914202073458]]], [[[-87.47481193649658, 13.416348047960838], [-87.48261534109814, 13.417448817855394], [-87.48077980709677, 13.411371450618146], [-87.47718862266852, 13.410885467268491], [-87.47867101981417, 13.408788257163312], [-87.48587530727016, 13.409054802062506], [-87.48712647539213, 13.402259443705107], [-87.47958929096053, 13.40038630899875], [-87.48281464060696, 13.39726513198665], [-87.49059764102499, 13.39556602489754], [-87.49019289767583, 13.391390441637236], [-87.49390197357658, 13.388392513117845], [-87.49715452308465, 13.390679460258193], [-87.49982802049026, 13.386329415819699], [-87.50358376013023, 13.387687332927985], [-87.50873279245336, 13.381662841952366], [-87.5103119389046, 13.382965123974476], [-87.50879130420593, 13.384784535002172], [-87.51225502492888, 13.381661388183934], [-87.50969505710346, 13.381812365058543], [-87.51125685244776, 13.377212393094275], [-87.50929244413344, 13.373019649736126], [-87.51194405937868, 13.369157800714948], [-87.50800720809599, 13.36732565396091], [-87.50752479085232, 13.369728454454817], [-87.50270457069344, 13.371518249871587], [-87.50102948959321, 13.366608274308293], [-87.50236866147482, 13.360375538631278], [-87.50771264955054, 13.356473340260084], [-87.51042395856025, 13.358564552488385], [-87.50660421355943, 13.361456680969642], [-87.51551672679874, 13.357934846608956], [-87.51852559825282, 13.35932798302938], [-87.51570145943509, 13.362299592687673], [-87.51728048009579, 13.3619629406903], [-87.51901201535777, 13.359935071455581], [-87.5184199026778, 13.358888529045123], [-87.51741680311287, 13.357951323594314], [-87.5206321040968, 13.355744086667794], [-87.51955629444778, 13.361826032756875], [-87.52324731250619, 13.358730529046786], [-87.52638335672493, 13.364314359735056], [-87.52370294356264, 13.358440239275527], [-87.52140834977311, 13.35854783349391], [-87.52102081775408, 13.355606529918095], [-87.51984392468701, 13.355312812688886], [-87.51705103615025, 13.357210607476558], [-87.51926888737725, 13.349554118057254], [-87.52488669048137, 13.345739176013877], [-87.53458131580625, 13.343960208985061], [-87.53792570567683, 13.348347636090944], [-87.54422704082745, 13.350828690400942], [-87.53933829534141, 13.3523921288754], [-87.53665444102695, 13.355484596690617], [-87.52940543757848, 13.351053365107884], [-87.5311578928709, 13.353269546422467], [-87.52942491805808, 13.354429444801042], [-87.53179686660731, 13.353955409256109], [-87.52879415965887, 13.358178737912509], [-87.52926724823656, 13.359415398855448], [-87.53382805417426, 13.358230343366964], [-87.5321327810789, 13.354618175947948], [-87.53688230841249, 13.357654238492835], [-87.53654477753189, 13.360842312540441], [-87.53754602281285, 13.35829482088443], [-87.53616218650195, 13.356300562088071], [-87.54040543305531, 13.354455989946066], [-87.5388543736316, 13.353440920485385], [-87.54540976357522, 13.351919111500516], [-87.55133090939405, 13.352108617262152], [-87.55703195954364, 13.355859941484455], [-87.54972391178168, 13.362218973645529], [-87.54775101419537, 13.360379780903722], [-87.54856597949872, 13.362676977169249], [-87.55091746941154, 13.361818525332634], [-87.55793268979302, 13.356141657672453], [-87.5585974837424, 13.359112795100561], [-87.55481536769075, 13.365833764529318], [-87.54719331259237, 13.372983470872686], [-87.5611266126056, 13.36671840935075], [-87.56372813840981, 13.367649619255877], [-87.56156082936401, 13.370534352473648], [-87.56850345088999, 13.368985086065772], [-87.57142274241313, 13.371373543470808], [-87.56588591293247, 13.371714887273862], [-87.57010424094656, 13.37571559115589], [-87.56830128533225, 13.37975920943393], [-87.56759160748605, 13.37606258613669], [-87.5600484524172, 13.3714792134231], [-87.55855147119044, 13.372223980074182], [-87.5588249961141, 13.374697531053059], [-87.56143954626327, 13.376110222503705], [-87.5590256326432, 13.378856458296022], [-87.56180995821491, 13.376666620198666], [-87.56183337084148, 13.375563433265508], [-87.55908076902199, 13.374226771537066], [-87.56063312395344, 13.372464649060504], [-87.56307239059397, 13.373964738759703], [-87.56297783625556, 13.37923310923736], [-87.56701398159369, 13.376253766464872], [-87.56472318807383, 13.384248722237334], [-87.56860531575744, 13.380426511498362], [-87.56833339437722, 13.384466682560179], [-87.57239631648693, 13.377909912746116], [-87.57868025538235, 13.380261252591476], [-87.57717205858324, 13.381745341070333], [-87.57729334651125, 13.383833784016181], [-87.57369817534514, 13.383748155207446], [-87.57570276871373, 13.382970495878123], [-87.57553257790342, 13.3813060142021], [-87.5740799765451, 13.381174810081955], [-87.57520428457492, 13.38221887921853], [-87.57337284460482, 13.383111426261934], [-87.5740112258552, 13.384438030673778], [-87.57781651896471, 13.384043944980004], [-87.5800038554119, 13.380640248265737], [-87.58815929412249, 13.379187113094689], [-87.59241917085112, 13.382037856183], [-87.59112636730546, 13.384946770559104], [-87.58572782139362, 13.382427556655129], [-87.57868211277766, 13.385027552916874], [-87.57832836630945, 13.387968172217573], [-87.58309782956454, 13.392671531874411], [-87.57646141122387, 13.396019893139151], [-87.5771834860916, 13.391873575899856], [-87.57286116049302, 13.3945915248738], [-87.57399069827174, 13.39160845724401], [-87.57157948592149, 13.392562215960934], [-87.57060869975645, 13.389926378098913], [-87.56892221628176, 13.389897403457928], [-87.57122363896033, 13.393674069054773], [-87.56933912501465, 13.3900806918457], [-87.57144429034236, 13.392754665465059], [-87.57313731265315, 13.39237332097889], [-87.5726067154591, 13.395256687949153], [-87.5766984076349, 13.392396865436508], [-87.57534507848484, 13.395444878039033], [-87.57718756130251, 13.397459320188476], [-87.58364523540799, 13.392861281686358], [-87.57943854272898, 13.388033442648815], [-87.5806102688093, 13.384997141624149], [-87.58614372217573, 13.383387309822156], [-87.58780442257765, 13.38768409582801], [-87.59644153577234, 13.384270831288049], [-87.59908148936745, 13.38579608482239], [-87.59683348125925, 13.383687819875101], [-87.60614787573975, 13.383701825166238], [-87.61469799560166, 13.375286786857146], [-87.6177404982408, 13.375316670524048], [-87.61881184808995, 13.37986558347293], [-87.61222309677672, 13.388254552775214], [-87.61171317218829, 13.392506671325553], [-87.59942021615295, 13.396364305764259], [-87.60182706282517, 13.397636907582854], [-87.59992577273074, 13.40574875581482], [-87.60404349873734, 13.41407794724693], [-87.60446363672003, 13.40848105291111], [-87.60685177852926, 13.411328087625847], [-87.60724834224983, 13.420507045703978], [-87.60832905954094, 13.411327919303478], [-87.60570362663735, 13.405939535399611], [-87.60839200667404, 13.402156887360347], [-87.61133802489196, 13.407732091699845], [-87.62520804420723, 13.413661314784642], [-87.62958844718081, 13.413295526473242], [-87.63044487480299, 13.415623964728736], [-87.62637417508301, 13.419898533888135], [-87.61885161162499, 13.417658865692369], [-87.61311684769225, 13.420000056058555], [-87.61950039858075, 13.427641893829014], [-87.61721790148783, 13.43067656807154], [-87.61863254334142, 13.437728108671102], [-87.62462231974062, 13.436523182829578], [-87.62414574765577, 13.43943475204127], [-87.62165778379175, 13.445093271246714], [-87.60034957381379, 13.457561918349116], [-87.59769670112176, 13.46081544517746], [-87.60080861772694, 13.462544101543866], [-87.61132500956644, 13.460384846926926], [-87.62201427309209, 13.466554637990242], [-87.63527335615535, 13.466380207478014], [-87.64115822495454, 13.460679014199483], [-87.64656645806862, 13.462826189743438], [-87.64703757721664, 13.455070397263269], [-87.65526224683818, 13.452543362796877], [-87.65803142842402, 13.457745414072997], [-87.66402236024888, 13.460951981467357], [-87.66038439493684, 13.463462776375547], [-87.66029145648106, 13.464945890797765], [-87.66211702212424, 13.46854542067119], [-87.65740938794532, 13.46920652757016], [-87.66174254867686, 13.469064050586333], [-87.66265385103803, 13.467957411631286], [-87.66212616318306, 13.466200148664097], [-87.66564635295786, 13.464730593376565], [-87.66613739658331, 13.466803273688459], [-87.66872409967088, 13.468114262257945], [-87.66712557254957, 13.464381947291834], [-87.660635422773, 13.46446350826767], [-87.66496913913178, 13.460788986792435], [-87.6695762865038, 13.462373782414637], [-87.66567776818371, 13.460950993589442], [-87.66655557767236, 13.458399985547194], [-87.66514348975474, 13.460258438085846], [-87.66074449883554, 13.459073114171451], [-87.66047357743508, 13.455868464376113], [-87.65797088912245, 13.455765388542526], [-87.65551825943095, 13.448912366295296], [-87.6589365838286, 13.443094008282971], [-87.6626007535357, 13.45169681025943], [-87.66646275904948, 13.451874232551733], [-87.66929281569305, 13.446895940730125], [-87.67388296213, 13.449816654700628], [-87.66959698154855, 13.45371611640417], [-87.67112824451276, 13.457672385870351], [-87.6732243838429, 13.458879525187303], [-87.67534646188497, 13.457288112608445], [-87.67510049142145, 13.45975834449742], [-87.67596098586017, 13.461053537877648], [-87.68613469115711, 13.46366282028276], [-87.67607697487112, 13.465660067170228], [-87.67967919655239, 13.466184958013729], [-87.68142127479116, 13.470172226416851], [-87.68495126002452, 13.473291107031436], [-87.69184737777708, 13.474860188650156], [-87.68577221456103, 13.472935107301762], [-87.68991490301663, 13.471801452158495], [-87.68728250377251, 13.470113314056087], [-87.68544211950069, 13.47198887849736], [-87.68068534604576, 13.46792618019692], [-87.68049851235035, 13.465662830980209], [-87.68672545229111, 13.46419468149376], [-87.68595491589183, 13.46237597493555], [-87.67572570357825, 13.459616514483734], [-87.67804380082103, 13.457101151448791], [-87.6823356728113, 13.458269508460987], [-87.67905592273358, 13.456472274394907], [-87.67614854251237, 13.457214757402982], [-87.67612751236855, 13.454965648857076], [-87.67337268713152, 13.45760987130155], [-87.6710529338125, 13.456544609938076], [-87.67087649828923, 13.45352056833026], [-87.67841094040901, 13.447327019584469], [-87.67615456015224, 13.446183633721029], [-87.67737540447763, 13.442793032774654], [-87.67564648854976, 13.445362192431274], [-87.67559465131963, 13.449116976653043], [-87.67042029332808, 13.444152116786947], [-87.66452460184176, 13.451389972361646], [-87.66174969867937, 13.444437267554086], [-87.66223249044766, 13.441643172114], [-87.67044789057668, 13.438186647046091], [-87.67146821476031, 13.435024909310181], [-87.67862935196948, 13.432401651511556], [-87.68407449276928, 13.435979947861057], [-87.68443541644952, 13.438962792934678], [-87.68743285713239, 13.439216848445561], [-87.68805451632926, 13.442709829046747], [-87.68467697424632, 13.44412844270444], [-87.68467147443181, 13.446362927310622], [-87.6867395932005, 13.444942240030498], [-87.68875336391207, 13.44764930402602], [-87.69150003872149, 13.445887653803263], [-87.69012194486454, 13.448533920117942], [-87.69452032618481, 13.449431656505332], [-87.69744454806028, 13.447980261408114], [-87.69833509117078, 13.446668986540338], [-87.690597372634, 13.448117821180977], [-87.69224569470343, 13.44618624731409], [-87.6912361201275, 13.445158247014227], [-87.68832039143109, 13.446658146749758], [-87.68800571718664, 13.438859254531225], [-87.67882613416627, 13.429803838964489], [-87.68427481007187, 13.431799798808798], [-87.68770813273763, 13.42964978209462], [-87.69083955559101, 13.43127215047566], [-87.6931363808098, 13.428330620265205], [-87.69386393541372, 13.430989187067702], [-87.69402326515736, 13.428374520049928], [-87.69172531291679, 13.426986124725522], [-87.69433312457166, 13.427111198404766], [-87.6982304372393, 13.41906899045932], [-87.6940038564031, 13.422722274085286], [-87.69357419786716, 13.426795691660368], [-87.68832609800103, 13.4252763425319], [-87.69066143753483, 13.430257686166907], [-87.6871568686603, 13.428767437532422], [-87.6839281538309, 13.430789174880484], [-87.67982228290437, 13.428154403035554], [-87.67653321120173, 13.432043350786774], [-87.66480336489694, 13.435218902218292], [-87.6555377027963, 13.434073379233986], [-87.65080593400896, 13.427468074279478], [-87.65989138810244, 13.42825935360654], [-87.66047593884495, 13.43132190955908], [-87.66094282696855, 13.428517689654756], [-87.65140331706647, 13.425273857759686], [-87.65017198829908, 13.415327502745253], [-87.65358255082572, 13.407607031918266], [-87.65579814826916, 13.408995999671005], [-87.66009546625115, 13.40352007526794], [-87.66345444792057, 13.406107436209652], [-87.66503506210965, 13.403081008675004], [-87.66020674363956, 13.399133306359591], [-87.65937984761081, 13.390978490951994], [-87.66030259687406, 13.38919368605212], [-87.66019263088153, 13.390992192188339], [-87.67117588660136, 13.393053081376749], [-87.67236903761584, 13.39533977921911], [-87.67384278669908, 13.383837899869235], [-87.6835730049812, 13.379781343524396], [-87.67714505086259, 13.379608756135433], [-87.67578782922043, 13.377047859279282], [-87.6805714229441, 13.37017559712565], [-87.68548788349318, 13.36854834654798], [-87.69270577734464, 13.373095990183185], [-87.69489399932702, 13.3659762658446], [-87.71393133396168, 13.36429236249053], [-87.71791586478568, 13.362270401043942], [-87.71829365925619, 13.357407065066516], [-87.73927998701397, 13.357156798256536], [-87.74431814974709, 13.353291351473981], [-87.74611574670283, 13.35727012609644], [-87.74284413623869, 13.367244968858689], [-87.75180543632189, 13.359293359281459], [-87.76528991911171, 13.376492268226185], [-87.77394401866445, 13.37894565029033], [-87.78280434159399, 13.376485019002798], [-87.78557691310158, 13.37810619280514], [-87.78413024230133, 13.382225808168215], [-87.77040478421692, 13.387061266007068], [-87.77120642486449, 13.395549036024088], [-87.76625829821641, 13.391509990541948], [-87.76886658042521, 13.396449041469369], [-87.77291753354145, 13.395698648655292], [-87.77206128968449, 13.387666536148693], [-87.7841953072195, 13.384228352747234], [-87.78506622420811, 13.387411728924054], [-87.7865939249363, 13.38397790672011], [-87.79614089941863, 13.383727628232574], [-87.80006834650115, 13.388323112542139], [-87.79936882248008, 13.39087621404347], [-87.79618396696928, 13.391563271498555], [-87.80000735775992, 13.393711033645445], [-87.7988991235534, 13.402031776764842], [-87.80065710387149, 13.39417123166995], [-87.80402842253899, 13.396701242583498], [-87.80065321079178, 13.406604709586917], [-87.80547170554739, 13.39685034672819], [-87.81673843948921, 13.409009111021089], [-87.81487556467808, 13.410275321697064], [-87.82072512075892, 13.41176857952554], [-87.79313414977702, 13.412059118407472], [-87.78451191882014, 13.429712893367665], [-87.77592548572548, 13.425023082353334], [-87.77276958940531, 13.431859281536116], [-87.75837463585, 13.440936859571615], [-87.74798126306493, 13.436361160633814], [-87.74388309030712, 13.437868580626837], [-87.74046945594708, 13.444131031376088], [-87.73029230658123, 13.447130991392909], [-87.72288829048108, 13.443013467496103], [-87.72070862036153, 13.44768981733577], [-87.72172091443593, 13.461342300997808], [-87.7173100549241, 13.467503355329477], [-87.72404238766619, 13.491584929102427], [-87.7210433057398, 13.505723607359462], [-87.73655364337448, 13.5113985535148], [-87.74638086623544, 13.506276727990578], [-87.74938933595799, 13.509044685324929], [-87.74940161673817, 13.516490500158469], [-87.75437260403446, 13.518584561323172], [-87.75997146834415, 13.515668646171024], [-87.76336780407169, 13.507750233911421], [-87.76781571275477, 13.508016944542963], [-87.77174202078118, 13.511479146642776], [-87.78050905491918, 13.510723009207668], [-87.78212416246491, 13.516246948343799], [-87.778152772919, 13.518920609144935], [-87.77907009811335, 13.520473265679582], [-87.79297540968933, 13.523563686233347], [-87.79173425552723, 13.526616895666473], [-87.78348807732314, 13.53076921394232], [-87.78114485253958, 13.53561608380163], [-87.78696909853564, 13.545385386538332], [-87.7851987950835, 13.556212648163362], [-87.77861355486476, 13.566730576533038], [-87.7830382915528, 13.571221727974917], [-87.77274095594765, 13.574142617488876], [-87.77435351713498, 13.58376695104688], [-87.76956513043486, 13.586555289752752], [-87.76885163683913, 13.594698344693045], [-87.76515300349432, 13.598979633235102], [-87.75432192903382, 13.604026255250275], [-87.75654583381933, 13.618454469798555], [-87.75382929897495, 13.625249592106181], [-87.75496223153449, 13.63795302373248], [-87.7516454444243, 13.644951118867178], [-87.75357037202062, 13.649097645021117], [-87.75267703750804, 13.657393776686451], [-87.75586733332625, 13.657543436659337], [-87.75726063687782, 13.660281048999504], [-87.75298011460036, 13.667583866473167], [-87.75583694887771, 13.671944526502202], [-87.75331291487268, 13.678473458515233], [-87.75485667895438, 13.689670149516763], [-87.74838559634523, 13.69420042118924], [-87.74426687678844, 13.70304760229244], [-87.73216099006063, 13.715233390624645], [-87.73381136356367, 13.718818004542353], [-87.73103250344849, 13.72170260196969], [-87.73123305735821, 13.72682746193106], [-87.72633685683894, 13.732767554550573], [-87.72911769070836, 13.738132325997945], [-87.73543455196199, 13.741483831659847], [-87.73695558241941, 13.747164178321002], [-87.73005187901852, 13.750652157092988], [-87.72762863347867, 13.760801707807104], [-87.71852266534125, 13.76914669287683], [-87.70940199301178, 13.787394217775686], [-87.7082154415228, 13.80221679270907], [-87.71297551477697, 13.810914583793336], [-87.71253299415521, 13.81542874264292], [-87.71659078779277, 13.816996941501058], [-87.71671969250285, 13.819816397708765], [-87.72515232356636, 13.82272674219257], [-87.72797100106048, 13.821661671494688], [-87.73369384034787, 13.82941129194826], [-87.74136221317573, 13.830038093696656], [-87.74603568360007, 13.83449042233752], [-87.74663345260738, 13.855451280839388], [-87.77147023738189, 13.875517440684733], [-87.7799359132703, 13.875413741668947], [-87.78448519761953, 13.877876532173268], [-87.7863374897405, 13.88361072099103], [-87.7958103893173, 13.888149343024457], [-87.79948560941989, 13.89250205217865], [-87.80013023658876, 13.89510159256824], [-87.79517320359163, 13.900767496440158], [-87.79478720515013, 13.904958285068183], [-87.79715462620628, 13.912647913244202], [-87.80406340634937, 13.921414758151206], [-87.83112621375498, 13.918636490642204], [-87.84239171655524, 13.906518728967859], [-87.84429952462152, 13.898382922407615], [-87.85656502885999, 13.894247916569586], [-87.8644461734065, 13.899308091198366], [-87.86824186670431, 13.896338147505425], [-87.8737328948059, 13.896544589769078], [-87.8816665703978, 13.902762396295659], [-87.88307317293194, 13.900651852748032], [-87.88705469327506, 13.901885093655869], [-87.87813407880985, 13.907015446261287], [-87.87857823413545, 13.914880791378001], [-87.87379117616253, 13.921246024271102], [-87.87886523050904, 13.925695250268678], [-87.88346383983536, 13.923723474214054], [-87.89696592299889, 13.924047113448172], [-87.89694778915477, 13.93539039143993], [-87.90733430257461, 13.952231632514799], [-87.87826507869562, 13.967921821062147], [-87.88399208519532, 13.979567490946533], [-87.8961587651204, 13.990734968861036], [-87.89728713585218, 13.996695645750542], [-87.91744578945016, 14.002944440907273], [-87.92732989141722, 14.011372609685248], [-87.91377995677989, 14.02487484587758], [-87.90742890048931, 14.039488675147789], [-87.91554447837368, 14.050580774509035], [-87.9149803649208, 14.053844446776074], [-87.91190597857246, 14.0553941688325], [-87.9129106496717, 14.06308537956847], [-87.90971431779289, 14.066105837721498], [-87.91938028740387, 14.072968610762244], [-87.92433125415616, 14.08380675529132], [-87.92742791186024, 14.084626631944822], [-87.94380257991341, 14.104317471808073], [-87.94528528104364, 14.111065189389876], [-87.94930738136384, 14.1125422393815], [-87.95014359893729, 14.116776850517166], [-87.94806560458174, 14.127965193178364], [-87.94218411574536, 14.134037774604806], [-87.94113773676656, 14.1440162081134], [-87.93405745750626, 14.156009433467348], [-87.93304949719509, 14.16223347119536], [-87.92349476970618, 14.168059989115582], [-87.92221218251672, 14.174907741714179], [-87.91368105878811, 14.179914020325038], [-87.91020172185408, 14.179448090490348], [-87.90511146418099, 14.185028661415593], [-87.8955554105473, 14.178333580765251], [-87.88060344437571, 14.17805897304527], [-87.8834541586476, 14.173812301441627], [-87.88061012355718, 14.177837443999204], [-87.88015831733306, 14.188028279889286], [-87.854572343838, 14.198096531760477], [-87.8480239834375, 14.199439805099768], [-87.84539281813159, 14.195498183409162], [-87.84079506977494, 14.196490799971956], [-87.82947157045584, 14.212345364221175], [-87.82588471090492, 14.21276574705654], [-87.82537147938598, 14.200372219230948], [-87.78796047874569, 14.190138250275437], [-87.76863972263115, 14.163167835272157], [-87.78523017715398, 14.153085195694953], [-87.7858192242486, 14.13802856303003], [-87.75959771933489, 14.13172747492729], [-87.73788926897006, 14.130800525140225], [-87.71438216518466, 14.094483493276739], [-87.69759074143488, 14.104204683361061], [-87.6865554186757, 14.08078637121355], [-87.68945453445514, 14.080452617189527], [-87.69095768261283, 14.074858459664233], [-87.68982722516716, 14.066221490518682], [-87.69278834946975, 14.06616780513303], [-87.68956913843438, 14.06296845092817], [-87.69035536197968, 14.054702338023862], [-87.68768306849611, 14.052860986058406], [-87.6910455758164, 14.052171025987253], [-87.68893367470473, 14.04734214730872], [-87.67988293832853, 14.052827669611077], [-87.67762349519765, 14.059062446696997], [-87.66141820374492, 14.070803621562945], [-87.65635224915145, 14.082162228085881], [-87.64946440256703, 14.086452960900017], [-87.61511938445821, 14.08705384139885], [-87.60422909625021, 14.033554214517984], [-87.60535614955162, 14.001245794545866], [-87.59224606164794, 13.980862170550477], [-87.59856658279668, 13.971966655391752], [-87.59132213331235, 13.964508081299561], [-87.59520310608684, 13.954971476167174], [-87.55365406533511, 13.91964361844444], [-87.48696357985803, 13.92840277757243], [-87.442441849536, 13.930823862851838], [-87.39648004730986, 13.92816667227845], [-87.3666612640195, 13.83536019582869], [-87.37202667507697, 13.799757089929827], [-87.3818974263115, 13.79517347059986], [-87.37887007198981, 13.788945392440445], [-87.35390978603647, 13.791664079939425], [-87.34528326955676, 13.78149724016244], [-87.33458331380635, 13.783751067197935], [-87.32288719421902, 13.777180665139236], [-87.28047929208915, 13.76597406374048], [-87.27790463162911, 13.760032907173418], [-87.2805791618368, 13.749102454183328], [-87.27800525156194, 13.74265606355946], [-87.26724051657692, 13.740378032308394], [-87.27278490430196, 13.734669751974312], [-87.26125018951696, 13.719252896591046], [-87.26418028179275, 13.716866036927716], [-87.26194322636508, 13.709044670899175], [-87.2647267883396, 13.700053776296038], [-87.25867577801753, 13.69571540419043], [-87.26117281225713, 13.685311994242824], [-87.28118903189201, 13.679587852320473], [-87.2531090842723, 13.687617091807954], [-87.24439364473477, 13.683577547512193], [-87.23400794655201, 13.686969014459342], [-87.22674275634223, 13.691799793688524], [-87.23263093979246, 13.706103628029904], [-87.22074459366267, 13.715265231984748], [-87.21642770196542, 13.713660668386712], [-87.21123042509, 13.721977206283615], [-87.20441051651497, 13.717410980660098], [-87.19416087557836, 13.72846656130012], [-87.1899363737633, 13.772716676833298], [-87.20240765983053, 13.791209274294625], [-87.19573472439106, 13.825406419586276], [-87.19883596906277, 13.833583660580736], [-87.19679051751919, 13.836151011310884], [-87.1979244699568, 13.839694612771906], [-87.17669186912171, 13.848091762009245], [-87.14111705478223, 13.845656499974817], [-87.12866211214285, 13.837759386854898], [-87.11322602215961, 13.808090614117859], [-87.08665535064877, 13.789564934289636], [-87.08260243186189, 13.778641085015227], [-87.07885422739781, 13.77526617247458], [-87.06979172189556, 13.77585100460996], [-87.04631726973003, 13.77096696527674], [-87.0315140751366, 13.772229561897023], [-87.03048940471582, 13.747276903703167], [-86.99804713836814, 13.74386270573775], [-87.00552611012134, 13.723315269062159], [-87.00099281737086, 13.711291381749954], [-86.97958138572385, 13.709933073693001], [-86.978883418086, 13.703240603929965], [-86.9731481444826, 13.696784993803439], [-86.97248084925982, 13.69174272085517], [-86.95491504307557, 13.697675267065527], [-86.93201363557941, 13.691068046809297], [-86.93936425627838, 13.682032200269454], [-86.93199513462011, 13.691090652773447], [-86.91373387625461, 13.705810285666493], [-86.90770522218978, 13.717194570069115], [-86.92524589468466, 13.735010338012385], [-86.90249969226976, 13.739920245329053], [-86.89276537990844, 13.731159938977797], [-86.8727964839474, 13.743904511339395], [-86.87180930460555, 13.748766456691413], [-86.85943749851704, 13.761459494246225], [-86.84895708653526, 13.747991712412963], [-86.84625617533402, 13.748266966661932], [-86.82816775249394, 13.765125498331846], [-86.78955714243963, 13.77357597273978], [-86.78009423871192, 13.772887278053846], [-86.77839723674161, 13.76952772508155], [-86.76883716009546, 13.771725226097248], [-86.76394993433674, 13.767514852237786], [-86.76124604769583, 13.76898724992027], [-86.7696592875484, 13.754058739052024], [-86.764110522132, 13.74456487110888], [-86.76344912473854, 13.734222241563424], [-86.75960260510077, 13.727295608860416], [-86.76260894652401, 13.721778262598164], [-86.76119575028198, 13.717038792448866], [-86.7627217628411, 13.71478424290628], [-86.76465508484932, 13.715610053729048], [-86.76878717581157, 13.699439722256653], [-86.78626234822603, 13.66237776563723], [-86.76689308381727, 13.651220276692545], [-86.75530080704566, 13.651562905072984], [-86.749107527821, 13.639545244407438], [-86.76999199000615, 13.577385116191625], [-86.76504883648823, 13.571180892360319], [-86.75709324176685, 13.571310035883483], [-86.7506609262593, 13.564893837565464], [-86.74286261917976, 13.527965075128863], [-86.74158745975848, 13.486505809227646], [-86.72335519601044, 13.449546135324761], [-86.72506139760677, 13.442986635259112], [-86.72096943682486, 13.434509442892468], [-86.73043824592203, 13.421069207388692], [-86.74361827563145, 13.407960170989258], [-86.74414468617957, 13.401495379980904], [-86.73674998895666, 13.38096828877399], [-86.71975401932328, 13.380743179120048], [-86.71395915310107, 13.376805506812218], [-86.707136018687, 13.365572681026736], [-86.71084262216628, 13.35991639943612], [-86.7074777725243, 13.322846493489498], [-86.70364963489145, 13.313546429691623], [-86.70572341849582, 13.302269507736685], [-86.70884136952695, 13.301184615780969], [-86.7116078341926, 13.29525026598236], [-86.71618203871432, 13.295708659601772], [-86.7261705889773, 13.290517925601153], [-86.75446984897762, 13.267333566747713], [-86.79170453292382, 13.293942688714017], [-86.793176526606, 13.298390548696428], [-86.797348793719, 13.297777883796991], [-86.79954814718674, 13.302396956592343], [-86.82911163612789, 13.313435728724343], [-86.83432053251815, 13.311522160565815], [-86.83583176503575, 13.305291711118052], [-86.85044316695294, 13.300326202153913], [-86.86758354104467, 13.304224001756698], [-86.87663144355061, 13.286788867868221], [-86.87522383756435, 13.28052395087683], [-86.88310229474808, 13.279270773957743], [-86.88926342147607, 13.273141544014175], [-86.8956012648941, 13.270648470221639], [-86.90876961304272, 13.268666418933291], [-86.91529380289101, 13.261155413175363], [-86.90583713396482, 13.252129862795817], [-86.90787453577471, 13.245401791496395], [-86.91298492237644, 13.242962089438523], [-86.9111980404897, 13.237844493464506], [-86.91370880655656, 13.233538814467963], [-86.91137922352613, 13.23217484237429], [-86.9094721941868, 13.223871933994312], [-86.92100034006765, 13.225027563761158], [-86.92205884158884, 13.222489172807576], [-86.91517014031567, 13.214180214153295], [-86.91724390818125, 13.20820824081715], [-86.92128802011914, 13.207586707557889], [-86.92014483077736, 13.199302179596632], [-86.92535274883689, 13.190292775316546], [-86.93161692140428, 13.189584673284434], [-86.93306851657938, 13.179709364669984], [-86.93224811997271, 13.176340762857734], [-86.92262074095628, 13.16924974250816], [-86.92044725645167, 13.1630639051295], [-86.91446811033587, 13.158591522848413], [-86.91313097953442, 13.151252953591227], [-86.92295291027513, 13.149054202502786], [-86.92492785777016, 13.145104267841413], [-86.92196739193604, 13.139744475857816], [-86.92324371658175, 13.133705493359292], [-86.93451102689387, 13.125346390243905], [-86.92930868929378, 13.122863928887826], [-86.92701833411347, 13.117816345831939], [-86.92754632749636, 13.10271068003752], [-86.91837522394547, 13.102325886337047], [-86.91550667819428, 13.098992725146037], [-86.91829437264192, 13.092228558175206], [-86.92356490452853, 13.088926193334403], [-86.92460140890074, 13.0837224229804], [-86.9343002744748, 13.07855150543258], [-86.94413965559436, 13.068431632478779], [-86.95345369321291, 13.065667533638628], [-86.95467206432718, 13.054984893934359], [-86.95846986874004, 13.051761803284545], [-86.9562062244998, 13.037736139743124], [-86.96356555670133, 13.034261469524713], [-86.96384572112434, 13.030143666122001], [-86.97117795332393, 13.028839038766705], [-86.97520008371119, 13.024237826504525], [-86.97918737434928, 13.024331996736441], [-86.98112178817213, 13.020713907028982], [-86.98784447888612, 13.023751545673205], [-86.99387606198383, 13.021268392362423], [-87.00625002081566, 13.012483340903472], [-87.00995172712837, 13.002828940758924], [-87.01738477967785, 12.9993889076658], [-87.02006778207613, 13.000451241809982], [-87.0178500912651, 13.006193562473404], [-87.02260903791287, 13.008161126381383], [-87.02736625407269, 13.001498407587867], [-87.02159598344639, 12.993884933284178], [-87.02724872391971, 12.986141520934082], [-87.04646557655191, 12.987893093173218], [-87.04977730720724, 12.982989035493699], [-87.05329654382403, 12.98559605023215], [-87.04999297872098, 12.992297401752754], [-87.06022739548062, 12.992972313119893], [-87.06497642631308, 13.001964208582473], [-87.10585744944785, 12.999474174665986], [-87.30825187950053, 12.987149340731204], [-87.30593725019114, 12.9980982235307], [-87.30385477248379, 12.999150746266436], [-87.30060503820029, 12.9964937176585], [-87.30441585082458, 13.001049043697684], [-87.30494628206586, 13.005688436037953], [-87.2946393475075, 13.01868671720327], [-87.27675235009474, 13.024724315663775], [-87.26653225670886, 13.017009189690746], [-87.26686017776275, 13.014005553109412], [-87.26616371976046, 13.01706494996847], [-87.26918148845175, 13.0192987699981], [-87.26130395109216, 13.02231803274336], [-87.24091478086265, 13.04026828355414], [-87.23685855721419, 13.04228175589086], [-87.23026937163223, 13.042147535715818], [-87.22447595218577, 13.044541018763184], [-87.21952050919984, 13.033120967132207], [-87.22365890079854, 13.02600308544477], [-87.23055201862553, 13.026469530373781], [-87.23250396999205, 13.023318670947173], [-87.23291742908413, 13.020725308839983], [-87.2294436471127, 12.999270078951255], [-87.22719270549857, 12.992275258698518], [-87.23215944045745, 13.023172038142608], [-87.22968553379167, 13.026310922298485], [-87.22325223324829, 13.025667726977566], [-87.2193212633467, 13.032354769564716], [-87.21963495412652, 13.037395803045584], [-87.22344524503566, 13.044847099010338], [-87.21922974093064, 13.050832434520379], [-87.21641457121896, 13.060111465958725], [-87.21129367347436, 13.064227851234667], [-87.20625916749161, 13.064970030322135], [-87.20037877917562, 13.06126941671546], [-87.19802176138639, 13.055439828515171], [-87.19844273377083, 13.058862160052339], [-87.20176748438229, 13.063331191580692], [-87.20736009327729, 13.06543484478603], [-87.20992408072026, 13.06509932669961], [-87.21357550500876, 13.06327876170193], [-87.2174375693817, 13.059148688808849], [-87.22358724913602, 13.045389536124874], [-87.23022839247848, 13.042709345506974], [-87.23580586353165, 13.043079601293456], [-87.24079358428013, 13.041306040673255], [-87.26653942266708, 13.0212841070848], [-87.27633296462459, 13.026752574835813], [-87.27531884343446, 13.034898826002447], [-87.27134225528374, 13.036388283125607], [-87.27533502584659, 13.035458321362869], [-87.27502677151115, 13.03767523501381], [-87.27024775389181, 13.041298452418689], [-87.23817428544632, 13.04588178910638], [-87.23600280629007, 13.04864405709193], [-87.2340926382781, 13.058984950647591], [-87.22986719956968, 13.064485553473997], [-87.21335701287856, 13.07200511172166], [-87.20394205250246, 13.078813934298278], [-87.1915705307387, 13.078401787417025], [-87.18399758874068, 13.067614859911105], [-87.18367281911628, 13.06189219946939], [-87.18986076397974, 13.050404645654075], [-87.18726489232243, 13.043829101490132], [-87.18181071001051, 13.041723784131616], [-87.17588217034135, 13.043639278508985], [-87.17016929579339, 13.05971310216878], [-87.1642950253161, 13.063410839559136], [-87.15438674536188, 13.053613529186409], [-87.16006249396149, 13.041636403357735], [-87.15917181000943, 13.036557211229926], [-87.1544024234899, 13.034750421658448], [-87.14681241847207, 13.037437133933487], [-87.1399453988334, 13.032433524690024], [-87.13496779749534, 13.033188968961072], [-87.13265133576398, 13.030852619516457], [-87.13606177207046, 13.029341844979916], [-87.13412711516311, 13.024689233749335], [-87.13256170935261, 13.024900289601781], [-87.13564934299258, 13.02933980178446], [-87.13227752605388, 13.030842634167357], [-87.13438906201785, 13.033172315251743], [-87.13578467142837, 13.033855443926448], [-87.13967872614514, 13.032804417451663], [-87.14555413619456, 13.037563303513485], [-87.14801422885702, 13.03781397674265], [-87.15431989771729, 13.035051142115108], [-87.1585365637719, 13.03653046988046], [-87.15971993453184, 13.041400372644294], [-87.15379020864259, 13.054259311450243], [-87.16453556949605, 13.064069678235903], [-87.1710880817559, 13.059511302082573], [-87.17621550463954, 13.043852681750213], [-87.1816310128043, 13.042321853419914], [-87.18660444404179, 13.044038689348177], [-87.18912726542713, 13.04970889325721], [-87.18276154133093, 13.06210308558863], [-87.18296121805376, 13.067472043164535], [-87.190252671501, 13.078515803168724], [-87.19934049629644, 13.08028130826247], [-87.20628204113012, 13.078975971520448], [-87.21348250957327, 13.072799632680681], [-87.23076589504693, 13.064726642173634], [-87.23498535415374, 13.059322108362858], [-87.23867459665382, 13.046733603800288], [-87.27088791406084, 13.044494361115579], [-87.26949976929308, 13.043112283871842], [-87.27677995594648, 13.040230179341199], [-87.28035181630541, 13.04147308885541], [-87.27666804008096, 13.039634609303203], [-87.27984870510465, 13.028503076009349], [-87.31081018016795, 13.022140224352754], [-87.31455236563284, 13.025977695697714], [-87.31382281462096, 13.028180465726486], [-87.32084207601702, 13.02910099856232], [-87.33259858107029, 13.035391146522107], [-87.33213581217765, 13.038925138410438], [-87.34226624020377, 13.042417093155835], [-87.35246208412985, 13.054255981830309], [-87.35929528466528, 13.0676533234429], [-87.36834642199901, 13.078805876112972], [-87.36721827951229, 13.082588400799155], [-87.35124089470696, 13.089358636091761], [-87.34310053283951, 13.088892590796391], [-87.32324739384062, 13.094231863433503], [-87.30190402834292, 13.08651160768993], [-87.2962216169855, 13.086042323110965], [-87.28857782280859, 13.089291627953058], [-87.28330294302332, 13.095595648895804], [-87.27642891566761, 13.114800555086525], [-87.2797547350572, 13.129257195691757], [-87.27842516338589, 13.11762873815954], [-87.28054506033158, 13.109967355428019], [-87.29233793260583, 13.09086645836385], [-87.29616635189433, 13.089731768612982], [-87.33267328058153, 13.101937719252726], [-87.34187137836872, 13.099175619862201], [-87.35133631825063, 13.104005180443567], [-87.35457864432523, 13.108570622728546], [-87.35980578603288, 13.107011449319833], [-87.37018402706805, 13.111773474395655], [-87.38236500474578, 13.111413197722424], [-87.38901347435018, 13.114535345266843], [-87.39323341806876, 13.111304154275484], [-87.39602997197542, 13.111518024478515], [-87.39535523028853, 13.113609013885013], [-87.39986005975625, 13.109040120940943], [-87.40296150174841, 13.110254899832674], [-87.40128642631, 13.114122049756464], [-87.40667691563128, 13.110858298394847], [-87.40802953721081, 13.114312647936668], [-87.41133284142617, 13.11358174164295], [-87.41629933193295, 13.117144408091226], [-87.41582622536606, 13.1131947435243], [-87.42482042714593, 13.113593763645119], [-87.42481840105536, 13.11593576392387], [-87.42569874243554, 13.109991154405026], [-87.43007263983179, 13.108754110571013], [-87.42862630897187, 13.106614591324854], [-87.43092389754656, 13.101580880226761], [-87.43204151413568, 13.105843672187541], [-87.42672039530973, 13.12784041424575], [-87.428921358601, 13.140438537664537], [-87.43257442439534, 13.140875499589644], [-87.4340571555112, 13.165866286666327], [-87.44246849169406, 13.191781017924205], [-87.44965685150888, 13.205616915349681], [-87.44789762141535, 13.203430619326584], [-87.44478769817785, 13.203238233807275], [-87.44761150538261, 13.203578056209624], [-87.44994451158487, 13.20914519836217], [-87.45054057827929, 13.206582897265847], [-87.45460996277723, 13.211851927086363], [-87.45283610873418, 13.211952277073093], [-87.45106731310649, 13.225951854689749], [-87.44865549126638, 13.22959791134502], [-87.44229545165926, 13.22925973639651], [-87.43847058388681, 13.224779050245793], [-87.43506164575068, 13.226092626717323], [-87.44477655631103, 13.23418013150687], [-87.45765826339563, 13.231058112534573], [-87.46813750987023, 13.245284198345338], [-87.48407652640725, 13.258405374085205], [-87.48422982545117, 13.261963230452256], [-87.48117407525143, 13.26506373755311], [-87.48747316423281, 13.262855623501707], [-87.49895626637785, 13.268869133867758], [-87.49796250718414, 13.271305709580034], [-87.50052521955467, 13.27164315945071], [-87.50006256618899, 13.26871890109875], [-87.51039288653882, 13.274735254450963], [-87.50538576991873, 13.282477498752495], [-87.51124247239476, 13.27514723391942], [-87.50681636526772, 13.269654990715019], [-87.5164456104034, 13.265175569911806], [-87.51554646626205, 13.274632201320536], [-87.50900993580477, 13.29151592213253], [-87.50209902682143, 13.298652689469876], [-87.49340748904723, 13.297072605862443], [-87.4884727353046, 13.302393332737722], [-87.4849359146196, 13.30188469760368], [-87.49173410689447, 13.296352469887301], [-87.48807932382798, 13.28817398928754], [-87.48916563032988, 13.285055709096003], [-87.49055362778759, 13.286932699000461], [-87.49266384211585, 13.28541970231846], [-87.49160322646142, 13.28150305168057], [-87.49245195827658, 13.284926178738727], [-87.48898887988413, 13.2843812727657], [-87.48621418322543, 13.292682870699494], [-87.48857234981476, 13.29191089276193], [-87.49093337169704, 13.296151693358745], [-87.48447957914236, 13.300484016800903], [-87.48311199139746, 13.303678534051414], [-87.4756962121229, 13.287893390171682], [-87.47746642889513, 13.283004979766597], [-87.4818588694636, 13.282307223953456], [-87.4798933009533, 13.280820095672288], [-87.47655196921401, 13.283042859732019], [-87.47552669769593, 13.285290654316597], [-87.46973824018139, 13.274044862869115], [-87.46037293229003, 13.276263768643224], [-87.45429770457889, 13.285923955275992], [-87.45194085477823, 13.286041178761074], [-87.45136578509216, 13.283340813858192], [-87.45035722218753, 13.287420682875869], [-87.45497611670072, 13.286469809224752], [-87.45481960979498, 13.290111881021593], [-87.44521734583597, 13.300129660424474], [-87.44212506786302, 13.293319410379732], [-87.44509096531132, 13.291268410141551], [-87.4461190282718, 13.286592857722097], [-87.44418491814672, 13.28326753599911], [-87.44464953180518, 13.288726027400923], [-87.4412321591914, 13.282804733751682], [-87.43551746396597, 13.281605151683598], [-87.44081791217431, 13.283623778265053], [-87.4447588751033, 13.289832394712999], [-87.43899128487388, 13.292853502329447], [-87.44087137566058, 13.292300935038712], [-87.44446565182223, 13.301023912098298], [-87.44911458887208, 13.298526842281644], [-87.44758059520144, 13.302959154265181], [-87.44504286786139, 13.306811104893608], [-87.44181138567917, 13.307138881870635], [-87.4381488533028, 13.302182118670949], [-87.4326750766523, 13.300421450034927], [-87.43032879381046, 13.297126114223365], [-87.42809829513973, 13.296807738081933], [-87.43195550853241, 13.300424932645667], [-87.43817505765504, 13.303275057507586], [-87.44038201228308, 13.30761494660908], [-87.44443235956071, 13.308718971612667], [-87.44164511564242, 13.311873945757531], [-87.4362725702844, 13.308939953247002], [-87.4411002508117, 13.312131466637465], [-87.43775643835703, 13.315664884576691], [-87.43206324347229, 13.308628402939648], [-87.42382558342958, 13.308217281939243], [-87.42352025234113, 13.313321058299914], [-87.42068443376115, 13.311428012988118], [-87.42240357918737, 13.313298056164747], [-87.4211928752153, 13.317964776021398], [-87.42631277139508, 13.320128655573217], [-87.42967650967333, 13.316799933025006], [-87.43029051077653, 13.3205503270044], [-87.42540310874162, 13.32151704552564], [-87.42348221547688, 13.326463008965334], [-87.42252879222093, 13.321275436768305], [-87.42036310493266, 13.320849520778973], [-87.41844640652248, 13.322588812363922], [-87.41528340766925, 13.318891168327276], [-87.41833263983963, 13.317164731993904], [-87.41842773784578, 13.31474349259132], [-87.41811168758781, 13.316871224404178], [-87.41477854864921, 13.316744438806737], [-87.41422841985889, 13.31884541887727], [-87.4168841731822, 13.321214692560888], [-87.41492781871426, 13.324417750588214], [-87.41937340494889, 13.32621664495259], [-87.42110393718166, 13.321433785705333], [-87.42351745521337, 13.328305324416652], [-87.43106953389909, 13.325417161502877], [-87.43261882816621, 13.319284961503147], [-87.43683978135259, 13.321468238242597], [-87.44539951294036, 13.320247349099665], [-87.44533302454086, 13.326961371789997], [-87.43566493442981, 13.32717369715033], [-87.44755479969086, 13.327712500333428], [-87.44941109765699, 13.334141674967231], [-87.44645463485867, 13.339235443734612], [-87.44091329376954, 13.33842568549812], [-87.43543748833183, 13.331971025181584], [-87.42731600410163, 13.338517904534468], [-87.42665672004502, 13.33675576285792], [-87.42499212082365, 13.340460255766557], [-87.41557235243269, 13.329777666311667], [-87.41744473387891, 13.335131041265551], [-87.41103551514514, 13.338558377925166], [-87.40845499704173, 13.329004802375984], [-87.40607654620689, 13.328720386650804], [-87.40713688895636, 13.32676442085561], [-87.40439253607184, 13.32784597005285], [-87.40346741157771, 13.321561885793338], [-87.40048818453577, 13.319812389415038], [-87.40713245850503, 13.318595799937313], [-87.40643854303443, 13.317052931779068], [-87.40091873672033, 13.318613592581935], [-87.40012045962384, 13.320086498311268], [-87.4028385616925, 13.322540583453115], [-87.40347325895254, 13.32839901881868], [-87.40777111573715, 13.332785591762615], [-87.40488053069711, 13.332386710240263], [-87.40324712961647, 13.33507601643242], [-87.40181015679678, 13.333188446390666], [-87.40206023498622, 13.338194115935458], [-87.39462893866035, 13.341291486459433], [-87.3940162357428, 13.343387994456348], [-87.38733701107535, 13.34251553249939], [-87.39318435963038, 13.3441499743238], [-87.40088580604771, 13.340138945245831], [-87.40502159193211, 13.33374735132873], [-87.40729512920483, 13.333384284342342], [-87.40690016165983, 13.335326758143442], [-87.40497705667791, 13.334207451900713], [-87.40981553799439, 13.340999516215236], [-87.41756045183028, 13.336646566998882], [-87.42540835300304, 13.343330485908796], [-87.43001199261704, 13.338639940370781], [-87.43172916535497, 13.343310764112303], [-87.43003624913634, 13.345826270904924], [-87.43253271901125, 13.343246098204618], [-87.43059522440583, 13.337031681546003], [-87.43362686372805, 13.33460431240573], [-87.43658612461562, 13.336895977338411], [-87.43500538391582, 13.338351109883355], [-87.44116505909437, 13.34152675392173], [-87.45067854455901, 13.339337611195958], [-87.45107441551262, 13.343670425172187], [-87.45623379225316, 13.347224977688168], [-87.45152571559551, 13.343035530800773], [-87.4525068980786, 13.33623851031096], [-87.4569132212953, 13.341148477172576], [-87.4584115271395, 13.352810295180758], [-87.4564597861922, 13.356151546404146], [-87.44668438109599, 13.355591400921915], [-87.44031519863711, 13.357912852559329], [-87.42448423575584, 13.351689390175286], [-87.4111670609336, 13.368367282721703], [-87.3907626634044, 13.366933614377322], [-87.38467716754577, 13.373619567496634], [-87.38571526433759, 13.385392216678175], [-87.37833810584365, 13.39076433128604], [-87.37874529219823, 13.392099140217667], [-87.39148358871607, 13.385348312390326], [-87.38806825136876, 13.384759049730262], [-87.38903036347838, 13.378373689812296], [-87.38721109520648, 13.374849982865076], [-87.39202744236333, 13.36915833073085], [-87.39823202583702, 13.369286541871253], [-87.40301402966881, 13.372331882374022], [-87.399920366079, 13.373672792667016], [-87.40168137550909, 13.374156031089017], [-87.40168099084391, 13.380191767227183], [-87.3975707968481, 13.378421445966012], [-87.39897455044638, 13.377151058338143], [-87.39715571824051, 13.377681763966297], [-87.39561587125287, 13.374083070186728], [-87.39658840683049, 13.37915428543417], [-87.39290515671483, 13.376691484348722], [-87.39179293939421, 13.378529934900147], [-87.39474171903625, 13.378185127010907], [-87.39909929680498, 13.380527030980316], [-87.39472765537835, 13.382488163297651], [-87.393394862223, 13.378961476657887], [-87.39359669921046, 13.382217527906043], [-87.39173516695993, 13.381896020220523], [-87.39468211137753, 13.38411584705545], [-87.39736682646537, 13.382340482968738], [-87.39630994331817, 13.385363403205272], [-87.3981236601544, 13.385372979221815], [-87.40026491389072, 13.384658653298217], [-87.3988123907109, 13.38156169728861], [-87.40441149327873, 13.381180943216183], [-87.40673640508527, 13.383649148713086], [-87.4042653623829, 13.386313805838915], [-87.40463368306227, 13.38512867986544], [-87.40313022037307, 13.384589674520164], [-87.40355857825526, 13.389121443445891], [-87.40728377676592, 13.383742082291283], [-87.40976877108989, 13.384413973749986], [-87.4090439784792, 13.38642367368033], [-87.41026369119349, 13.384717226361929], [-87.41270526946703, 13.385985954426397], [-87.40966746886589, 13.39277825823719], [-87.40832859671119, 13.392485425910806], [-87.40903873374043, 13.389982956340361], [-87.407114311921, 13.388522333680797], [-87.40861324398219, 13.390807615962977], [-87.40596248120434, 13.390978045614863], [-87.40764958948748, 13.393768261463737], [-87.41064550365688, 13.393211836545504], [-87.41245779847029, 13.397100451003533], [-87.41548157968512, 13.396954217852802], [-87.41172271820008, 13.399858422194754], [-87.41258813564153, 13.401598774141553], [-87.40407213120898, 13.397823828230683], [-87.40696928844854, 13.396519345318339], [-87.40529998834185, 13.394544031586836], [-87.40582936628248, 13.39645336458704], [-87.4035144983441, 13.396961183651428], [-87.40346946876438, 13.393322860849905], [-87.40176799343097, 13.397153856381424], [-87.40386032185089, 13.399406563158257], [-87.39771831438945, 13.400939938983944], [-87.39930524665441, 13.392186754598164], [-87.40255185753877, 13.392249417833995], [-87.39895774855854, 13.390968850011873], [-87.40048495224805, 13.387520193996096], [-87.39505892927248, 13.386879945732938], [-87.39152302358333, 13.389747338866519], [-87.39335954864163, 13.3916964879426], [-87.39039873822375, 13.389873411618115], [-87.38793901944095, 13.39273456357257], [-87.38849348513934, 13.397057066538038], [-87.38516864323931, 13.394304257523501], [-87.37981933442404, 13.394435551053483], [-87.37885561071063, 13.39246077840619], [-87.37954848151786, 13.39473209750013], [-87.3816865211424, 13.394637320596805], [-87.37987980010595, 13.399493504497523], [-87.36778417881114, 13.399948685332394], [-87.38007242158483, 13.400106965422628], [-87.38137820008086, 13.403938935430268], [-87.37937671337775, 13.40852188038106], [-87.38179414690708, 13.404677510960132], [-87.3809844756302, 13.398245135255358], [-87.38442288958616, 13.394898792228105], [-87.39155345161404, 13.404455720647205], [-87.39041577301326, 13.407595166572358], [-87.38690084315243, 13.407375653025554], [-87.39194946763617, 13.41407384847986], [-87.39445151808658, 13.409638102780704], [-87.39963285210347, 13.407577352598535], [-87.40010270181175, 13.413818041507303], [-87.39742647561877, 13.414807880735108], [-87.40024897261436, 13.414465465563232], [-87.40297289267701, 13.418718914727943], [-87.40029084763788, 13.420058043503039], [-87.40471834084795, 13.418497972374551], [-87.41545199022887, 13.421910931520438], [-87.41950948648154, 13.415773556817971], [-87.42008050124619, 13.418791592835822], [-87.42129655321155, 13.417420793183641], [-87.42556888076649, 13.419652711107318], [-87.4206986968069, 13.42287088499801], [-87.42167461030418, 13.42448442224168], [-87.42292051397295, 13.421854432671097], [-87.42727011977536, 13.426925449373503], [-87.42353590979668, 13.422167620319088], [-87.42586416868085, 13.419482667267205], [-87.42179563349336, 13.416093011639536], [-87.42653038125988, 13.412600392025043], [-87.42695801073437, 13.407607211183443], [-87.43089347905689, 13.41039457380575], [-87.43284076788164, 13.408648352645494], [-87.4357522276566, 13.411297243955355], [-87.43397040322783, 13.415491391850821], [-87.43281380666751, 13.412614552932821], [-87.43132173966164, 13.41293019881697], [-87.43134372109272, 13.415702738217771], [-87.43421442343465, 13.415874136286538], [-87.43660798523997, 13.4126871359211], [-87.43587349786046, 13.41051714096517], [-87.43381499581214, 13.40850991219966], [-87.43212314237167, 13.40813982577005], [-87.43085787782934, 13.409853230023737], [-87.4275281857801, 13.406520038099384], [-87.42480560012012, 13.40976289824225], [-87.42494139607051, 13.412794090734481], [-87.42060525840206, 13.414129433901016], [-87.42584459943544, 13.399516264532467], [-87.4287276269302, 13.397138924110974], [-87.43238364336341, 13.399332219282638], [-87.4315838608386, 13.401615632432806], [-87.42819209758808, 13.401152334718994], [-87.43051915905116, 13.401831069359519], [-87.4302370938057, 13.403742856154869], [-87.43104636836135, 13.405157718945462], [-87.43285537746148, 13.401165856268957], [-87.43652995711237, 13.406396131944426], [-87.4369121464048, 13.404814201808584], [-87.44331061070969, 13.407548501688774], [-87.44141010950341, 13.412582707181008], [-87.43878080648736, 13.412125009151723], [-87.44206745651663, 13.414206897079561], [-87.44223152217474, 13.417896972345769], [-87.43742714058173, 13.41489880500152], [-87.43430288437565, 13.420603083883908], [-87.43315714052471, 13.417037882163543], [-87.43357892448032, 13.420444960300799], [-87.43599304145432, 13.42206387978295], [-87.43826483427597, 13.422864694977717], [-87.43827822624387, 13.420381448420041], [-87.43494219686673, 13.420240289965461], [-87.4392127115395, 13.416775366008777], [-87.44181654641955, 13.418433455], [-87.4430353890726, 13.417870700697954], [-87.4420601013961, 13.412077470786297], [-87.44348205647373, 13.408644572910903], [-87.44474928794463, 13.414492672289585], [-87.45872913828649, 13.418005404052147], [-87.45602038216451, 13.422445525719699], [-87.46000405031542, 13.425235724883269], [-87.46124781034761, 13.42003756876559], [-87.46583208745614, 13.418122374993832], [-87.46894655763505, 13.41982670576668], [-87.46681619909452, 13.41591877240503], [-87.4750553474882, 13.420353284866733], [-87.47861812971512, 13.420126143421937], [-87.47784495193514, 13.41815528105115], [-87.47479274776202, 13.419363661122862], [-87.47481193649658, 13.416348047960838]], [[-86.78492931224008, 13.561363032167487], [-86.7910987396166, 13.56038418524235], [-86.7506609262593, 13.564893837565464], [-86.78492931224008, 13.561363032167487]], [[-87.12522115288444, 13.016750211504329], [-87.12371755994619, 13.014392474541726], [-87.10585744944785, 12.999474174665986], [-87.12522115288444, 13.016750211504329]], [[-87.42202618194682, 13.643002665409343], [-87.42137247019117, 13.64263598670674], [-87.4220312229908, 13.643009888980421], [-87.42202618194682, 13.643002665409343]], [[-87.41088089605138, 13.63294052741806], [-87.41038762505251, 13.636401085578814], [-87.4104564649995, 13.636440158525017], [-87.41088089605138, 13.63294052741806]], [[-87.41635425205487, 13.625227543148018], [-87.41642383866031, 13.625027376785734], [-87.4163502292453, 13.625233212040563], [-87.41635425205487, 13.625227543148018]], [[-87.42802996769133, 13.59164226461328], [-87.4235152071725, 13.589504729988228], [-87.42790386663722, 13.592004995186503], [-87.42802996769133, 13.59164226461328]], [[-87.41457112322688, 13.585061990738033], [-87.41503272302192, 13.588214668041648], [-87.41528316750576, 13.58825275698972], [-87.41457112322688, 13.585061990738033]], [[-87.41123895835375, 13.580553916242119], [-87.41104267647654, 13.582371006732586], [-87.41119184689904, 13.582484772151039], [-87.41123895835375, 13.580553916242119]], [[-87.41504907915046, 13.577852345802556], [-87.41503862659096, 13.577408315534122], [-87.4113025111876, 13.57996557231724], [-87.41504907915046, 13.577852345802556]], [[-87.4150019869991, 13.575851846250798], [-87.39744914861186, 13.54318389492126], [-87.41501688971277, 13.57648492142692], [-87.4150019869991, 13.575851846250798]], [[-87.39228450944762, 13.536761918185979], [-87.39225836727735, 13.536756509953474], [-87.39744914861186, 13.54318389492126], [-87.39228450944762, 13.536761918185979]], [[-87.3809717558896, 13.531290777285399], [-87.38071692659973, 13.531285406069763], [-87.38098774687221, 13.531306214796007], [-87.3809717558896, 13.531290777285399]], [[-87.36963009731349, 13.528736478409769], [-87.3719316465599, 13.530610380948291], [-87.37237400429909, 13.530644369914524], [-87.36963009731349, 13.528736478409769]], [[-87.42821372916873, 13.520203300868562], [-87.42824795450868, 13.520142196934385], [-87.42302709577676, 13.518672681040336], [-87.42821372916873, 13.520203300868562]], [[-87.44699024758906, 13.474519997640675], [-87.44691254630666, 13.474525737728891], [-87.44609351391836, 13.477996002523815], [-87.44699024758906, 13.474519997640675]], [[-87.45506823965243, 13.473933531611848], [-87.45509566952755, 13.473921219402737], [-87.45440965371266, 13.473971897990966], [-87.45506823965243, 13.473933531611848]], [[-87.49447446040499, 13.452093505040882], [-87.49496509342895, 13.449952004482748], [-87.49434991494664, 13.452050527618578], [-87.49447446040499, 13.452093505040882]], [[-87.49501658443157, 13.449727258072592], [-87.49307150662233, 13.44699817520051], [-87.49305492107914, 13.447004428631885], [-87.49501658443157, 13.449727258072592]], [[-87.49777493532794, 13.43688374777664], [-87.49744282547333, 13.436507052608958], [-87.49742971292834, 13.438007910827286], [-87.49777493532794, 13.43688374777664]], [[-87.4951169332166, 13.433868912362525], [-87.4902601589928, 13.431683104023069], [-87.49692129065065, 13.43591550241928], [-87.4951169332166, 13.433868912362525]], [[-87.4909526886392, 13.429419264993921], [-87.49091274647239, 13.429411018859872], [-87.49056090771882, 13.430636000393887], [-87.4909526886392, 13.429419264993921]], [[-87.48433324432902, 13.42805266850011], [-87.48443536532211, 13.428412371926857], [-87.4906395878354, 13.429354624755161], [-87.48433324432902, 13.42805266850011]], [[-87.4817214182934, 13.418775214196446], [-87.48169810562257, 13.418770850981305], [-87.48199851397021, 13.419828987107927], [-87.4817214182934, 13.418775214196446]], [[-87.48634850341605, 13.919237855276846], [-87.4847942297032, 13.925606400455704], [-87.48489683366857, 13.925738660976307], [-87.48634850341605, 13.919237855276846]], [[-87.48580882219784, 13.913942034231471], [-87.48573624483059, 13.914033247696322], [-87.48634850341605, 13.919237855276846], [-87.48580882219784, 13.913942034231471]], [[-87.4908747802889, 13.907762633968607], [-87.49080713195453, 13.907660280447802], [-87.48807210475847, 13.911097595915136], [-87.4908747802889, 13.907762633968607]], [[-87.4878003730677, 13.903110983542167], [-87.48780189621304, 13.90313824970884], [-87.48810676207728, 13.903574557319011], [-87.4878003730677, 13.903110983542167]], [[-87.4876865197441, 13.900374370260508], [-87.48764893248045, 13.900400011598512], [-87.48773701189874, 13.901976741035051], [-87.4876865197441, 13.900374370260508]], [[-87.52104025639547, 13.812351810881331], [-87.52116358969961, 13.805394971434854], [-87.5210234251765, 13.812370098645884], [-87.52104025639547, 13.812351810881331]], [[-87.52380931050818, 13.803423875823976], [-87.524102747828, 13.801580207507513], [-87.5237994430572, 13.803431227200306], [-87.52380931050818, 13.803423875823976]], [[-87.52515571985981, 13.794964378360858], [-87.50012230563097, 13.779818483887928], [-87.52515571985981, 13.79496437836086], [-87.52515571985981, 13.794964378360858]], [[-87.45952420329235, 13.671125651800363], [-87.45952483752629, 13.669620036094491], [-87.45825047148881, 13.667051146227157], [-87.45952420329235, 13.671125651800363]], [[-87.45431543955338, 13.659082384917816], [-87.44998835574258, 13.655389806222136], [-87.45576399817121, 13.662015834520638], [-87.45431543955338, 13.659082384917816]], [[-87.67888348890469, 13.844195112355543], [-87.68928116100156, 13.848334175527492], [-87.69173425680522, 13.848847564741765], [-87.67888348890469, 13.844195112355543]], [[-87.65574536600911, 13.833797989372064], [-87.66971808431273, 13.834525084151169], [-87.66890527183837, 13.83366750698744], [-87.65574536600911, 13.833797989372064]], [[-87.64466966393961, 13.830207630819283], [-87.64466966393961, 13.830207630819285], [-87.65574536600911, 13.833797989372064], [-87.64466966393961, 13.830207630819283]], [[-87.63944471039297, 13.843074838786224], [-87.64454078325446, 13.830522239053344], [-87.63938313784888, 13.843112470949146], [-87.63944471039297, 13.843074838786224]], [[-87.62427887643992, 13.854068937982156], [-87.62961703881835, 13.849081355867922], [-87.62430162070385, 13.85402719767422], [-87.62427887643992, 13.854068937982156]], [[-87.61561352333831, 13.869971607243492], [-87.61484654368684, 13.872675737910374], [-87.62378787886716, 13.854970017478411], [-87.61561352333831, 13.869971607243492]], [[-87.61624135197582, 13.876426916905528], [-87.61618603888408, 13.876285071457982], [-87.61624144809353, 13.876434374209452], [-87.61624135197582, 13.876426916905528]], [[-87.61638758877145, 13.887772715305362], [-87.6163867161824, 13.887705015385324], [-87.61504233941064, 13.89032602855181], [-87.61638758877145, 13.887772715305362]], [[-87.61486176349912, 13.89066876565342], [-87.61487455369252, 13.890644489581508], [-87.60668686717038, 13.895715248396945], [-87.61486176349912, 13.89066876565342]], [[-87.60391787518557, 13.910495074232605], [-87.60212962639197, 13.906433006762096], [-87.60387827621382, 13.910556820683874], [-87.60391787518557, 13.910495074232605]], [[-87.59802232383157, 13.92704007947632], [-87.60148415162864, 13.914539267626274], [-87.60062573400073, 13.915925946098465], [-87.59802232383157, 13.92704007947632]], [[-87.59931194273035, 13.93961069444668], [-87.59943395371681, 13.934317368437968], [-87.59787893729364, 13.927652206265225], [-87.5978580989747, 13.927741166452485], [-87.59931194273035, 13.93961069444668]], [[-87.59909235073319, 13.949137476121173], [-87.5990976094629, 13.948909331332105], [-87.59903243641523, 13.949227349648172], [-87.59909235073319, 13.949137476121173]], [[-87.72755522880222, 13.69465103830194], [-87.72758283072953, 13.694655750883172], [-87.7269719633257, 13.690905269406487], [-87.72755522880222, 13.69465103830194]], [[-87.72285192723672, 13.693831556278061], [-87.72286450671449, 13.6938501736152], [-87.72491202470519, 13.694199754089922], [-87.72285192723672, 13.693831556278061]], [[-87.70405250863033, 13.683501089746386], [-87.70436276699803, 13.68371581760757], [-87.70439289114258, 13.683714511810534], [-87.70405250863033, 13.683501089746386]], [[-87.69535589008639, 13.677482214854072], [-87.69387015665549, 13.676059985235069], [-87.69019440423529, 13.673909983021751], [-87.69535589008639, 13.677482214854072]], [[-87.68076425526067, 13.672489815310177], [-87.67036165440464, 13.676815251234967], [-87.68081763741165, 13.672513681288955], [-87.68076425526067, 13.672489815310177]], [[-87.66426613487319, 13.676240563141357], [-87.66424465379609, 13.676255586711475], [-87.67036165440464, 13.676815251234967], [-87.66426613487319, 13.676240563141357]], [[-87.65771567867007, 13.680821862191056], [-87.65763969250787, 13.681230449418576], [-87.6640184673543, 13.676413778400535], [-87.65771567867007, 13.680821862191056]], [[-87.64985270788776, 13.705594424943447], [-87.6500675698225, 13.705920727284097], [-87.64999653589904, 13.705255827947768], [-87.64985270788776, 13.705594424943447]], [[-87.65660442836727, 13.715847996375864], [-87.65547378100484, 13.712499911078927], [-87.65183671374938, 13.70860745634575], [-87.65660442836727, 13.715847996375864]], [[-87.65274150887717, 13.73100313748142], [-87.65274724435827, 13.73101017980058], [-87.65660442836727, 13.715847996375864], [-87.65274150887717, 13.73100313748142]], [[-87.59695355657846, 13.719466798896221], [-87.59642554877658, 13.719215218107308], [-87.61085219861445, 13.728224850292689], [-87.59695355657846, 13.719466798896221]], [[-87.54381236960744, 13.717220489288612], [-87.54918180360599, 13.716885361913244], [-87.55197637604127, 13.716367624303391], [-87.54381236960744, 13.717220489288612]], [[-87.48152213602408, 13.678015102807182], [-87.48670633565801, 13.681336623778089], [-87.48688114061474, 13.681106466680799], [-87.48152213602408, 13.678015102807182]], [[-87.47661209051212, 13.678297792798142], [-87.48139269299811, 13.677940433064437], [-87.47654590836794, 13.678278709758398], [-87.47661209051212, 13.678297792798142]], [[-87.46723454309702, 13.675548704669259], [-87.46732848892583, 13.675620947853885], [-87.47457615579172, 13.677710748910865], [-87.46723454309702, 13.675548704669259]], [[-87.65921656432549, 13.509368132842782], [-87.66636295240822, 13.513385298336734], [-87.6591859421941, 13.509330391698308], [-87.65921656432549, 13.509368132842782]], [[-87.65273674723106, 13.501381892108652], [-87.6590565867471, 13.5091709637816], [-87.65157584323225, 13.498757349210987], [-87.65273674723106, 13.501381892108652]], [[-87.65108522252629, 13.48853198879782], [-87.65046366051509, 13.496242954175523], [-87.65085516405607, 13.497128055647272], [-87.65108522252629, 13.48853198879782]], [[-87.64659273065594, 13.487324080624743], [-87.64146545393122, 13.48653073649918], [-87.64427541127743, 13.487236228250643], [-87.64659273065594, 13.487324080624743]], [[-87.6409864765372, 13.494478880319567], [-87.64311260911289, 13.489796866319772], [-87.642050771279, 13.4904981419417], [-87.6409864765372, 13.494478880319567]], [[-87.63647583156113, 13.50441189351329], [-87.6367799448317, 13.503742197462046], [-87.63642918668148, 13.504283306951724], [-87.63647583156113, 13.50441189351329]], [[-87.63675446769895, 13.526704087822628], [-87.63685125296531, 13.526397652164306], [-87.63670953176279, 13.526681656073746], [-87.63675446769895, 13.526704087822628]], [[-87.64079838020793, 13.528733907776282], [-87.64077824774368, 13.528724282396814], [-87.64118794359432, 13.530653829089777], [-87.64079838020793, 13.528733907776282]], [[-87.64166009151499, 13.532202882121044], [-87.64148478853775, 13.532051881274205], [-87.64148737747547, 13.532064074407744], [-87.64166009151499, 13.532202882121044]], [[-87.64585008584145, 13.535812020433973], [-87.6458104528319, 13.535777881721105], [-87.64713327379496, 13.569685178050916], [-87.64585008584145, 13.535812020433973]], [[-87.64499487959412, 13.574652430195565], [-87.64506094641597, 13.574766661003984], [-87.64713327379496, 13.569685178050916], [-87.64499487959412, 13.574652430195565]], [[-87.64922073263863, 13.583274684065325], [-87.64922073263863, 13.583274684065321], [-87.63758723442089, 13.590188420528051], [-87.64922073263863, 13.583274684065325]], [[-87.62522562055581, 13.594785343990653], [-87.6262142678859, 13.594569784368552], [-87.63758723442089, 13.590188420528051], [-87.62522562055581, 13.594785343990653]], [[-87.5674903866391, 13.620426169201687], [-87.58305261348983, 13.604894118662427], [-87.56749008958268, 13.620425710949082], [-87.5674903866391, 13.620426169201687]], [[-87.54817425796043, 13.628657651600161], [-87.54847664270298, 13.628528782530315], [-87.54152795527969, 13.628005656060859], [-87.54817425796043, 13.628657651600161]], [[-87.5408037078685, 13.62793460812577], [-87.54082769225224, 13.627936960969443], [-87.53682982640676, 13.62168165073504], [-87.5408037078685, 13.62793460812577]], [[-87.51681498364475, 13.627100641021752], [-87.53013492043924, 13.618753523697372], [-87.5300253629783, 13.618705606943182], [-87.51681498364475, 13.627100641021752]], [[-87.64115853972787, 13.477598731903793], [-87.6403939686271, 13.486261720300451], [-87.64044979261664, 13.48627573594528], [-87.64115853972787, 13.477598731903793]], [[-87.47686186905263, 13.719642957890441], [-87.47806255384367, 13.719784956412736], [-87.47108081574625, 13.715858678302377], [-87.47686186905263, 13.719642957890441]], [[-87.53488598858264, 13.732235959564962], [-87.5348739535407, 13.732265182626152], [-87.54244373078394, 13.729280839947405], [-87.53488598858264, 13.732235959564962]], [[-87.53216790990238, 13.7378794628964], [-87.53227862695553, 13.737646039427986], [-87.52439492734847, 13.740846019274416], [-87.53216790990238, 13.7378794628964]], [[-87.52354959375914, 13.74264565142636], [-87.52409153265836, 13.74271381368611], [-87.52439492734847, 13.740846019274416], [-87.52354959375914, 13.74264565142636]], [[-87.51820265385385, 13.742936475518281], [-87.52016042948284, 13.74256655964715], [-87.51766076069349, 13.742319329557118], [-87.51820265385385, 13.742936475518281]], [[-87.51516151247627, 13.739473010289716], [-87.51700172553114, 13.741568774063053], [-87.51520333243833, 13.73814527582796], [-87.51516151247627, 13.739473010289716]], [[-87.5154137728602, 13.731464040683875], [-87.51540033565341, 13.73189065614792], [-87.51548028094263, 13.73151545673631], [-87.5154137728602, 13.731464040683875]], [[-87.50774250233907, 13.725923558265423], [-87.51453988453109, 13.730788455303667], [-87.50848437451927, 13.726107063073766], [-87.50774250233907, 13.725923558265423]], [[-87.50005984233101, 13.726013499040771], [-87.50617779417622, 13.725536521954856], [-87.5040341525585, 13.725006284328057], [-87.50005984233101, 13.726013499040771]], [[-87.49353767988492, 13.723699447264329], [-87.49353757564957, 13.72369948656967], [-87.50005984233101, 13.726013499040771], [-87.49353767988492, 13.723699447264329]], [[-87.49027636892265, 13.725125526863302], [-87.49208753954858, 13.724246269990152], [-87.49007761984184, 13.72500417579084], [-87.49027636892265, 13.725125526863302]], [[-87.68662835536311, 13.785955668868487], [-87.68777907578792, 13.784393460479532], [-87.68768129905436, 13.784299239154858], [-87.68662835536311, 13.785955668868487]], [[-87.64321625938389, 13.799119038549552], [-87.64342155979766, 13.78847190744867], [-87.64282135229084, 13.787673043035165], [-87.64321625938389, 13.799119038549552]], [[-87.6425204293134, 13.77895108510986], [-87.64252399867628, 13.779054539599002], [-87.64252754420286, 13.778951056368259], [-87.6425204293134, 13.77895108510986]], [[-87.52404544207452, 13.763968017862664], [-87.52517819059862, 13.794823194583598], [-87.52531871781031, 13.79394026132907], [-87.52404544207452, 13.763968017862664]], [[-87.79849688278392, 13.924923002665372], [-87.79955302913524, 13.920480250297999], [-87.79952823389114, 13.920409492103639], [-87.79849688278392, 13.924923002665372]], [[-87.79591640702881, 13.961475315078136], [-87.79606665285078, 13.961659731593286], [-87.79807702147349, 13.951660683978208], [-87.79591640702881, 13.961475315078136]], [[-87.80134790407062, 13.97405425176008], [-87.80140095563091, 13.974080024420918], [-87.79869280255886, 13.968511641853482], [-87.80134790407062, 13.97405425176008]], [[-87.80582814578274, 13.976410319454477], [-87.805713998192, 13.976205204516718], [-87.80565583168406, 13.97617776388982], [-87.80582814578274, 13.976410319454477]], [[-87.80533220584321, 13.98480810373658], [-87.80738342150589, 13.979205037074703], [-87.80496256714012, 13.9849252226423], [-87.80533220584321, 13.98480810373658]], [[-87.80043132252887, 13.986149745541601], [-87.80062469452342, 13.986299664468236], [-87.802417694534, 13.985731557834821], [-87.80043132252887, 13.986149745541601]], [[-87.78375591448201, 13.973221506986354], [-87.79297512391823, 13.980369046557637], [-87.78606616331759, 13.97487947271468], [-87.78160915783558, 13.96141322998922], [-87.78547367543841, 13.9738710177006], [-87.78375591448201, 13.973221506986354]], [[-87.7760827256519, 13.976331058379023], [-87.78293975058708, 13.972912903398427], [-87.77589645418203, 13.976325789335814], [-87.7760827256519, 13.976331058379023]], [[-87.76366677343545, 13.974711314148065], [-87.76363866861112, 13.974714813351072], [-87.76573663938436, 13.976038399628782], [-87.76366677343545, 13.974711314148065]], [[-87.69748195337107, 13.987262114761137], [-87.69955826105385, 13.982928462900047], [-87.69330991531159, 13.992196913510691], [-87.69748195337107, 13.987262114761137]], [[-87.68531778609976, 14.0205919890089], [-87.69195058006903, 14.013275545925481], [-87.69193588130219, 14.013229390820973], [-87.68531778609976, 14.0205919890089]], [[-87.68493829635258, 14.032453189453678], [-87.68499115687632, 14.032530730687155], [-87.68501801557774, 14.031036846328115], [-87.68493829635258, 14.032453189453678]], [[-87.6891438318801, 14.04172728464566], [-87.68914807998091, 14.041613786248218], [-87.68620686880212, 14.038821561159734], [-87.6891438318801, 14.04172728464566]], [[-87.66470644352587, 13.893121865446618], [-87.6649688969513, 13.892957355059872], [-87.65896832184298, 13.88826512430851], [-87.66470644352587, 13.893121865446618]], [[-87.75458169904992, 13.91045133818231], [-87.75210034973027, 13.90460737973132], [-87.75202364994568, 13.904879063890771], [-87.75458169904992, 13.91045133818231]], [[-87.75524567187226, 13.911897689889205], [-87.76637482970835, 13.919242296736435], [-87.76408703343836, 13.916651930775235], [-87.75524567187226, 13.911897689889205]], [[-87.76746044558917, 13.920471489414759], [-87.76698357856854, 13.919931554930885], [-87.76736666575351, 13.926328350463702], [-87.76746044558917, 13.920471489414759]], [[-87.69968844879193, 13.934407180528616], [-87.70243044763941, 13.929983652978278], [-87.69872637360936, 13.935002351493559], [-87.69968844879193, 13.934407180528616]], [[-87.69208809831707, 13.939109004261313], [-87.6923234166788, 13.93896342867745], [-87.68843183361219, 13.937446529257477], [-87.69208809831707, 13.939109004261313]], [[-87.68662758914769, 13.937085705625373], [-87.68726634213704, 13.93699223255807], [-87.68716852783568, 13.936954105540233], [-87.68662758914769, 13.937085705625373]], [[-87.67915535232609, 13.93890355859788], [-87.68304378646589, 13.938272208076754], [-87.6839462948865, 13.938758801875], [-87.68333498862849, 13.937886732651686], [-87.67915535232609, 13.93890355859788]], [[-87.67696220869611, 13.935427428985154], [-87.67696338355935, 13.935507782637146], [-87.67915535232609, 13.93890355859788], [-87.67696220869611, 13.935427428985154]], [[-87.67672031469796, 13.918883319544827], [-87.67672260538333, 13.91903998878752], [-87.67762723670566, 13.917822934964649], [-87.67672031469796, 13.918883319544827]], [[-87.68052033155688, 13.91899028010578], [-87.680781171864, 13.918551035037606], [-87.67762723670566, 13.917822934964649], [-87.68052033155688, 13.91899028010578]], [[-87.68076369294589, 13.916088610276413], [-87.68103718454911, 13.918119919499643], [-87.68153612386739, 13.917279724833076], [-87.68076369294589, 13.916088610276413]], [[-87.67771156912038, 13.912118711662329], [-87.67916318689896, 13.913620575922202], [-87.67842535597784, 13.912482815734158], [-87.67771156912038, 13.912118711662329]], [[-87.6681034510596, 13.907151911925201], [-87.66817463092839, 13.907186892116572], [-87.67010077830247, 13.90498877488811], [-87.6681034510596, 13.907151911925201]], [[-87.67025497250685, 13.903394960322885], [-87.67037654079057, 13.904674075045188], [-87.67039056415607, 13.904658071596177], [-87.67025497250685, 13.903394960322885]], [[-87.67002000341243, 13.900922667231773], [-87.67002247483794, 13.900948671026878], [-87.67017200842626, 13.900631351412505], [-87.67002000341243, 13.900922667231773]], [[-87.67230685895838, 13.892831003896898], [-87.6731007218528, 13.894416438592934], [-87.67333524904795, 13.89391875723617], [-87.67230685895838, 13.892831003896898]], [[-87.66903100975573, 13.890411151872087], [-87.67103762975091, 13.891488509134723], [-87.66861339768643, 13.888924339613775], [-87.66903100975573, 13.890411151872087]], [[-87.68786872022739, 13.859788177083495], [-87.68657512414688, 13.862546964192715], [-87.69230449214687, 13.855804484109775], [-87.68786872022739, 13.859788177083495]], [[-87.68612806093613, 13.863500393351481], [-87.68587454533493, 13.864041053286314], [-87.68668423860011, 13.867518457238079], [-87.68612806093613, 13.863500393351481]], [[-87.68693750848965, 13.869348186590193], [-87.67992731619357, 13.875064049487571], [-87.68695089478175, 13.869444894855032], [-87.68693750848965, 13.869348186590193]], [[-87.68223728086733, 13.879175725187991], [-87.68226757579775, 13.879121178767535], [-87.6787666064307, 13.876010451182129], [-87.68223728086733, 13.879175725187991]], [[-87.68165480193535, 13.885488757698832], [-87.68153462091121, 13.886312718468467], [-87.6816618176448, 13.885502824912445], [-87.68165480193535, 13.885488757698832]], [[-87.68088831740897, 13.890427895225887], [-87.67988147101029, 13.891438430184643], [-87.68084832697772, 13.89068252434765], [-87.68088831740897, 13.890427895225887]], [[-87.67607992639974, 13.89059266412914], [-87.67915963398569, 13.892002775690736], [-87.67923532231904, 13.891943601155027], [-87.67607992639974, 13.89059266412914]], [[-87.67551349418387, 13.889964696636179], [-87.67357687969523, 13.886552596902115], [-87.67211492119404, 13.886196914189627], [-87.67551349418387, 13.889964696636179]], [[-87.67158219956161, 13.886067307312915], [-87.67079321950985, 13.885875354829528], [-87.67040571223532, 13.88613709427392], [-87.67158219956161, 13.886067307312915]], [[-87.66869669368445, 13.887291440515588], [-87.66824117310739, 13.887599119133743], [-87.66831963651947, 13.887878470166658], [-87.66869669368445, 13.887291440515588]], [[-87.69289617706465, 13.853949930173663], [-87.69310861229891, 13.854858173083946], [-87.69332039823638, 13.854608937484981], [-87.69289617706465, 13.853949930173663]], [[-87.77432339769706, 13.954084796319988], [-87.77181263231934, 13.94895378858854], [-87.77181094223755, 13.9489798966805], [-87.77432339769706, 13.954084796319988]], [[-87.77240383059838, 13.939361498127498], [-87.77240822631039, 13.939294700434697], [-87.77231822422785, 13.939063224785999], [-87.77240383059838, 13.939361498127498]], [[-87.69980921647745, 13.982404670859232], [-87.69898632267538, 13.981700165617548], [-87.69975342563048, 13.98252111704389], [-87.69980921647745, 13.982404670859232]], [[-87.69692786241991, 13.974956010603593], [-87.6970415220994, 13.979618845507652], [-87.69694483090089, 13.974910474517142], [-87.69692786241991, 13.974956010603593]], [[-87.6989457967981, 13.970979872401408], [-87.69871420111276, 13.970162247787368], [-87.6969938520842, 13.97477892279811], [-87.6989457967981, 13.970979872401408]], [[-87.69710174802913, 13.96446964894543], [-87.6970295491625, 13.96439027184976], [-87.6972788685716, 13.965094954701755], [-87.69710174802913, 13.96446964894543]], [[-87.68951205003302, 13.956125360288071], [-87.6895200783705, 13.956141446446015], [-87.68987348970586, 13.9565227353831], [-87.68951205003302, 13.956125360288071]], [[-87.68160274248687, 13.95173455262024], [-87.68706970600016, 13.95124975402953], [-87.68152848999343, 13.951615615610779], [-87.68160274248687, 13.95173455262024]], [[-87.68001737627642, 13.94849761100116], [-87.6799003303483, 13.949007643405036], [-87.68091789049028, 13.950637562544642], [-87.68001737627642, 13.94849761100116]], [[-87.68128518191891, 13.94376141319144], [-87.68105005239582, 13.943997682707788], [-87.68087739266063, 13.944750054543363], [-87.68128518191891, 13.94376141319144]], [[-87.6853032868323, 13.940694641557167], [-87.68490400722033, 13.940125042511637], [-87.6818709421132, 13.94317281301914], [-87.6853032868323, 13.940694641557167]], [[-87.82872782888418, 14.010851698570006], [-87.82888065495526, 14.011172643603581], [-87.8289388037695, 14.007434684658012], [-87.82872782888418, 14.010851698570006]], [[-87.82724360316895, 14.004049296980584], [-87.82232268884734, 13.99422202184834], [-87.82585846921933, 14.002830635661079], [-87.82724360316895, 14.004049296980584]], [[-87.82220226502746, 13.993981530359743], [-87.81918933514226, 13.99112678122721], [-87.82225524188887, 13.994087327404499], [-87.82220226502746, 13.993981530359743]], [[-87.81858866677914, 13.98613691206465], [-87.81225785860762, 13.978964985547423], [-87.81859270837734, 13.986171977856133], [-87.81858866677914, 13.98613691206465]], [[-87.88365886219374, 14.173507357257938], [-87.88367057130115, 14.173489914354436], [-87.88377180086638, 14.17144175007022], [-87.88365886219374, 14.173507357257938]], [[-87.88388860174477, 14.169078533485175], [-87.88389023582715, 14.169045471314323], [-87.87962248627791, 14.155530190626033], [-87.88388860174477, 14.169078533485175]], [[-87.85601452337654, 14.119437034211177], [-87.86091142692601, 14.126560447102726], [-87.86102501620323, 14.126565898287298], [-87.85601452337654, 14.119437034211177]], [[-87.85576569299403, 14.118446725577797], [-87.85429677570929, 14.1082592863937], [-87.85459359582106, 14.113781949766079], [-87.85576569299403, 14.118446725577797]], [[-87.85428027832359, 14.107952334458261], [-87.85651713628933, 14.098991429994534], [-87.85427695796659, 14.107890555578626], [-87.85428027832359, 14.107952334458261]], [[-87.85747204815537, 14.095166031093939], [-87.85747564744801, 14.095151612244829], [-87.85644157914733, 14.093183728011411], [-87.85747204815537, 14.095166031093939]], [[-87.85333817427278, 14.087213738617146], [-87.85622256682636, 14.082266866609022], [-87.85332926709974, 14.087196603976084], [-87.85333817427278, 14.087213738617146]], [[-87.86827572611818, 14.046630054302087], [-87.86829306634728, 14.046604122048992], [-87.8593956719745, 14.03807325764068], [-87.86827572611818, 14.046630054302087]], [[-87.8570294212824, 14.035804485125428], [-87.85701952587621, 14.035794997362503], [-87.85625010913814, 14.035571242252985], [-87.8570294212824, 14.035804485125428]], [[-87.83799011823285, 14.030106150041984], [-87.83127035134062, 14.016191166825775], [-87.83788073223785, 14.030073411550907], [-87.83799011823285, 14.030106150041984]], [[-87.36046179585408, 13.523308601937078], [-87.36055294249022, 13.52334001113592], [-87.36043283046344, 13.523274497107366], [-87.36046179585408, 13.523308601937078]], [[-87.36006905505027, 13.521209045197425], [-87.35077794293842, 13.511906506288652], [-87.36041225378142, 13.523250269426658], [-87.36006905505027, 13.521209045197425]], [[-87.13199135941193, 13.46608121441251], [-87.13209990482221, 13.466094836357314], [-87.13197370639071, 13.465955871100887], [-87.13199135941193, 13.46608121441251]], [[-87.1311789188212, 13.460312570457683], [-87.13119691681304, 13.46044036319472], [-87.13119654802722, 13.460300654905083], [-87.1311789188212, 13.460312570457683]], [[-87.1408500744158, 13.453775851609851], [-87.13266677238747, 13.459306932573538], [-87.14086301219285, 13.453820530802107], [-87.1408500744158, 13.453775851609851]], [[-87.11331324792341, 13.410493501444911], [-87.11314467228523, 13.40950955045579], [-87.11011009843598, 13.407171589008232], [-87.11331324792341, 13.410493501444911]], [[-87.10992991955382, 13.406984729646268], [-87.10996417446174, 13.407020254621006], [-87.10962067762769, 13.405855914640828], [-87.10992991955382, 13.406984729646268]], [[-87.1099553653895, 13.3973855798901], [-87.1082391144362, 13.400812842761853], [-87.10828875530113, 13.400994045077812], [-87.1099553653895, 13.3973855798901]], [[-87.11626053738628, 13.392312742149024], [-87.11398813281151, 13.394141009434314], [-87.11629656389347, 13.392306084613068], [-87.11626053738628, 13.392312742149024]], [[-87.12161732540527, 13.38385592809582], [-87.12176387717251, 13.385317295080654], [-87.12178319934543, 13.38524796373925], [-87.12161732540527, 13.38385592809582]], [[-87.11685175230183, 13.381720330430666], [-87.12126840017102, 13.380927702224355], [-87.12126293284477, 13.38088181971257], [-87.11685175230183, 13.381720330430666]], [[-87.08609198290902, 13.400247167758128], [-87.0860986347527, 13.400244717503563], [-87.07715405275653, 13.401053702380782], [-87.08609198290902, 13.400247167758128]], [[-87.04170476220936, 13.395672719769593], [-87.050695208927, 13.404777994540702], [-87.05074604348381, 13.404735195003838], [-87.04170476220936, 13.395672719769593]], [[-87.03818338143016, 13.395859780508026], [-87.03912505096973, 13.395803795922951], [-87.03594206711922, 13.393764509379864], [-87.03818338143016, 13.395859780508026]], [[-87.02782654380175, 13.39211527599658], [-87.02782233947096, 13.392115651379438], [-87.03594206711922, 13.393764509379864], [-87.02782654380175, 13.39211527599658]], [[-87.0201996840682, 13.39280549711263], [-87.02451575592356, 13.392410879048754], [-87.02019072172631, 13.392797038886382], [-87.0201996840682, 13.39280549711263]], [[-87.01672781139838, 13.389898579459297], [-87.017094556812, 13.389917562793498], [-87.0170646005936, 13.389889517151369], [-87.01672781139838, 13.389898579459297]], [[-87.01065088795403, 13.390147829413795], [-87.01211967713961, 13.390022574920618], [-87.01066648011314, 13.390061677478306], [-87.01065088795403, 13.390147829413795]], [[-87.00535029361848, 13.39702908809382], [-87.00556765462078, 13.39684073551962], [-86.99986321364352, 13.395801627903628], [-87.00535029361848, 13.39702908809382]], [[-86.97548972097638, 13.3971737642193], [-86.9754785954846, 13.397186607519865], [-86.99986321364352, 13.395801627903628], [-86.97548972097638, 13.3971737642193]], [[-86.96908596139396, 13.403624881017063], [-86.96930229987223, 13.403405299549519], [-86.96337765299558, 13.39773745852813], [-86.96908596139396, 13.403624881017063]], [[-86.94838998760916, 13.390511021965665], [-86.94881423888008, 13.390592030585008], [-86.95145647295523, 13.386521747904986], [-86.94838998760916, 13.390511021965665]], [[-86.95235048221713, 13.385358706978316], [-86.95228242795258, 13.385447240619163], [-86.96157216172871, 13.38337544627932], [-86.95235048221713, 13.385358706978316]], [[-86.96372532923107, 13.37383227598986], [-86.96437836302653, 13.376208539393673], [-86.96378733362656, 13.373882272921893], [-86.96372532923107, 13.37383227598986]], [[-86.95469194338754, 13.367725412979519], [-86.962639122241, 13.372956418453906], [-86.95723557530275, 13.368599295594237], [-86.95469194338754, 13.367725412979519]], [[-86.95317686391252, 13.367204896781706], [-86.94926832033902, 13.36833559569332], [-86.95402144851575, 13.367495059755761], [-86.95317686391252, 13.367204896781706]], [[-86.9459040712873, 13.366833836507002], [-86.94909886780083, 13.36825995417512], [-86.94482526006038, 13.3653880290677], [-86.9459040712873, 13.366833836507002]], [[-86.93806924789125, 13.353444604774888], [-86.94007097550978, 13.3590164046349], [-86.94204448296458, 13.361661271214386], [-86.93806924789125, 13.353444604774888]], [[-86.92834349943895, 13.344598455645231], [-86.93713775369278, 13.35256965525845], [-86.92825151876505, 13.344222843259228], [-86.92834349943895, 13.344598455645231]], [[-86.92693811835441, 13.338859439827923], [-86.92706854669123, 13.339392057134535], [-86.92694463055587, 13.338798833517862], [-86.92693811835441, 13.338859439827923]], [[-86.92655472247448, 13.322744793549418], [-86.92848153504583, 13.323871169858158], [-86.92848871215475, 13.323801800746368], [-86.92655472247448, 13.322744793549418]], [[-87.3606835561827, 13.507013761156381], [-87.36067240737215, 13.507035645480018], [-87.36064674281188, 13.507638533805821], [-87.3606835561827, 13.507013761156381]], [[-87.36712404215436, 13.493612093615663], [-87.36690874079427, 13.487624909162367], [-87.3668448216929, 13.494191790189943], [-87.36712404215436, 13.493612093615663]], [[-87.3667766645013, 13.483952079935738], [-87.36473443487466, 13.480032114144077], [-87.36678597758937, 13.484211061932426], [-87.3667766645013, 13.483952079935738]], [[-87.36382872636389, 13.47829364833538], [-87.35951744274446, 13.474497139396483], [-87.3638832835584, 13.4783983683597], [-87.36382872636389, 13.47829364833538]], [[-87.35869231813946, 13.473473301150259], [-87.35885365633033, 13.473903992991335], [-87.35886196066457, 13.473911413580097], [-87.35869231813946, 13.473473301150259]], [[-87.3556602369994, 13.465642761991978], [-87.35518100317925, 13.46497292061703], [-87.35572857331543, 13.465819244801606], [-87.3556602369994, 13.465642761991978]], [[-87.34594003709091, 13.439959222242932], [-87.34088624507446, 13.444855742298836], [-87.34094111364642, 13.44492821535032], [-87.34594003709091, 13.439959222242932]], [[-87.35554320371607, 13.406208909962581], [-87.3555311118959, 13.406211238145548], [-87.35090081041027, 13.412707850079217], [-87.35554320371607, 13.406208909962581]], [[-87.36769281554366, 13.399946273605451], [-87.36766758707161, 13.3999456076465], [-87.36650377835242, 13.401650646206315], [-87.36769281554366, 13.399946273605451]], [[-87.02034700734254, 13.155078318148067], [-87.02032622256732, 13.155074552513213], [-87.02441785272856, 13.165038451357852], [-87.02034700734254, 13.155078318148067]], [[-86.9720479307546, 13.157802832454474], [-86.97202533644449, 13.15780024864995], [-86.9716164759063, 13.163379848672308], [-86.9720479307546, 13.157802832454474]], [[-86.9587183880569, 13.158622790773471], [-86.95881629721946, 13.155966524978972], [-86.9588014289505, 13.155948391990226], [-86.9587183880569, 13.158622790773471]], [[-86.95624586587537, 13.152831687778175], [-86.956118007939, 13.152821835361353], [-86.95854889232791, 13.155640404305252], [-86.95624586587537, 13.152831687778175]], [[-86.95229086746603, 13.152526925367924], [-86.95129307075435, 13.153728137429344], [-86.95232758895271, 13.152529755035001], [-86.95229086746603, 13.152526925367924]], [[-86.94989448021143, 13.15488352622367], [-86.95028807138307, 13.154892325313865], [-86.95031461520414, 13.154861577041002], [-86.94989448021143, 13.15488352622367]], [[-86.94386812455033, 13.150820420029532], [-86.94727822349363, 13.154825037414755], [-86.94761525167995, 13.15483257198774], [-86.94386812455033, 13.150820420029532]], [[-86.94369203643751, 13.150631877649671], [-86.94325437799368, 13.150496981520103], [-86.94371118077699, 13.150652376019881], [-86.94369203643751, 13.150631877649671]], [[-86.93977734268132, 13.148974932028798], [-86.93920538316196, 13.149119600406275], [-86.93945741247157, 13.149205335366585], [-86.93977734268132, 13.148974932028798]], [[-86.94460985631783, 13.145494712787809], [-86.94449262369895, 13.145397543333896], [-86.94411252686987, 13.145852873290616], [-86.94460985631783, 13.145494712787809]], [[-86.93086361871765, 13.134101003308984], [-86.94277375815905, 13.145150685595821], [-86.94441346771059, 13.145331934084217], [-86.93086361871765, 13.134101003308984]], [[-87.12842384120854, 13.022088624059434], [-87.12848089837874, 13.021861716250779], [-87.12770697383324, 13.02064814942643], [-87.12842384120854, 13.022088624059434]], [[-87.1269196811735, 13.028011548703045], [-87.12692550871634, 13.028047267666551], [-87.12695889877801, 13.027914480398982], [-87.1269196811735, 13.028011548703045]], [[-87.12875446218918, 13.03925753659757], [-87.12926549232883, 13.039684413140009], [-87.12874307745616, 13.039187755752579], [-87.12875446218918, 13.03925753659757]], [[-87.1149651332238, 13.062373828083532], [-87.11758194059466, 13.061364392631715], [-87.11758251140161, 13.061353934959817], [-87.1149651332238, 13.062373828083532]], [[-87.1076895564016, 13.06323828677189], [-87.10604812517855, 13.062898727399514], [-87.10759662237481, 13.063451628452396], [-87.1076895564016, 13.06323828677189]], [[-87.10405646882181, 13.068544653286212], [-87.10644900627075, 13.066086124736449], [-87.10750554350123, 13.063660711396746], [-87.10405646882181, 13.068544653286212]], [[-87.10245591664513, 13.068359711888217], [-87.10389820573575, 13.068707281593513], [-87.10395870336045, 13.068645115319967], [-87.10245591664513, 13.068359711888217]], [[-87.10142980137537, 13.069919851479588], [-87.10176603461191, 13.07024087532491], [-87.10245591664513, 13.068359711888217], [-87.10142980137537, 13.069919851479588]], [[-87.09923945727935, 13.067335753449234], [-87.09878018567449, 13.06739009020525], [-87.0999004240251, 13.068459654971353], [-87.09923945727935, 13.067335753449234]], [[-87.09658447795043, 13.067649865975449], [-87.0939542066793, 13.070534436421578], [-87.09851601655006, 13.067421344245579], [-87.09658447795043, 13.067649865975449]], [[-87.09075399720481, 13.074044047682168], [-87.0907644384168, 13.074137383275737], [-87.09092345224057, 13.07385820944052], [-87.09075399720481, 13.074044047682168]], [[-87.09095849277887, 13.079111088917914], [-87.09125349589124, 13.07859574376078], [-87.09125223743435, 13.078585477501573], [-87.09095849277887, 13.079111088917914]], [[-87.0889093693065, 13.082777683936552], [-87.08976827668721, 13.085465858463001], [-87.08893617078998, 13.082729726755302], [-87.0889093693065, 13.082777683936552]], [[-87.08946546835293, 13.08748730392734], [-87.09010014712965, 13.086557115289098], [-87.09009528805638, 13.086541137677951], [-87.08946546835293, 13.08748730392734]], [[-87.08842067881426, 13.089056871525496], [-87.09050886466241, 13.096678018964722], [-87.08842892662823, 13.089044480990305], [-87.08842067881426, 13.089056871525496]], [[-87.08245095740602, 13.105396746874758], [-87.07993470294115, 13.113135204799049], [-87.08281574757324, 13.105087898255785], [-87.08245095740602, 13.105396746874758]], [[-87.07986576490873, 13.113347215973056], [-87.08167955973492, 13.117900765924007], [-87.0798741468396, 13.113321438286333], [-87.07986576490873, 13.113347215973056]], [[-87.08095620199836, 13.146106216808882], [-87.08097597640445, 13.14611236129048], [-87.08167955973492, 13.117900765924007], [-87.08095620199836, 13.146106216808882]], [[-87.09379956406349, 13.150097021970401], [-87.09378243225449, 13.150067069552808], [-87.09122246007927, 13.149296241004338], [-87.09379956406349, 13.150097021970401]], [[-87.09476285737874, 13.15272015641879], [-87.09510944531404, 13.152387154331574], [-87.09409075771707, 13.150606130722924], [-87.09476285737874, 13.15272015641879]], [[-87.03717518832366, 13.179991202025978], [-87.03711783510374, 13.17994673877468], [-87.03721264552114, 13.180166070314229], [-87.03717518832366, 13.179991202025978]], [[-87.09809042326476, 13.212517339539446], [-87.09807540766383, 13.21238503815444], [-87.09190367301177, 13.215293401682539], [-87.09809042326476, 13.212517339539446]], [[-87.13408548628395, 13.044266758954592], [-87.13356356026182, 13.04377056631508], [-87.13446245050326, 13.045317393171104], [-87.13408548628395, 13.044266758954592]], [[-87.13649326679777, 13.050977466401287], [-87.13615824300034, 13.050043724027628], [-87.13633933916326, 13.051577286157], [-87.13649326679777, 13.050977466401287]], [[-87.13471035980605, 13.065496150616045], [-87.13421291976682, 13.060846008222976], [-87.13405555650525, 13.061456974902494], [-87.13471035980605, 13.065496150616045]], [[-87.13863244776486, 13.069352815260357], [-87.13499086099755, 13.067226431448395], [-87.1350085215889, 13.06733537138745], [-87.13863244776486, 13.069352815260357]], [[-87.14502094376526, 13.06676025637707], [-87.13962352320527, 13.069904548098656], [-87.13964767459538, 13.069917993205323], [-87.14502094376526, 13.06676025637707]], [[-87.22010039583772, 13.150041929060635], [-87.21335887199407, 13.142431471516584], [-87.22001612036358, 13.15007533441221], [-87.22010039583772, 13.150041929060635]], [[-87.18922631362129, 13.186060585805572], [-87.18808765615513, 13.1946146340511], [-87.18875220414314, 13.19548964622859], [-87.18922631362129, 13.186060585805572]], [[-87.19217157463721, 13.199991940834382], [-87.19640589617562, 13.202909349899079], [-87.19001985994952, 13.197158772141965], [-87.19217157463721, 13.199991940834382]], [[-87.19742676417623, 13.204818945474749], [-87.19694788048567, 13.203923164456807], [-87.19668077603349, 13.207851547190518], [-87.19742676417623, 13.204818945474749]], [[-87.19396353125883, 13.208142473604514], [-87.19351989522751, 13.208955698647417], [-87.19666396761079, 13.207919877031976], [-87.19396353125883, 13.208142473604514]], [[-87.19386332661045, 13.210706489865363], [-87.19333836100716, 13.20928846732196], [-87.19319860092575, 13.209544660214728], [-87.19386332661045, 13.210706489865363]], [[-87.19440043148191, 13.211200863545459], [-87.19410452354704, 13.211128061889758], [-87.19412685877064, 13.211167100136109], [-87.19440043148191, 13.211200863545459]], [[-87.19827485031537, 13.212154079301856], [-87.1978849242852, 13.212058146556389], [-87.19774978854768, 13.212933154123332], [-87.19827485031537, 13.212154079301856]], [[-87.19483878118078, 13.215652806538795], [-87.1933699111797, 13.218987048753924], [-87.19688466408161, 13.214216806315184], [-87.19483878118078, 13.215652806538795]], [[-87.08622283011377, 13.237554929001353], [-87.08236592394107, 13.23582179259568], [-87.08987411548352, 13.241540793063276], [-87.08622283011377, 13.237554929001353]], [[-87.07099673786288, 13.242997556507515], [-87.08161188723756, 13.236035404826035], [-87.08089038486705, 13.2362398003546], [-87.07099673786288, 13.242997556507515]], [[-87.08003882858104, 13.332050569974847], [-87.07984354578146, 13.329641921836126], [-87.08003107678998, 13.332064322678564], [-87.08003882858104, 13.332050569974847]], [[-87.06048306012899, 13.352693288204453], [-87.06113174743794, 13.349618196166162], [-87.06111833652038, 13.349625459355828], [-87.06048306012899, 13.352693288204453]], [[-87.05727358158808, 13.35602846627866], [-87.0572406710296, 13.356136822829333], [-87.06048306012899, 13.352693288204453], [-87.05727358158808, 13.35602846627866]], [[-87.05514808546413, 13.366083773368448], [-87.05720041343983, 13.356269369153962], [-87.0547384510688, 13.364375270809601], [-87.05514808546413, 13.366083773368448]], [[-87.0563826567581, 13.369363172298524], [-87.0559419268191, 13.36939472577327], [-87.05579171367319, 13.369486796290369], [-87.0563826567581, 13.369363172298524]], [[-87.06354517311745, 13.368850381450727], [-87.06321107211699, 13.36887430096821], [-87.06367787420419, 13.369000510023096], [-87.06354517311745, 13.368850381450727]], [[-87.06938721850409, 13.374034531283069], [-87.06806577729547, 13.373865726889852], [-87.0681536589847, 13.373969501714594], [-87.06938721850409, 13.374034531283069]], [[-87.07878441018629, 13.365798777216867], [-87.07159191239168, 13.37415075615092], [-87.07180093104718, 13.374161774989295], [-87.07878441018629, 13.365798777216867]], [[-87.08316568805037, 13.362343130128142], [-87.08532364785539, 13.357703610447905], [-87.08315794427082, 13.36234567107406], [-87.08316568805037, 13.362343130128142]], [[-87.0902365091033, 13.357849513704618], [-87.09006990092415, 13.357781089299069], [-87.09038322138136, 13.359087619006814], [-87.0902365091033, 13.357849513704618]], [[-87.09198102496259, 13.357156471351407], [-87.0918568231118, 13.357644987775318], [-87.09500249446266, 13.357605218340879], [-87.09198102496259, 13.357156471351407]], [[-87.10054909904672, 13.355790053998252], [-87.09912935938358, 13.354695338210083], [-87.0991134251298, 13.354706573559286], [-87.10054909904672, 13.355790053998252]], [[-87.11373610837637, 13.348089096612433], [-87.10253854135235, 13.354658402555417], [-87.11365375997407, 13.348335749641546], [-87.11373610837637, 13.348089096612433]], [[-87.11436552676018, 13.345426592213432], [-87.11436771870827, 13.346197273611423], [-87.1145433572767, 13.345671194371006], [-87.11436552676018, 13.345426592213432]], [[-87.11050304308117, 13.340154791737548], [-87.11137632970133, 13.341315014153963], [-87.11052935187162, 13.340150013856933], [-87.11050304308117, 13.340154791737548]], [[-87.1232789304437, 13.334217011388098], [-87.12149963569829, 13.338090821963021], [-87.12164843396262, 13.338063131371415], [-87.1232789304437, 13.334217011388098]], [[-87.12812302322996, 13.332444541024511], [-87.12812295585985, 13.332435416721841], [-87.1232789304437, 13.334217011388098], [-87.12812302322996, 13.332444541024511]], [[-87.14099321097947, 13.309500286317459], [-87.14176154716722, 13.310922361209736], [-87.14179418289514, 13.310879901073905], [-87.14099321097947, 13.309500286317459]], [[-87.14063480396081, 13.308836928752658], [-87.14064092812252, 13.30884826365624], [-87.14064979373153, 13.308808227493428], [-87.14063480396081, 13.308836928752658]], [[-87.14173514267839, 13.303667096809123], [-87.14175277549408, 13.303827277243851], [-87.14178969087001, 13.303660571268141], [-87.14173514267839, 13.303667096809123]], [[-87.1294139409909, 13.275508626167634], [-87.13395834182253, 13.289879460461508], [-87.12946897944066, 13.275544810090919], [-87.1294139409909, 13.275508626167634]], [[-87.1086023048199, 13.26149129471292], [-87.11124564859617, 13.264489844070832], [-87.11743969547872, 13.267636398970716], [-87.1104860058117, 13.26306483537116], [-87.1086023048199, 13.26149129471292]], [[-87.09312512098491, 13.24453344998619], [-87.09782027462064, 13.252465321424145], [-87.09787975691707, 13.25250969191573], [-87.09513918111577, 13.246387458228027], [-87.09312512098491, 13.24453344998619]], [[-87.09445249901138, 13.234783811051894], [-87.08719268519968, 13.237320053654859], [-87.0971030823496, 13.234919996163471], [-87.09445249901138, 13.234783811051894]], [[-87.09875789655788, 13.234519240353448], [-87.10165692043468, 13.22810308604616], [-87.10140743612699, 13.227420473102452], [-87.09875789655788, 13.234519240353448]], [[-87.09911765307423, 13.221400118911449], [-87.09971916485735, 13.222801201326034], [-87.09908331918277, 13.221061466704233], [-87.09911765307423, 13.221400118911449]], [[-87.37177872179299, 13.39730201152246], [-87.37166694028708, 13.395403681343478], [-87.37161595162344, 13.397167229806099], [-87.37177872179299, 13.39730201152246]], [[-87.37163526700253, 13.394865789574792], [-87.37163374480531, 13.394839938850073], [-87.37043068176361, 13.394921601058886], [-87.37163526700253, 13.394865789574792]], [[-87.36601559489812, 13.395126163212232], [-87.36926512786481, 13.393232996750676], [-87.36573798685951, 13.395139025495556], [-87.36601559489812, 13.395126163212232]], [[-87.36976727071571, 13.392940450094278], [-87.36978097294745, 13.392932467222328], [-87.36921116205929, 13.39176231564025], [-87.36976727071571, 13.392940450094278]], [[-87.28697492639228, 13.365351749117112], [-87.28506316016592, 13.35967801955518], [-87.28692554576337, 13.365362469705582], [-87.28697492639228, 13.365351749117112]], [[-87.28570787392809, 13.357338314755987], [-87.28571088467541, 13.35732738857389], [-87.28556254241553, 13.357095059994334], [-87.28570787392809, 13.357338314755987]], [[-87.27876577658381, 13.346450197548373], [-87.27835187921822, 13.345801965634466], [-87.27370241689252, 13.343112867228115], [-87.27876577658381, 13.346450197548373]], [[-87.27142904522056, 13.341798022690861], [-87.26138387328369, 13.343195460312964], [-87.2715989439944, 13.34189628663839], [-87.27142904522056, 13.341798022690861]], [[-87.25729694260578, 13.330627384972994], [-87.25790711968205, 13.32386398678019], [-87.25729531836382, 13.33061593950968], [-87.25729694260578, 13.330627384972994]], [[-87.2596191624529, 13.31849807903042], [-87.26623098232595, 13.316472227750708], [-87.25960987393465, 13.318455996893965], [-87.2596191624529, 13.31849807903042]], [[-87.30909979832764, 13.22109801023079], [-87.32492212034347, 13.21888220091089], [-87.3249501475439, 13.218837819176624], [-87.30909979832764, 13.22109801023079]], [[-87.3289599758321, 13.212488161313567], [-87.32942681756325, 13.211748906398915], [-87.3294197938146, 13.211750967177604], [-87.3289599758321, 13.212488161313567]], [[-87.33080409754044, 13.211344810329573], [-87.33340014695467, 13.2106132421802], [-87.3334159494228, 13.210578488959296], [-87.33080409754044, 13.211344810329573]], [[-87.33611032063807, 13.204652953957618], [-87.34068014088996, 13.201713760621617], [-87.34057210490788, 13.201401365065017], [-87.33611032063807, 13.204652953957618]], [[-87.33980884403715, 13.199194329039225], [-87.33628852133005, 13.19980644698214], [-87.33679724047515, 13.200174892795998], [-87.33980884403715, 13.199194329039225]], [[-87.33574626543336, 13.199413711782181], [-87.33380038249202, 13.196155271299837], [-87.3352596765921, 13.199061294100717], [-87.33574626543336, 13.199413711782181]], [[-87.33353554748459, 13.195627881673573], [-87.3320917653482, 13.184372123664167], [-87.33316830696376, 13.194896562793506], [-87.33353554748459, 13.195627881673573]], [[-87.33204461664658, 13.1840045513259], [-87.33204208904385, 13.183984846078133], [-87.33068947067427, 13.183915564242177], [-87.33204461664658, 13.1840045513259]], [[-87.3297470150629, 13.183853676904498], [-87.32410661509051, 13.177876615205143], [-87.32974146355659, 13.183853312359004], [-87.3297470150629, 13.183853676904498]], [[-87.32664712536236, 13.135330544371744], [-87.32691980624038, 13.130256198915767], [-87.32690556430023, 13.130254261781461], [-87.32664712536236, 13.135330544371744]], [[-87.31598291302369, 13.134136682353647], [-87.31409363927949, 13.126758007673597], [-87.31406638016499, 13.126736696125368], [-87.31598291302369, 13.134136682353647]], [[-87.30845193200571, 13.121049078487315], [-87.30813565764444, 13.120348371032254], [-87.30809509317744, 13.120689772329612], [-87.30845193200571, 13.121049078487315]], [[-87.31046569663324, 13.117178027040927], [-87.30837071921171, 13.118370030628636], [-87.30817000775195, 13.120059271430188], [-87.31046569663324, 13.117178027040927]], [[-87.31363956007829, 13.117593791408263], [-87.31795597418257, 13.11824307642749], [-87.31800033739216, 13.118165037100583], [-87.31363956007829, 13.117593791408263]], [[-87.32900612820373, 13.109452272414872], [-87.3215813545637, 13.112395952213985], [-87.32136798900886, 13.1127450862823], [-87.32900612820373, 13.109452272414872]], [[-87.04936275007792, 13.373405315942241], [-87.04938921265446, 13.373382365838253], [-87.04414358526769, 13.374053952547406], [-87.04936275007792, 13.373405315942241]], [[-87.37735941130545, 13.785801626591907], [-87.37737643270319, 13.785828686734574], [-87.37738800233649, 13.784684231014504], [-87.37735941130545, 13.785801626591907]], [[-87.37751364805405, 13.779773741114745], [-87.37750920062716, 13.779947555593044], [-87.38115865793611, 13.777470986574684], [-87.37751364805405, 13.779773741114745]], [[-87.38356184558616, 13.77584015229562], [-87.38198822351123, 13.772231434727793], [-87.38337568998556, 13.775966479898331], [-87.38356184558616, 13.77584015229562]], [[-87.38700403530837, 13.76912004772492], [-87.38317422090351, 13.771495741878649], [-87.38718214767283, 13.769325341913047], [-87.38700403530837, 13.76912004772492]], [[-87.37751269777068, 13.764223690351312], [-87.38669725148304, 13.768766445455164], [-87.38520597941876, 13.767047589559747], [-87.37751269777068, 13.764223690351312]], [[-87.37611091700711, 13.761668897895472], [-87.37608638033527, 13.761697487221545], [-87.37751269777068, 13.764223690351312], [-87.37611091700711, 13.761668897895472]], [[-87.38356192820449, 13.754279247454486], [-87.38118537116597, 13.754804692809975], [-87.37629442695098, 13.76145507812174], [-87.38356192820449, 13.754279247454486]], [[-87.38138864384415, 13.751166643581291], [-87.38137133179193, 13.751476484032048], [-87.38819582062274, 13.744676262937771], [-87.38138864384415, 13.751166643581291]], [[-87.39403703318179, 13.733359435850238], [-87.38897283200107, 13.738916379406504], [-87.39313852443341, 13.73539580848055], [-87.39403703318179, 13.733359435850238]], [[-87.39359358849696, 13.718301069013089], [-87.39422847495261, 13.732925553839529], [-87.39460823961208, 13.732064858426265], [-87.39359358849696, 13.718301069013089]], [[-87.3672356995544, 13.699516399260666], [-87.36967617869118, 13.699831803573048], [-87.36927866204687, 13.699482427037626], [-87.3672356995544, 13.699516399260666]], [[-87.36187141049459, 13.69882312560107], [-87.36246669624676, 13.698900059548386], [-87.36099922654009, 13.69675375696384], [-87.36187141049459, 13.69882312560107]], [[-87.36300191885663, 13.692372176572619], [-87.36299307583512, 13.69176498241533], [-87.36099922654009, 13.69675375696384], [-87.36300191885663, 13.692372176572619]], [[-87.38602179741775, 13.753127213077912], [-87.38487058642464, 13.753666361513774], [-87.39421011893548, 13.75332355201796], [-87.38602179741775, 13.753127213077912]], [[-87.35968678337565, 13.684180379156446], [-87.36001579613915, 13.68574866829634], [-87.36297569873227, 13.690571807061598], [-87.35968678337565, 13.684180379156446]], [[-87.36066690853457, 13.681749895237848], [-87.36085172653983, 13.681510647065538], [-87.36075581305217, 13.68152943257721], [-87.36066690853457, 13.681749895237848]], [[-87.36166769390978, 13.681350832581405], [-87.36493020506875, 13.681207982176371], [-87.36528259778936, 13.68064282142803], [-87.36166769390978, 13.681350832581405]], [[-87.36579034032889, 13.679828513592453], [-87.36588955004449, 13.679669402935994], [-87.36669449016591, 13.675357297472528], [-87.36579034032889, 13.679828513592453]], [[-87.36706252186285, 13.673385732819678], [-87.36707034465573, 13.673343825717499], [-87.36591024928406, 13.67000805958589], [-87.36706252186285, 13.673385732819678]], [[-87.36397019339937, 13.664321145782342], [-87.3672264686065, 13.659214126541062], [-87.36395432654784, 13.664274635051537], [-87.36397019339937, 13.664321145782342]], [[-87.36680518976019, 13.651096372002096], [-87.37218279218543, 13.649217441311622], [-87.36681215969904, 13.651021430875623], [-87.36680518976019, 13.651096372002096]], [[-87.37665893659364, 13.641900284423818], [-87.37669156331545, 13.641846949495264], [-87.3711293448511, 13.635546169174928], [-87.37665893659364, 13.641900284423818]], [[-87.37032516477187, 13.63214186905843], [-87.37460476445217, 13.628005450239499], [-87.37463150723435, 13.62793961131086], [-87.37032516477187, 13.63214186905843]], [[-87.37479567734985, 13.627535435543201], [-87.376598013868, 13.623098204421115], [-87.37634239832528, 13.6226978133708], [-87.37479567734985, 13.627535435543201]], [[-87.37100966983861, 13.618469100705408], [-87.3760489188521, 13.62223811302059], [-87.37495295421196, 13.620521416028339], [-87.37100966983861, 13.618469100705408]], [[-87.37083596920625, 13.617960140376788], [-87.37022987195226, 13.616024354670044], [-87.37018094155798, 13.616040843465884], [-87.37083596920625, 13.617960140376788]], [[-87.3609748788496, 13.618642268157318], [-87.36058150323848, 13.618339288365911], [-87.3607265440521, 13.618713664018609], [-87.3609748788496, 13.618642268157318]], [[-87.35823117120158, 13.6126960708493], [-87.3581998206377, 13.612581074810166], [-87.3577602935296, 13.612471374515955], [-87.35823117120158, 13.6126960708493]], [[-87.34579388500482, 13.609484713371268], [-87.33683160302395, 13.614151932098965], [-87.33700185426729, 13.61406420932854], [-87.34579388500482, 13.609484713371268]], [[-87.2224944604197, 13.614378495866596], [-87.22247222089398, 13.614360213553887], [-87.21925381755193, 13.613750837341815], [-87.2224944604197, 13.614378495866596]], [[-87.20835993546692, 13.61496922419226], [-87.21740001409768, 13.613399836051169], [-87.20774336712485, 13.614804194195568], [-87.20835993546692, 13.61496922419226]], [[-87.20067672032704, 13.612912743373194], [-87.19608382609228, 13.602596905594796], [-87.20053787320055, 13.61287557970574], [-87.20067672032704, 13.612912743373194]], [[-87.19217826193125, 13.600950971110207], [-87.19223399006253, 13.601015249586466], [-87.19608382609228, 13.602596905594796], [-87.19217826193125, 13.600950971110207]], [[-87.19181944644787, 13.600537102710227], [-87.18427602246659, 13.59143430831941], [-87.18416459092954, 13.591707765760715], [-87.19181944644787, 13.600537102710227]], [[-87.18741134260672, 13.583465092850236], [-87.18748061684107, 13.583306116405419], [-87.18466839043401, 13.578819742140684], [-87.18741134260672, 13.583465092850236]], [[-87.18440560281408, 13.578374695862124], [-87.18518421578452, 13.568489733400225], [-87.18481301214048, 13.566993222872904], [-87.18440560281408, 13.578374695862124]], [[-87.18254669491783, 13.56197989314164], [-87.18381438123947, 13.562967234226958], [-87.18643547621274, 13.563666666949143], [-87.18254669491783, 13.56197989314164]], [[-87.17730847175564, 13.55790008818218], [-87.18191962976385, 13.561491501668828], [-87.1704102725228, 13.549670636372278], [-87.17730847175564, 13.55790008818218]], [[-87.16923412413131, 13.549331903055128], [-87.1682452962354, 13.549047118451671], [-87.16776247849063, 13.549284902007336], [-87.16923412413131, 13.549331903055128]], [[-87.162314584124, 13.551967942776667], [-87.160739868097, 13.552743476774987], [-87.16126463147872, 13.55275795241507], [-87.162314584124, 13.551967942776667]], [[-87.15831871517668, 13.552676689076986], [-87.15440073072858, 13.552375719505244], [-87.15509603077112, 13.55258779106851], [-87.15831871517668, 13.552676689076986]], [[-87.15291393234004, 13.551922235197424], [-87.14877531802806, 13.548383553073181], [-87.1515049270696, 13.55149247835567], [-87.15291393234004, 13.551922235197424]], [[-87.11095720341048, 13.553423445987988], [-87.11183263207697, 13.551759248368874], [-87.11074078274014, 13.553463221907062], [-87.11095720341048, 13.553423445987988]], [[-87.06313981067669, 13.605419709977332], [-87.05303733682494, 13.598378981412852], [-87.05098573927539, 13.597676323020123], [-87.05083913226439, 13.597974798836903], [-87.06313981067669, 13.605419709977332]], [[-87.04926327750178, 13.582136467575548], [-87.04925999807305, 13.582089963751974], [-87.04852281357655, 13.581748246309783], [-87.04926327750178, 13.582136467575548]], [[-87.0463644695391, 13.580747758904856], [-87.04616454263345, 13.580655083989488], [-87.04564341227834, 13.581247485019322], [-87.0463644695391, 13.580747758904856]], [[-87.02289410377652, 13.600092314048428], [-87.01937260299874, 13.600713685009211], [-87.02161829760395, 13.6010037112815], [-87.02289410377652, 13.600092314048428]], [[-87.0108922448414, 13.599618466336844], [-86.99989921166824, 13.597636372953618], [-87.00006780961058, 13.598220515523606], [-87.0108922448414, 13.599618466336844]], [[-87.00354890669334, 13.582887435009821], [-87.00363798964624, 13.582687074117773], [-87.00248160516679, 13.576443342915507], [-87.00354890669334, 13.582887435009821]], [[-87.00519800164301, 13.575732342465127], [-86.99985733708063, 13.576399271577019], [-86.99983240393746, 13.576461113679308], [-87.00248160516679, 13.576443342915507], [-87.00519800164301, 13.575732342465127]], [[-87.01065737803971, 13.569154982558132], [-87.0106511866735, 13.569130448327725], [-87.00519800164301, 13.575732342465127], [-87.01065737803971, 13.569154982558132]], [[-86.93175096347197, 13.636661417570549], [-86.93174086809869, 13.636683094502029], [-86.93179875669236, 13.636846749091575], [-86.93175096347197, 13.636661417570549]], [[-86.93362685582319, 13.643935712542245], [-86.93128637998576, 13.651692074602266], [-86.93385155714971, 13.6448070545084], [-86.93362685582319, 13.643935712542245]], [[-86.93124649978998, 13.661104683686013], [-86.93134346513905, 13.66111303361487], [-86.93128637998576, 13.651692074602266], [-86.93124649978998, 13.661104683686013]], [[-86.9309108470761, 13.661075779790874], [-86.92686119801809, 13.659451712859227], [-86.92865707290218, 13.660881701656855], [-86.9309108470761, 13.661075779790874]], [[-86.92661801386538, 13.65925807430612], [-86.92509294006837, 13.652075708924643], [-86.92654125670174, 13.659196955413528], [-86.92661801386538, 13.65925807430612]], [[-86.91590573742323, 13.649850627687155], [-86.90482059125134, 13.649928005021529], [-86.90479221218175, 13.64993776677637], [-86.91590573742323, 13.649850627687155]], [[-86.88876448341615, 13.655450941138302], [-86.88778128969064, 13.655789137430466], [-86.89722657284933, 13.66118173209015], [-86.88876448341615, 13.655450941138302]], [[-86.88238282170487, 13.647563618884796], [-86.88214364220826, 13.6474045182038], [-86.86766114009009, 13.653827416585667], [-86.88238282170487, 13.647563618884796]], [[-86.88319034257024, 13.641649451973064], [-86.88329860158242, 13.641366386451171], [-86.88323677250327, 13.641394166554889], [-86.88319034257024, 13.641649451973064]], [[-86.88649301734172, 13.63993112003097], [-86.88739975856471, 13.63954694018604], [-86.88739287244675, 13.639526810788649], [-86.88649301734172, 13.63993112003097]], [[-86.88510339292773, 13.632834238382078], [-86.88781888104138, 13.630626893756977], [-86.88790025719547, 13.629146644032339], [-86.88510339292773, 13.632834238382078]], [[-86.88791536715132, 13.62887179068932], [-86.88792699723606, 13.628660236949528], [-86.88477161442079, 13.62586245831087], [-86.88791536715132, 13.62887179068932]], [[-86.8749293863465, 13.61761563771757], [-86.86585745250893, 13.608873778392079], [-86.86584576810944, 13.608896365440998], [-86.8749293863465, 13.61761563771757]], [[-86.86490171379094, 13.610721311692835], [-86.86334000351563, 13.613740245304566], [-86.86353408416696, 13.613534958339251], [-86.86490171379094, 13.610721311692835]], [[-86.82976905050309, 13.621613799327495], [-86.82191820328369, 13.619900681915679], [-86.82209730664962, 13.620078015511162], [-86.82976905050309, 13.621613799327495]], [[-86.82291016187371, 13.544552939756723], [-86.82294554228518, 13.54454360418713], [-86.82601515139301, 13.538502076974758], [-86.82291016187371, 13.544552939756723]], [[-86.79273300528617, 13.56012489117373], [-86.79281622843962, 13.560111686912965], [-86.8009432401732, 13.550349190216071], [-86.79273300528617, 13.56012489117373]], [[-87.19851659997913, 13.56133152527211], [-87.20368742753651, 13.5584712802984], [-87.19732169410518, 13.561066105120174], [-87.19851659997913, 13.56133152527211]], [[-87.19584270966944, 13.562244657354396], [-87.1959792809772, 13.561613304738744], [-87.19423518156009, 13.562324241272295], [-87.19584270966944, 13.562244657354396]], [[-87.18907910869251, 13.564592960120843], [-87.18972316487775, 13.56416344692077], [-87.18885882076663, 13.564515774202183], [-87.18907910869251, 13.564592960120843]], [[-87.11145682022892, 13.543356197857037], [-87.11285209766424, 13.549821235292493], [-87.1130069185996, 13.549526919328365], [-87.11145682022892, 13.543356197857037]], [[-87.11290420253599, 13.534719620555839], [-87.11312716104763, 13.535410174481141], [-87.11319360716377, 13.535094081869273], [-87.11290420253599, 13.534719620555839]], [[-87.10685757229636, 13.526879599638628], [-87.10686660982827, 13.526889367203086], [-87.10691020026837, 13.526424427187397], [-87.10685757229636, 13.526879599638628]], [[-87.09977949720066, 13.508935633226267], [-87.1077732827676, 13.51721870249755], [-87.10778569603693, 13.517086301319146], [-87.09977949720066, 13.508935633226267]], [[-87.0853935501487, 13.503726702583787], [-87.08871706825937, 13.505761386242174], [-87.09977949720066, 13.508935633226267], [-87.0853935501487, 13.503726702583787]], [[-87.08103735251119, 13.502535162949878], [-87.08181764464936, 13.502431922082874], [-87.08106514391312, 13.502159453115114], [-87.08103735251119, 13.502535162949878]], [[-87.08028413329892, 13.511115076934466], [-87.08029183096485, 13.510962657477824], [-87.07218865372307, 13.504463607870466], [-87.08028413329892, 13.511115076934466]], [[-87.07025913640734, 13.502916063200143], [-87.0666915798472, 13.50155444862664], [-87.06667579228919, 13.50156214575724], [-87.07025913640734, 13.502916063200143]], [[-87.05983056809451, 13.50655545710212], [-87.06662410802333, 13.501587344115597], [-87.06277380027277, 13.50346453890343], [-87.05983056809451, 13.50655545710212]], [[-87.05980112554288, 13.506576988428156], [-87.05981719771941, 13.506565234851992], [-87.05946545470712, 13.506616478496714], [-87.05980112554288, 13.506576988428156]], [[-87.05468275959518, 13.516020693689448], [-87.0569622272813, 13.506981160927879], [-87.0569233142185, 13.506986829973448], [-87.05468275959518, 13.516020693689448]], [[-87.02600473303599, 13.524655369945918], [-87.0367365872477, 13.521894747413738], [-87.0260293593878, 13.524509340366404], [-87.02600473303599, 13.524655369945918]], [[-87.02595057802932, 13.53035978180497], [-87.02588304282878, 13.525376969715284], [-87.02426444249569, 13.534974961647137], [-87.02595057802932, 13.53035978180497]], [[-87.02557896383414, 13.539167104053965], [-87.02550031374734, 13.538916280918194], [-87.0249079090532, 13.53924490137813], [-87.02557896383414, 13.539167104053965]], [[-86.98377187811896, 13.519320760628942], [-87.02132088206767, 13.539660755804784], [-87.02272754335047, 13.539497677488502], [-86.98377187811896, 13.519320760628942]], [[-87.11415741562115, 13.415420783050546], [-87.1141869834048, 13.415920480934716], [-87.1142373566669, 13.415887387074026], [-87.11415741562115, 13.415420783050546]], [[-87.10491210424331, 13.430106407040125], [-87.10232188097054, 13.431522388559259], [-87.10490594724848, 13.43034467640899], [-87.10491210424331, 13.430106407040125]], [[-87.08884428414669, 13.445166915660147], [-87.09771932615045, 13.44055762642479], [-87.09774077256338, 13.440515525146317], [-87.08884428414669, 13.445166915660147]], [[-87.01023731785341, 13.548088273105233], [-87.01420748409502, 13.545054529991766], [-87.0102419770217, 13.548061398126045], [-87.01023731785341, 13.548088273105233]], [[-87.11663934924424, 13.65083098841631], [-87.11101848563064, 13.649785116672469], [-87.11191846212937, 13.65067153209887], [-87.11663934924424, 13.65083098841631]], [[-87.10728224000732, 13.649089915010569], [-87.10741279767302, 13.649144245510588], [-87.1075122833206, 13.649132719073746], [-87.10728224000732, 13.649089915010569]], [[-87.09659445971592, 13.64408524091245], [-87.10034714865861, 13.64620393371915], [-87.10696583159275, 13.648958244248211], [-87.09659445971592, 13.64408524091245]], [[-87.0950395385931, 13.643207363676096], [-87.09075646299895, 13.638280906866424], [-87.09067511275833, 13.638243782811568], [-87.0950395385931, 13.643207363676096]], [[-87.07815012554659, 13.628762510683766], [-87.08320054619698, 13.636457012903092], [-87.08322289430656, 13.636454813968834], [-87.07815012554659, 13.628762510683766]], [[-87.06347345816098, 13.605652239297138], [-87.06346277530622, 13.605644794083041], [-87.06902583429515, 13.61317171536419], [-87.06347345816098, 13.605652239297138]], [[-87.35475811732869, 13.68614081806415], [-87.35138102213767, 13.6858153186582], [-87.33003587545139, 13.68792018377735], [-87.33018117253988, 13.687973916573942], [-87.35475811732869, 13.68614081806415]], [[-87.31098392066744, 13.69015532001002], [-87.3160103715073, 13.691040737753962], [-87.31631580627224, 13.690885198560196], [-87.31098392066744, 13.69015532001002]], [[-87.29952220975385, 13.684356782157778], [-87.30039919672207, 13.68505164685645], [-87.31098392066744, 13.69015532001002], [-87.29952220975385, 13.684356782157778]], [[-87.29877476352029, 13.682645932712644], [-87.29866007571137, 13.683673685905102], [-87.29896315475874, 13.683913825084534], [-87.29877476352029, 13.682645932712644]], [[-87.15066520940599, 13.665979961505517], [-87.14623168525608, 13.664732708318413], [-87.15068485982874, 13.665991790242881], [-87.15066520940599, 13.665979961505517]], [[-87.13699875530263, 13.660223430370632], [-87.13915759173588, 13.662732592864156], [-87.13921078245012, 13.66274763190333], [-87.13699875530263, 13.660223430370632]], [[-87.13174505119134, 13.65805397877363], [-87.1326342762334, 13.659085350814905], [-87.13284803893183, 13.659141091477878], [-87.13174505119134, 13.65805397877363]], [[-87.12716135361893, 13.653536253253595], [-87.12609626322586, 13.653859253367974], [-87.12767645636302, 13.65404394224826], [-87.12716135361893, 13.653536253253595]], [[-87.12507991264346, 13.654167472610677], [-87.12412143879708, 13.65445814011085], [-87.12539144676093, 13.6557848946892], [-87.12507991264346, 13.654167472610677]], [[-87.21832250401711, 13.637084854913367], [-87.22332265692317, 13.619014073980876], [-87.21162934217598, 13.668391526091682], [-87.21832250401711, 13.637084854913367]], [[-87.30178218760733, 13.651374611106622], [-87.30178501631703, 13.651381748931168], [-87.302336719236, 13.648687272616801], [-87.30178218760733, 13.651374611106622]], [[-87.3034996948194, 13.67575817765206], [-87.30378617171029, 13.675187023821877], [-87.30373903142801, 13.675039350735565], [-87.3034996948194, 13.67575817765206]], [[-87.29838754285984, 13.678435172823445], [-87.30268534971154, 13.677381751288303], [-87.29825890465959, 13.677889442203988], [-87.29838754285984, 13.678435172823445]], [[-86.81835435594051, 13.681066549916949], [-86.83796654294939, 13.679293171386732], [-86.83797937243679, 13.679277433030826], [-86.81835435594051, 13.681066549916949]], [[-86.80370596456427, 13.672171368420319], [-86.8028506371862, 13.682214365561078], [-86.80377794399615, 13.672188618658664], [-86.80370596456427, 13.672171368420319]], [[-86.78908581658486, 13.702541251157681], [-86.78922282105694, 13.702556056839926], [-86.78934404021695, 13.702229824308517], [-86.78908581658486, 13.702541251157681]], [[-86.78309885296113, 13.695792835687326], [-86.78747275026481, 13.702366931684661], [-86.78875348182704, 13.70250533668899], [-86.78309885296113, 13.695792835687326]], [[-87.00068474544157, 13.618360287280773], [-87.00381292438583, 13.611318537458127], [-87.00380375588676, 13.611286601453457], [-87.00068474544157, 13.618360287280773]], [[-86.97638793566952, 13.669512078048939], [-86.97659836803504, 13.669497992771559], [-86.97656298262088, 13.667870369956033], [-86.97638793566952, 13.669512078048939]], [[-86.90289106565413, 13.668153119466789], [-86.90287756890416, 13.668136206789113], [-86.90077548978545, 13.670999470985103], [-86.90289106565413, 13.668153119466789]], [[-86.89744667217279, 13.661330790218328], [-86.89738600261138, 13.661289702898666], [-86.90200783876453, 13.667046354376682], [-86.89744667217279, 13.661330790218328]], [[-87.0953504083188, 13.705628367879594], [-87.0929203238069, 13.705024105041154], [-87.09536129777395, 13.705643675743183], [-87.0953504083188, 13.705628367879594]], [[-87.07812899292526, 13.712448509045611], [-87.08616732164217, 13.709705274268028], [-87.07815343504367, 13.712417229814953], [-87.07812899292526, 13.712448509045611]], [[-87.09864072811034, 13.709791428477395], [-87.1006718429416, 13.70982235264387], [-87.11571279908432, 13.698390401020806], [-87.09864072811034, 13.709791428477395]], [[-87.09774746883019, 13.709777828409955], [-87.0983082567183, 13.70978636652791], [-87.09539024177926, 13.705684363810557], [-87.09774746883019, 13.709777828409955]], [[-87.1220112865233, 13.780360580051473], [-87.12200827391528, 13.780379511277072], [-87.12201331222401, 13.780372109047809], [-87.1220112865233, 13.780360580051473]], [[-87.12126725639983, 13.776126035173268], [-87.12093144919905, 13.776294561425999], [-87.12142195400874, 13.777006475288223], [-87.12126725639983, 13.776126035173268]], [[-87.11781005060003, 13.733628165815677], [-87.11742300300138, 13.73328095027891], [-87.11644980778755, 13.737181274561015], [-87.11781005060003, 13.733628165815677]], [[-87.10109173375223, 13.713229493176593], [-87.101731783275, 13.713492596765027], [-87.10127786350024, 13.710067329525822], [-87.10109173375223, 13.713229493176593]]], [[[-87.46631654852348, 13.342550991437182], [-87.45853139976667, 13.339105395854052], [-87.45512689356708, 13.334618641405076], [-87.45633212173735, 13.332576314366326], [-87.4524515650892, 13.328362770974287], [-87.45742953637084, 13.331211211769537], [-87.4590889278326, 13.330706373554221], [-87.45296291927181, 13.327451980547627], [-87.45198054248594, 13.328458554570476], [-87.45196564319663, 13.330226356297889], [-87.45574762319238, 13.333098428625242], [-87.44927121822828, 13.332464582544722], [-87.44928488765947, 13.328145730214963], [-87.45438631358506, 13.325584466929786], [-87.44890093780934, 13.327739511862575], [-87.44575746545036, 13.323645498374296], [-87.44604536271024, 13.31430655681572], [-87.45064471806259, 13.311867189693505], [-87.4525746596078, 13.317740127419563], [-87.45204269441525, 13.312817539585012], [-87.4568882215267, 13.312300242849405], [-87.45220561981913, 13.31183615721827], [-87.45100013978875, 13.309187780947518], [-87.45355626171333, 13.303624471814128], [-87.46177125758383, 13.300066231411213], [-87.45933740411394, 13.298887232067191], [-87.46131388670278, 13.292855830531023], [-87.46046032311519, 13.2806909504047], [-87.4649701537177, 13.278001716117606], [-87.47035751736357, 13.282533314488127], [-87.46969224170657, 13.288381522518696], [-87.47704323636421, 13.31120751828882], [-87.46898384659308, 13.312781184500594], [-87.46827032951819, 13.310238228213311], [-87.46377851741639, 13.308433486913946], [-87.46613925925948, 13.306925883217222], [-87.46224777373584, 13.308834136362178], [-87.4631357489756, 13.30543261611021], [-87.46188375004309, 13.30721283694325], [-87.46131115865705, 13.309417930216307], [-87.46813446666845, 13.310709801659485], [-87.4682733741806, 13.313776011240439], [-87.46323580062743, 13.317542314014709], [-87.46600372842822, 13.320395743645477], [-87.46526653903936, 13.317088751202075], [-87.47127628548913, 13.313252793135936], [-87.4725217359863, 13.314664466476707], [-87.467937543188, 13.320699631037323], [-87.46574995118215, 13.328763704130598], [-87.4653935339083, 13.33808920526178], [-87.46798134606657, 13.341376957074932], [-87.46631654852348, 13.342550991437182]]], [[[-87.42578879064068, 13.316175774564517], [-87.42988989332517, 13.311327836606711], [-87.42974773862376, 13.314000083822782], [-87.4313625528488, 13.3127890665241], [-87.43408289465312, 13.31508117843818], [-87.43230508935397, 13.315658396477522], [-87.43344704184311, 13.317071573369985], [-87.44398609756846, 13.318431194099437], [-87.43786655779834, 13.320098820264171], [-87.43532030191325, 13.318399853114125], [-87.43120579695535, 13.319098605116379], [-87.42990953758328, 13.316245694900115], [-87.42578879064068, 13.316175774564517]]], [[[-87.42153068127001, 13.37598983607711], [-87.42289420936294, 13.374912663758142], [-87.42118637206357, 13.37599266886101], [-87.42070902127757, 13.377996330675415], [-87.41803187400235, 13.372812756473751], [-87.42025224740263, 13.37472152042663], [-87.42341084958935, 13.372286146114352], [-87.42035934157283, 13.374231935687291], [-87.41784048380734, 13.371116509050717], [-87.4176618378718, 13.375474059674897], [-87.414570536789, 13.37631104230612], [-87.40771044747419, 13.373326923452055], [-87.41815757182783, 13.367548802080366], [-87.42005436592072, 13.368614910520982], [-87.41874894604376, 13.365890825078377], [-87.42469142759752, 13.357626440142475], [-87.42776751448072, 13.364035636699136], [-87.42501191552451, 13.382921699731101], [-87.42282189669251, 13.382268678595445], [-87.42144131521393, 13.382525297813377], [-87.42203446809187, 13.377580437963811], [-87.4247760821002, 13.378617976002321], [-87.42153068127001, 13.37598983607711]]], [[[-87.39763134240589, 13.37925776827236], [-87.39751922405891, 13.379175435190904], [-87.39760400384101, 13.379132348171845], [-87.39763134240589, 13.37925776827236]]], [[[-87.40931406862119, 13.380405583080027], [-87.40689634106118, 13.381954586396574], [-87.40601123156715, 13.37924671310135], [-87.40385185169036, 13.379441189168604], [-87.40620620284963, 13.373827796972193], [-87.41034367534094, 13.376383490085754], [-87.4088266469996, 13.377185057547829], [-87.41455434742136, 13.37764479931607], [-87.41235218162691, 13.379476073907798], [-87.41752612204091, 13.376771856458378], [-87.42004104671166, 13.378752476813228], [-87.4201038734574, 13.380702110075124], [-87.41828004025798, 13.37982238472939], [-87.41969225359564, 13.383170205970812], [-87.41380473825299, 13.380810829714148], [-87.41563859677058, 13.384844075975181], [-87.420288623027, 13.383386233416543], [-87.41463161462964, 13.386877985870814], [-87.41378997146234, 13.3885567051406], [-87.41538964672355, 13.390309420419785], [-87.41109146413763, 13.392374695999933], [-87.41383186606353, 13.385371493033212], [-87.40772989232332, 13.382999891364008], [-87.40931406862119, 13.380405583080027]]], [[[-87.44693943519432, 13.392522938740907], [-87.45280702825454, 13.39008916446333], [-87.44677020211896, 13.39168908541899], [-87.4448252576701, 13.386090842526343], [-87.44864682748619, 13.384500569508214], [-87.43117971122221, 13.38489151867412], [-87.43911377321247, 13.377668918072972], [-87.43975106386907, 13.379917070725535], [-87.44159854713412, 13.380588635567046], [-87.44329491339597, 13.38005555871698], [-87.43941453776661, 13.378320569214699], [-87.44320297292649, 13.374122864719872], [-87.45282334837303, 13.376426297671818], [-87.45755846659829, 13.375156385788943], [-87.45906851295685, 13.377471858248265], [-87.45824881152238, 13.374846573170805], [-87.46555495264462, 13.372923060604224], [-87.46540892000773, 13.37653570320256], [-87.46805750331504, 13.373555920422712], [-87.47471540121292, 13.380225720742008], [-87.47159277551086, 13.378826629958679], [-87.46933821410266, 13.378863601516612], [-87.46463670931838, 13.380955388574389], [-87.46268904187876, 13.384683230092227], [-87.46093770550586, 13.382710702151677], [-87.45936120892205, 13.383279836065832], [-87.45891917871292, 13.386244230145085], [-87.46038105869968, 13.390052878052611], [-87.4677959495463, 13.388318978698187], [-87.47338286522587, 13.392333493805172], [-87.46758629731556, 13.39065226433405], [-87.46375717391905, 13.39234795557026], [-87.46215833936938, 13.395760932509761], [-87.45504596249627, 13.391813344235509], [-87.4474762022584, 13.396542390426328], [-87.44693943519432, 13.392522938740907]]], [[[-87.46573730901862, 13.380868586703587], [-87.47107794078035, 13.379295520994955], [-87.47550381041776, 13.381802105711687], [-87.47762031829527, 13.386245761768812], [-87.47596241378947, 13.391055956041592], [-87.47434784420558, 13.386780891509376], [-87.47046726032333, 13.389265715911982], [-87.46856615824903, 13.387359078262728], [-87.4611020432163, 13.389294282064226], [-87.46039278413433, 13.383312996502305], [-87.46253702186823, 13.385484872917917], [-87.46573730901862, 13.380868586703587]]], [[[-87.41477996122269, 13.388052110971863], [-87.41827517025332, 13.386535159390546], [-87.41873120495144, 13.38870907578924], [-87.41615926174856, 13.390385015140508], [-87.41477996122269, 13.388052110971863]]], [[[-87.42321848444224, 13.39120404819023], [-87.41688356472478, 13.404547413717944], [-87.41335522210049, 13.399835403598011], [-87.41847821138136, 13.394799461925565], [-87.41479313758637, 13.395916610979016], [-87.41182376063081, 13.393421279503693], [-87.41914591129263, 13.391354382269567], [-87.4182509971331, 13.389750859460003], [-87.42135718895969, 13.388424397273658], [-87.41896721778575, 13.386493318913569], [-87.42181063773789, 13.386276099748482], [-87.42300820949944, 13.38268769939583], [-87.42481792021911, 13.383722273814538], [-87.42321848444224, 13.39120404819023]]], [[[-87.47060464510582, 13.395804115761894], [-87.46439879568115, 13.393404713086243], [-87.46959887908683, 13.392437757729454], [-87.47060464510582, 13.395804115761894]]], [[[-87.47414769211223, 13.387745397434129], [-87.47592421874694, 13.392328719735193], [-87.47435778524186, 13.399962166700563], [-87.47082991305372, 13.393348736497328], [-87.4737675707243, 13.392756629978598], [-87.47163607949194, 13.39010446523567], [-87.47414769211223, 13.387745397434129]]], [[[-87.4727373429564, 13.401270674146511], [-87.47089833548377, 13.401077445501063], [-87.47550131906748, 13.400235800408865], [-87.47898035317604, 13.389340149693762], [-87.48181829714655, 13.393503212767598], [-87.47833353524342, 13.401022776730318], [-87.48142558125058, 13.40415341257586], [-87.47876314676485, 13.407499568880697], [-87.4703648539852, 13.402521796495067], [-87.4727373429564, 13.401270674146511]]], [[[-87.44827472281598, 13.400680068317186], [-87.43798316301931, 13.401546965922336], [-87.43960962109, 13.39771927156331], [-87.43550555312291, 13.401105920171087], [-87.43561415519119, 13.396494181452978], [-87.43447884119436, 13.397554085582618], [-87.4304708073896, 13.389568710898718], [-87.4364310123709, 13.389461284964975], [-87.43670408624929, 13.393324120056946], [-87.43766146021274, 13.388363911875462], [-87.44182839321745, 13.386661243954405], [-87.44480850471768, 13.389859232131126], [-87.4444160702603, 13.395888843028523], [-87.4478785505577, 13.398096945347255], [-87.45333988764743, 13.396595239945176], [-87.45503219263996, 13.393399154547627], [-87.45821888701188, 13.394435507889952], [-87.45737100841501, 13.403356078525318], [-87.45986812319204, 13.409624591141199], [-87.45482830018113, 13.413755847734661], [-87.44578866110446, 13.413512011699071], [-87.44512279091444, 13.410250071595875], [-87.45326557860366, 13.4079320678894], [-87.45339056349755, 13.403154157546831], [-87.44827472281598, 13.400680068317186]]], [[[-87.45824781611947, 13.401483883180594], [-87.46351346517298, 13.393952269708977], [-87.46848750564214, 13.395492701973598], [-87.46580487848145, 13.396792966697205], [-87.46637806428126, 13.398271442582503], [-87.47067650578066, 13.396392856174064], [-87.47140384657287, 13.39905669734406], [-87.46755951350026, 13.40055015453689], [-87.46386787500448, 13.398759820526742], [-87.46667430595807, 13.400871659493548], [-87.46963373133276, 13.400736192674515], [-87.46080352891738, 13.407902594471139], [-87.45824781611947, 13.401483883180594]]], [[[-87.44868240803194, 13.402774876470096], [-87.45247736526666, 13.40442510123362], [-87.45205235611378, 13.407443701160762], [-87.4411983913654, 13.405070106864589], [-87.44868240803194, 13.402774876470096]]], [[[-87.4818069185133, 13.40228886314247], [-87.48653265596386, 13.403080042046483], [-87.48579672508049, 13.40787156013594], [-87.48030358535287, 13.408780637077461], [-87.48244011071876, 13.405141603656329], [-87.4818069185133, 13.40228886314247]]], [[[-87.44367551803852, 13.407108178219874], [-87.44591172418737, 13.406365038959493], [-87.44666950537466, 13.406720863411653], [-87.44367551803852, 13.407108178219874]]], [[[-87.46390100568573, 13.405952845385178], [-87.4747941983568, 13.405550558582576], [-87.47547510658613, 13.40892541729626], [-87.46282675192994, 13.40931512977061], [-87.46390100568573, 13.405952845385178]]], [[[-87.46005859179519, 13.414459571064208], [-87.45688357433386, 13.4128750399552], [-87.46066254364129, 13.409506717393556], [-87.46005859179519, 13.414459571064208]]], [[[-87.47020932923726, 13.410713200169456], [-87.4717353959877, 13.41381182880634], [-87.47700122986116, 13.408073694879809], [-87.47700219994894, 13.41134697203584], [-87.48003079634937, 13.411676919404593], [-87.48149421471719, 13.415861803775865], [-87.47474839133481, 13.415297012598115], [-87.47356662387914, 13.418829083603764], [-87.46779755478934, 13.415433200139667], [-87.47020932923726, 13.410713200169456]]], [[[-87.40778109028632, 13.416646156113538], [-87.4119756302175, 13.41176329208449], [-87.41222942397295, 13.416879674881953], [-87.40778109028632, 13.416646156113538]]], [[[-87.46151266998267, 13.415735255120273], [-87.46268510227208, 13.410713543406162], [-87.4676269325212, 13.410044357250975], [-87.46641690637604, 13.416174952868726], [-87.46861966118264, 13.419459974732174], [-87.46592410081266, 13.417636182194297], [-87.46032503901398, 13.419167818723071], [-87.4596912149762, 13.41708247586356], [-87.46325765258995, 13.41576596372513], [-87.46151266998267, 13.415735255120273]]], [[[-87.39303138928875, 13.401842462271668], [-87.38815851391546, 13.39318181945912], [-87.39023238813537, 13.390349511563027], [-87.39353829718982, 13.392992654532627], [-87.39358621928214, 13.389447994964593], [-87.3969761318019, 13.388210683225159], [-87.39817149832292, 13.39112268271607], [-87.39458597066277, 13.392252946280443], [-87.39794529038672, 13.391520900152447], [-87.3965512871941, 13.401614292415443], [-87.39441754872396, 13.402256254372457], [-87.3945311368316, 13.399515124347142], [-87.39303138928875, 13.401842462271668]]], [[[-87.39253323765386, 13.404535587994129], [-87.39707310748838, 13.405104932263644], [-87.4044560009414, 13.40420141715587], [-87.3958387118452, 13.407661321989586], [-87.3916348188124, 13.411394432473866], [-87.39013043986674, 13.408396977727605], [-87.39253323765386, 13.404535587994129]]]]}}, {"type": "Feature", "properties": {"code": "R-14", "name": "Lempa", "level": "subregion", "municipios": ["100100", "100200", "100300", "100400", "100500", "100600", "100800", "101000", "101200", "101300", "101400", "101500", "101600", "101700", "120300", "120800", "121500", "121600", "121900", "130300", "130500", "130600", "130700", "130800", "131200", "131400", "131500", "131600", "131700", "131800", "131900", "132100", "132200", "132400", "132500", "132600", "132700", "132800", "140100", "140200", "140300", "140400", "140500", "140900", "141400", "141600"], "source": "SINIT/SEPLAN 2016 (Marco Contextual CNI), clasificado a nivel municipio"}, "geometry": {"type": "MultiPolygon", "coordinates": [[[[-88.68155674507341, 14.021140067106266], [-88.69029784025486, 14.029487308009523], [-88.7025088997548, 14.036017879947185], [-88.71059426814324, 14.03547728718387], [-88.72364999032058, 14.0496166938764], [-88.7391214657095, 14.057958946093326], [-88.73118132157018, 14.101717430982664], [-88.74246729299024, 14.11689377003397], [-88.75047655429361, 14.115409856392327], [-88.75328983163327, 14.11003424253113], [-88.7568282179561, 14.110290892084896], [-88.75446905885967, 14.1129382123673], [-88.76482058995403, 14.109668680437998], [-88.76703287185127, 14.105219234441549], [-88.77122878396786, 14.106615307460487], [-88.77440832883573, 14.102726969134926], [-88.7815930350399, 14.105992043696626], [-88.82157712182808, 14.10906856906851], [-88.82978929097868, 14.106638375591288], [-88.83176235003263, 14.103673632739094], [-88.83034343590884, 14.11283527750724], [-88.83465209729883, 14.116192795888107], [-88.83971986599536, 14.130671112570107], [-88.8474980655487, 14.131354823484113], [-88.84658627100887, 14.140878623055753], [-88.8503427578481, 14.145038720293881], [-88.84958357674483, 14.149330732294858], [-88.85889358075414, 14.152978989314185], [-88.85865201661845, 14.158402361770358], [-88.86224591640149, 14.166519721949735], [-88.8606243134131, 14.172156019508378], [-88.87327614715093, 14.183740909676734], [-88.87963820069933, 14.185359647837036], [-88.88205057760702, 14.18920654457022], [-88.90072721425358, 14.191516120996107], [-88.90337105206305, 14.198104915391154], [-88.90281139831654, 14.20547717165618], [-88.91976274574601, 14.20767228012915], [-88.92601149507094, 14.217760841236961], [-88.92545385233065, 14.223397879560714], [-88.92946434276378, 14.230167254715429], [-88.94643284651134, 14.24856839105017], [-88.95074717023952, 14.249390560548816], [-88.95278702547951, 14.253597644140205], [-88.94093826842109, 14.26347268301939], [-88.93022647420614, 14.26603476167109], [-88.8988790855353, 14.23965543503181], [-88.89609201668273, 14.245868265693614], [-88.88894460030643, 14.247481666688365], [-88.88539565903787, 14.258923002035946], [-88.88095790944885, 14.257195730665519], [-88.87069768024337, 14.263896480952468], [-88.86638225797243, 14.262539645042708], [-88.85665987717745, 14.26654694975955], [-88.84936885337312, 14.264210911054358], [-88.84453198929921, 14.267198070208108], [-88.83484288612794, 14.267459268784258], [-88.83880171959113, 14.29345062451367], [-88.83666132900348, 14.298145308422464], [-88.82929850241361, 14.29782359794932], [-88.82722498295679, 14.299856080940533], [-88.82104468462309, 14.298175009189137], [-88.81827139788588, 14.301474689324872], [-88.81225537926012, 14.301221316159173], [-88.81271630710522, 14.303827395504975], [-88.80202141012215, 14.309881596982564], [-88.7832421720637, 14.336972121360613], [-88.78441893160213, 14.350887313209062], [-88.79906833474008, 14.36527667293206], [-88.8057127916085, 14.385103625378363], [-88.826197011183, 14.403557250286745], [-88.82012919611867, 14.420208613821305], [-88.82027731899466, 14.426663842137794], [-88.83882958115046, 14.43142055128178], [-88.84357572899339, 14.449808889780234], [-88.83800514733916, 14.4635274443993], [-88.84427485191516, 14.468437763208104], [-88.85610152282115, 14.496417519997072], [-88.84844942596631, 14.5006950088245], [-88.84635552113663, 14.496626515165383], [-88.82507697587566, 14.50054005627516], [-88.82520966503336, 14.504530269144507], [-88.83029627893517, 14.51142928997719], [-88.8262816260722, 14.518415017521573], [-88.83198020537012, 14.527478204754603], [-88.83147351200417, 14.534106708595823], [-88.82597649554067, 14.537327454141167], [-88.81168892394423, 14.533189557898961], [-88.79764707024503, 14.543858283477615], [-88.7774793801001, 14.549550151563599], [-88.75243316278049, 14.541086319462988], [-88.7447364416424, 14.544560122854893], [-88.73011647725386, 14.545449262523933], [-88.72239387346444, 14.54397650319459], [-88.714554558158, 14.534355376166877], [-88.71563312715377, 14.52596918590647], [-88.7179366729996, 14.525369357107726], [-88.71637140826581, 14.512891583031767], [-88.71672937465242, 14.518677594661892], [-88.69944452790834, 14.51974456622954], [-88.69003502280633, 14.52305274951667], [-88.67984048418317, 14.517277137477288], [-88.66330671743246, 14.51332885411463], [-88.65815558984568, 14.514651020139416], [-88.64835403555348, 14.510901374459936], [-88.63275347594701, 14.513242933364122], [-88.62135019452076, 14.520882683289905], [-88.60430188705928, 14.51851094065531], [-88.58974428416859, 14.520386141555392], [-88.58567548975421, 14.517414004395103], [-88.56295342892186, 14.513636925191735], [-88.55518891995484, 14.523400627237738], [-88.53944028831535, 14.526446667077796], [-88.53592022799265, 14.533212694207078], [-88.53628117270917, 14.529802707208088], [-88.5311493630416, 14.526343913665738], [-88.53056727063581, 14.51430575097962], [-88.52766602475965, 14.511676277458234], [-88.52927837236851, 14.509561989921838], [-88.52662849387966, 14.510303474644473], [-88.5177059459224, 14.492599959649285], [-88.51021287238973, 14.489364855894898], [-88.50883310829218, 14.484424911228851], [-88.51338496007433, 14.480067142721225], [-88.51168755356402, 14.479205805322643], [-88.51410568068839, 14.474556678585376], [-88.51212754516384, 14.469390099846468], [-88.508069308223, 14.469375467751137], [-88.50920249799837, 14.465343616459442], [-88.50367250404948, 14.46337801403427], [-88.50226600029725, 14.453651220963252], [-88.47315493698466, 14.472186352547816], [-88.44976702324686, 14.478944899232596], [-88.43082266677031, 14.473061166059319], [-88.40063443720673, 14.47601565097328], [-88.38686717717182, 14.474935670952433], [-88.37498661382668, 14.480008724677091], [-88.36341292209735, 14.488518940455014], [-88.34510728308521, 14.506487573454782], [-88.34321363759369, 14.51827346153529], [-88.34872042795713, 14.530279012767007], [-88.33220609528347, 14.551724731739121], [-88.32321773159853, 14.568035524268799], [-88.33062665733814, 14.62381550731309], [-88.34791065254859, 14.653398066528117], [-88.29138376118263, 14.645373000031706], [-88.25436434657153, 14.644096361359956], [-88.23281077393298, 14.653773283543556], [-88.19239709895352, 14.656536583470276], [-88.19787645557413, 14.649993463499436], [-88.19189530024593, 14.656571924640538], [-88.16332004429287, 14.658521210408955], [-88.12885729090739, 14.650170843627722], [-88.13441606579464, 14.64658544121929], [-88.13559072895418, 14.641699239021976], [-88.13336799802755, 14.636921126192947], [-88.12861548355389, 14.635005123592483], [-88.13068718438474, 14.62595279233195], [-88.13614149288671, 14.625132998279248], [-88.14571531266652, 14.61766090624083], [-88.15389443122518, 14.616344801513078], [-88.15992038611058, 14.612296635049795], [-88.15983570707499, 14.604889944031978], [-88.16336969079495, 14.600911718390579], [-88.14941127549046, 14.56665936840524], [-88.15611159870632, 14.56200802330352], [-88.1511361681032, 14.551716766411964], [-88.14938194230898, 14.518141621440444], [-88.14205671891041, 14.503924577879628], [-88.12784425168661, 14.518222426714738], [-88.11578238673339, 14.442755084111583], [-88.06553150713926, 14.430246359188335], [-88.05976590117585, 14.425373584654418], [-88.05147415770116, 14.423121200348776], [-88.0616645624686, 14.414715503765112], [-88.06396084976184, 14.406832138344287], [-88.06688672193704, 14.404660553415498], [-88.05659111270998, 14.378365354888066], [-88.05898741872949, 14.37186364324966], [-88.05469289699414, 14.367561488541888], [-88.05419928461825, 14.358136777834224], [-88.05819645412505, 14.356741433652001], [-88.06199673022462, 14.344258828058654], [-88.06928478197958, 14.339438068905244], [-88.04305460396925, 14.319551640928541], [-88.04033176696213, 14.30982922458713], [-88.03033654462952, 14.297778783016138], [-88.02682976986823, 14.289716215307715], [-88.0276018124618, 14.286075198621615], [-88.02524108738542, 14.285505646067646], [-88.02007589479159, 14.274727737539843], [-88.01374905059087, 14.27211150118171], [-88.00598437522834, 14.274456542787936], [-88.00443174136721, 14.268854516153839], [-88.00586562716181, 14.258790780754232], [-88.01381292792871, 14.23011872238937], [-88.00933864563657, 14.215346043973826], [-88.01417340347231, 14.212552377707816], [-88.01312236151284, 14.208634328742363], [-88.01528295180808, 14.206786526228623], [-87.99546671654156, 14.158186711843118], [-87.98671752305269, 14.150963120248495], [-87.98000962416364, 14.149397145109896], [-87.97727217584476, 14.167081868882528], [-87.95221857000433, 14.164490709935887], [-87.9499577205775, 14.1368087251184], [-87.94309250303631, 14.132817091152482], [-87.94797454076502, 14.12813620084717], [-87.95010285243937, 14.121672752124475], [-87.94957705632868, 14.113070064200393], [-87.94535115019563, 14.111173422958739], [-87.94381741804155, 14.104336623626796], [-87.92742791186024, 14.084626631944822], [-87.92437897862844, 14.083869859206816], [-87.91930698863648, 14.072879616097824], [-87.90971431779289, 14.066105837721498], [-87.9129106496717, 14.06308537956847], [-87.91190597857246, 14.0553941688325], [-87.9149803649208, 14.053844446776074], [-87.91554447837368, 14.050580774509035], [-87.90742890048931, 14.039488675147789], [-87.91377995677989, 14.02487484587758], [-87.92732989141722, 14.011372609685248], [-87.91744578945016, 14.002944440907273], [-87.89728713585218, 13.996695645750542], [-87.8961587651204, 13.990734968861036], [-87.88399208519532, 13.979567490946533], [-87.87826507869562, 13.967921821062147], [-87.90733430257461, 13.952231632514799], [-87.89694778915477, 13.93539039143993], [-87.89696592299889, 13.924047113448172], [-87.88346383983536, 13.923723474214054], [-87.87886523050904, 13.925695250268678], [-87.87379117616253, 13.921246024271102], [-87.87857823413545, 13.914880791378001], [-87.8783904364334, 13.906734243654347], [-87.88201999863406, 13.906275874024214], [-87.88943901866925, 13.898614821018638], [-87.89918944800615, 13.90317087466904], [-87.90452906077354, 13.900172098239517], [-87.9069313379748, 13.901731822855744], [-87.90916837830198, 13.898446098401637], [-87.91178851841492, 13.899357391282097], [-87.91402428098358, 13.896653647319882], [-87.9120740555789, 13.893391453514687], [-87.91605259865791, 13.892615979268427], [-87.91749896614776, 13.895855174471862], [-87.92157914623023, 13.893789742448352], [-87.91976688303808, 13.888055478236582], [-87.92201697366698, 13.885221661487499], [-87.93064200364017, 13.889612310479313], [-87.93328271791302, 13.893504591771043], [-87.94006255641159, 13.893758856742451], [-87.9429331016783, 13.896220520065032], [-87.9513478359586, 13.891699017032236], [-87.95744788633839, 13.897633209017147], [-87.95907607370935, 13.903092096479062], [-87.96454861270705, 13.892934457782486], [-87.96799118355598, 13.895054508454923], [-87.978744898213, 13.887683956348702], [-87.98589932123927, 13.888001010075433], [-87.9974212699819, 13.877973075295344], [-88.00509518318752, 13.875835120803988], [-88.00601567664555, 13.871343658079528], [-88.01214822131045, 13.87226425621779], [-88.01574957298578, 13.890845271904675], [-88.02107873732784, 13.893825748943812], [-88.02875048795264, 13.90319715320367], [-88.03324575525608, 13.913425920813799], [-88.04345452934422, 13.922818778935676], [-88.0466088161487, 13.932613347324903], [-88.05696121466983, 13.94249310920264], [-88.0634999142474, 13.944245660556616], [-88.06570637483586, 13.964326691806113], [-88.07280184893946, 13.9761568353379], [-88.07284501597893, 13.992465980941436], [-88.10795605673414, 14.001354407658448], [-88.13710141870972, 13.990099721406201], [-88.14143729108565, 13.992486386065652], [-88.1488759312315, 13.991378859590778], [-88.15258966041276, 13.986977764104482], [-88.16315828226004, 13.98378242326645], [-88.16623875444984, 13.98641535598947], [-88.17340646914825, 13.985468857464003], [-88.1768525301049, 13.990672992663276], [-88.18015892388524, 13.989167533237874], [-88.1805841960834, 13.992113755517884], [-88.18756772391706, 13.99032585398099], [-88.19393310559309, 13.992562602326233], [-88.19764525426248, 13.997194417117605], [-88.20809570807654, 13.996696229208945], [-88.21050975003917, 13.993872670575518], [-88.21720263619821, 13.993032348731614], [-88.22996463374841, 13.999926687801382], [-88.2329518060257, 13.995739473191636], [-88.23851627751428, 13.994680544598289], [-88.2378655839924, 13.98948237160906], [-88.23454161112103, 13.987883365687125], [-88.23610705333702, 13.970217636636471], [-88.21956097854715, 13.953823116717087], [-88.22705188090364, 13.938039594379264], [-88.26145671142936, 13.938837882230354], [-88.26567746981095, 13.937011336745947], [-88.2634219850652, 13.927112790532894], [-88.26649600354837, 13.92400623748443], [-88.26313111587845, 13.918609771847853], [-88.26890842963238, 13.912771493239433], [-88.27195608293268, 13.913829129908846], [-88.28101269701679, 13.90917015331734], [-88.28970052251069, 13.91433146092895], [-88.30499633029996, 13.905822532123803], [-88.30715635481538, 13.902428867104947], [-88.31368513645161, 13.90197458651189], [-88.3171875463347, 13.89768770444333], [-88.31593741894223, 13.89210772477647], [-88.31782504462431, 13.88998896247255], [-88.32983730483804, 13.894000890329265], [-88.33316669118841, 13.890982609023146], [-88.34603317749257, 13.89585235604171], [-88.3499339510604, 13.889471253085743], [-88.35197230203934, 13.87500292534903], [-88.35604790022349, 13.8708242696977], [-88.36171648357376, 13.869715897141775], [-88.37046920261669, 13.87494967725026], [-88.3764563671752, 13.885006745715241], [-88.38565595507313, 13.88519317326549], [-88.39275550458402, 13.881869120760618], [-88.40368335307555, 13.882803233274291], [-88.41382193209019, 13.879169599047009], [-88.41887725210066, 13.885704229831735], [-88.42467875923857, 13.879290748856361], [-88.43221308022164, 13.878018462183887], [-88.43977271730587, 13.859624783873867], [-88.44567804266056, 13.86415836337248], [-88.45061204639741, 13.864027469579396], [-88.45180500375515, 13.859426032874326], [-88.46583823483937, 13.863009048368458], [-88.46523360272086, 13.855942630230915], [-88.46838288934316, 13.849078592480772], [-88.47243085583874, 13.854571775738027], [-88.48642243186669, 13.86080467938984], [-88.49180730512357, 13.860811466057273], [-88.49635600363325, 13.868711249045527], [-88.4956962089464, 13.873314078834339], [-88.49131643581208, 13.87770461283295], [-88.5009515729272, 13.893593358700778], [-88.50548536847477, 13.908328958025455], [-88.51139818198935, 13.912523927689827], [-88.50641968031674, 13.92293301417439], [-88.50856403575912, 13.926987445846448], [-88.50714063033531, 13.942105471201794], [-88.49796372037189, 13.950839880609923], [-88.5007075287519, 13.968121976670789], [-88.5266246594339, 13.985173992609127], [-88.53989337399378, 13.985393600956982], [-88.54843155782517, 13.98036211148452], [-88.55676460129156, 13.983469122432522], [-88.56830887647808, 13.978447072240114], [-88.57285332820123, 13.981977931299985], [-88.57292036346769, 13.988862971542247], [-88.57676170713026, 13.997078240049072], [-88.58424752952953, 14.002639276122007], [-88.58641337895976, 14.007146854081556], [-88.59322399232673, 14.009356267950155], [-88.5979226845314, 14.006141373117792], [-88.60720016942163, 14.005324162043596], [-88.6244475925015, 14.017845455928517], [-88.6278189629068, 14.022960253637619], [-88.63588962502655, 14.020753505983173], [-88.63966935308252, 14.017009625356872], [-88.64752030323886, 14.019456692252804], [-88.65257158669479, 14.017864229498928], [-88.66229113277761, 14.024756353195116], [-88.6644762192814, 14.01829678733206], [-88.67178117307574, 14.00946884139639], [-88.68328364980795, 14.010995830248179], [-88.68155674507341, 14.021140067106266]], [[-88.75410743921408, 14.116170876413909], [-88.75784432101774, 14.144988200452882], [-88.75446905885967, 14.1129382123673], [-88.75410743921408, 14.116170876413909]], [[-88.71939901588863, 14.505836394560745], [-88.71631438287119, 14.511969849570546], [-88.71632011248337, 14.512062460508155], [-88.71939901588863, 14.505836394560745]], [[-88.72401975116581, 14.491214226276904], [-88.72399167226088, 14.491245768752135], [-88.72544044844757, 14.492807758030917], [-88.72401975116581, 14.491214226276904]], [[-88.73408856713448, 14.474019526420228], [-88.73408467786302, 14.474012881874918], [-88.73054941415256, 14.481026364216564], [-88.73408856713448, 14.474019526420228]], [[-88.73124922756736, 14.467439798896562], [-88.73124307185115, 14.467490154881428], [-88.7312482267905, 14.467495224028537], [-88.73124922756736, 14.467439798896562]], [[-88.73350725167032, 14.45845184733465], [-88.73216410080299, 14.459955804952127], [-88.73195956424065, 14.461628988005614], [-88.73350725167032, 14.45845184733465]], [[-88.73651964252645, 14.459248125627001], [-88.73668631333332, 14.45895586720317], [-88.7335827966187, 14.458367257879104], [-88.73651964252645, 14.459248125627001]], [[-88.73881522132389, 14.455222812173973], [-88.73837750067365, 14.454891883920276], [-88.73711828283604, 14.458198405663401], [-88.73881522132389, 14.455222812173973]], [[-88.73972174890788, 14.4514111056848], [-88.7397139402794, 14.451382589116204], [-88.73966972024944, 14.451498704442876], [-88.73972174890788, 14.4514111056848]], [[-88.73947013896121, 14.440419887535434], [-88.73740231735808, 14.44100177167695], [-88.73743710365177, 14.441157677233598], [-88.73947013896121, 14.440419887535434]], [[-88.73429940608698, 14.438010365361746], [-88.73342104770467, 14.43788527784039], [-88.73499504996946, 14.438714413147295], [-88.73429940608698, 14.438010365361746]], [[-88.72885244966604, 14.435183035478312], [-88.72927818580192, 14.437283526482897], [-88.7292944383762, 14.437282532988078], [-88.72885244966604, 14.435183035478312]], [[-88.70853760089382, 14.411216106324794], [-88.71050691156822, 14.4189181971789], [-88.71051388515616, 14.418918675407939], [-88.70853760089382, 14.411216106324794]], [[-88.69314949604414, 14.36887756659033], [-88.69310148561478, 14.368852975660008], [-88.6930052066488, 14.374382914262448], [-88.69314949604414, 14.36887756659033]], [[-88.69007583294825, 14.367303237095104], [-88.66562336216424, 14.377643452918438], [-88.69058769652091, 14.367565413493372], [-88.69007583294825, 14.367303237095104]], [[-88.67934865677442, 14.356584271562836], [-88.68404931394657, 14.363122905146122], [-88.68407157443151, 14.363125159214848], [-88.67934865677442, 14.356584271562836]], [[-88.67517580681529, 14.349923150591566], [-88.67459694433113, 14.349597526808425], [-88.6769122413324, 14.355473989724956], [-88.67517580681529, 14.349923150591566]], [[-88.67189752962413, 14.341931500430169], [-88.67154790375582, 14.341858746918897], [-88.67229883073927, 14.343764677159736], [-88.67189752962413, 14.341931500430169]], [[-88.6530206635461, 14.34359158788315], [-88.65303671357069, 14.343602497162841], [-88.65705803596599, 14.342051451231091], [-88.6530206635461, 14.34359158788315]], [[-88.6481839471929, 14.340290896135448], [-88.64817006159291, 14.340294610168794], [-88.6496085540412, 14.341272360474843], [-88.6481839471929, 14.340290896135448]], [[-88.64444447877105, 14.341291105735646], [-88.64446561142823, 14.341922168676573], [-88.6480736914416, 14.340320386653481], [-88.64444447877105, 14.341291105735646]], [[-88.6435149292589, 14.333233707583734], [-88.6440652207987, 14.324667036073611], [-88.64261087695063, 14.334837530093695], [-88.63887745052386, 14.337085051393775], [-88.64242697705102, 14.335212298906562], [-88.6435149292589, 14.333233707583734]], [[-88.65190873673308, 14.317227024456052], [-88.6522764978178, 14.316631933113412], [-88.65185849639198, 14.31722850502496], [-88.65190873673308, 14.317227024456052]], [[-88.65420385405785, 14.313513188199128], [-88.64853018424951, 14.30412721913422], [-88.65390989929446, 14.313988850095106], [-88.65420385405785, 14.313513188199128]], [[-88.64865255831197, 14.299388628644643], [-88.64690269762829, 14.301143850625254], [-88.64701378211068, 14.301347481145022], [-88.64865255831197, 14.299388628644643]], [[-88.64876586767963, 14.299253188345968], [-88.64866109770155, 14.297990425482281], [-88.64875574122627, 14.2992652926397], [-88.64876586767963, 14.299253188345968]], [[-88.6508028905439, 14.296779449795004], [-88.64850016654938, 14.29582265075972], [-88.64850367208714, 14.295869871052576], [-88.6508028905439, 14.296779449795004]], [[-88.65906120360057, 14.282574399771178], [-88.65905304769745, 14.282574569512105], [-88.65531829649547, 14.29053749810587], [-88.65906120360057, 14.282574399771178]], [[-88.66233737212879, 14.2827233927551], [-88.66230335297539, 14.28250692405022], [-88.65930281863511, 14.282569371271018], [-88.66233737212879, 14.2827233927551]], [[-88.66701325467872, 14.273257937749296], [-88.6636134182022, 14.273922304302754], [-88.66367899668728, 14.274152527684423], [-88.66701325467872, 14.273257937749296]], [[-88.66680141471524, 14.270764740256551], [-88.66990640001211, 14.272695281317542], [-88.6667843432922, 14.270563822410933], [-88.66680141471524, 14.270764740256551]], [[-88.6743853488792, 14.269965628470011], [-88.67237582229328, 14.268319257712532], [-88.67227537570493, 14.268525327884594], [-88.6743853488792, 14.269965628470011]], [[-88.67597819988715, 14.27105293340224], [-88.68006561066706, 14.268608629125834], [-88.67586216988389, 14.270973729512983], [-88.67597819988715, 14.27105293340224]], [[-88.68154440781308, 14.269593556422064], [-88.6816236172716, 14.269472336101643], [-88.68006561066706, 14.268608629125834], [-88.68154440781308, 14.269593556422064]], [[-88.68366114020623, 14.266354158201757], [-88.6862412142029, 14.260628182020945], [-88.68180819003976, 14.269189870212868], [-88.68366114020623, 14.266354158201757]], [[-88.69168765597203, 14.254531628569406], [-88.69082200759922, 14.248683574079099], [-88.69045582501221, 14.249177215689729], [-88.69168765597203, 14.254531628569406]], [[-88.6943251751005, 14.246536775273874], [-88.69206249900515, 14.247011298560555], [-88.69122090507067, 14.24814583034891], [-88.6943251751005, 14.246536775273874]], [[-88.69503279353675, 14.246169991126525], [-88.69323952779435, 14.24275385702693], [-88.69489686105958, 14.246240449830237], [-88.69503279353675, 14.246169991126525]], [[-88.69495118802169, 14.240824377678997], [-88.69519371189571, 14.239138258317881], [-88.69308898143873, 14.242437147134552], [-88.69495118802169, 14.240824377678997]], [[-88.6953591666132, 14.237987953410048], [-88.69116160443848, 14.232214504856074], [-88.69529549181544, 14.238430645123376], [-88.6953591666132, 14.237987953410048]], [[-88.69159162027692, 14.227602449290334], [-88.69094361607773, 14.231886715029344], [-88.69096645242422, 14.231921054119885], [-88.69159162027692, 14.227602449290334]], [[-88.68811354492745, 14.225749640569001], [-88.68780276812505, 14.226388723773065], [-88.69147972915165, 14.227542843665985], [-88.68811354492745, 14.225749640569001]], [[-88.68930724553196, 14.218257546248026], [-88.68616891711406, 14.21401619256229], [-88.68614344899328, 14.214020058101823], [-88.68930724553196, 14.218257546248026]], [[-88.69100668643168, 14.21330332544589], [-88.69100878643425, 14.213281599446812], [-88.68892106527841, 14.213598472793317], [-88.69100668643168, 14.21330332544589]], [[-88.6912169405407, 14.211128099271942], [-88.69112408650835, 14.211031077949137], [-88.69106678502834, 14.21268156332634], [-88.6912169405407, 14.211128099271942]], [[-88.6889889575465, 14.20880012436543], [-88.68898747630791, 14.208817594169622], [-88.68904825194737, 14.20886207989997], [-88.6889889575465, 14.20880012436543]], [[-88.68927370127088, 14.205914236160204], [-88.68923388537328, 14.205911432945992], [-88.68906288587175, 14.207928209885043], [-88.68927370127088, 14.205914236160204]], [[-88.68543714680298, 14.205644125861044], [-88.68542794898269, 14.205723304052404], [-88.68819925488606, 14.205838590411691], [-88.68543714680298, 14.205644125861044]], [[-88.69150485788104, 14.196954967780071], [-88.68733581520968, 14.191282263841055], [-88.6855424359063, 14.191064255690417], [-88.68795018288392, 14.192576082560466], [-88.69150485788104, 14.196954967780071]], [[-88.6817647917397, 14.18876922170065], [-88.67836938815881, 14.189776214194767], [-88.68184309928883, 14.188840928042941], [-88.6817647917397, 14.18876922170065]], [[-88.67724215174718, 14.187509196338317], [-88.67717539422188, 14.18760718480142], [-88.67809068080376, 14.189269909743334], [-88.67724215174718, 14.187509196338317]], [[-88.65895117770158, 14.14507127737068], [-88.65894294587481, 14.145094706212225], [-88.66256652178076, 14.14544135981692], [-88.65895117770158, 14.14507127737068]], [[-88.66064451313608, 14.140251826149214], [-88.68914036856448, 14.116981375031271], [-88.6608687464656, 14.14004013126808], [-88.65603300054319, 14.140975737797332], [-88.66064451313608, 14.140251826149214]], [[-88.61903208200238, 14.068770236528456], [-88.619032367623, 14.068798049270944], [-88.62621151290111, 14.06964167322449], [-88.61903208200238, 14.068770236528456]], [[-88.52893415425538, 14.076244192392227], [-88.5287257774781, 14.076289248521949], [-88.52891898078849, 14.076302086486232], [-88.52893415425538, 14.076244192392227]], [[-88.52508978259789, 14.077075439090411], [-88.52510965044884, 14.077130471381324], [-88.5251792439672, 14.077056095365485], [-88.52508978259789, 14.077075439090411]], [[-88.52771891281286, 14.084357910618667], [-88.52919734052323, 14.084993216510513], [-88.52694774912275, 14.08222185148213], [-88.52771891281286, 14.084357910618667]], [[-88.52687042797113, 14.088801500246431], [-88.52930906414545, 14.085130853478452], [-88.5292755195152, 14.085089528455978], [-88.52687042797113, 14.088801500246431]], [[-88.52388847865282, 14.091726455429532], [-88.52703395485216, 14.091590172868502], [-88.52702816874552, 14.091491500668013], [-88.52388847865282, 14.091726455429532]], [[-88.52184240152012, 14.094477114120316], [-88.5166438579923, 14.098822474798295], [-88.52454011227456, 14.093846537229545], [-88.52184240152012, 14.094477114120316]], [[-88.50145735297707, 14.099734733865246], [-88.516440656395, 14.098950525191034], [-88.51647163341492, 14.098931004578896], [-88.50145735297707, 14.099734733865246]], [[-88.48634396966084, 14.110267669432918], [-88.48612698122705, 14.111231517780155], [-88.50145735297707, 14.099734733865246], [-88.48634396966084, 14.110267669432918]], [[-88.48394819513327, 14.120909542266775], [-88.4798560984066, 14.14534727978001], [-88.48029434364362, 14.14609333390205], [-88.48394819513327, 14.120909542266775]], [[-88.47461241858166, 14.133838560066255], [-88.47530883721367, 14.133376718829007], [-88.47531181694593, 14.13325903365467], [-88.47461241858166, 14.133838560066255]], [[-88.46537840313214, 14.135808814561912], [-88.47116260899656, 14.13612635687953], [-88.47177493765732, 14.135720281261673], [-88.46537840313214, 14.135808814561912]], [[-88.45679994397918, 14.1319031869885], [-88.46512456078429, 14.135794879081514], [-88.46515756869184, 14.135796691155239], [-88.45679994397918, 14.1319031869885]], [[-88.43351577909729, 14.147628219990544], [-88.43359483281694, 14.14760405692232], [-88.43410557216718, 14.141799958904219], [-88.43351577909729, 14.147628219990544]], [[-88.42871465836377, 14.152210336240097], [-88.42890966281806, 14.152117802085115], [-88.43122328374893, 14.148328929859126], [-88.42871465836377, 14.152210336240097]], [[-88.41277798004651, 14.162734103983809], [-88.40714378876874, 14.175773927782277], [-88.41283294129035, 14.162682240013377], [-88.41277798004651, 14.162734103983809]], [[-88.32982344032196, 14.220517995189068], [-88.33277927180235, 14.22750386355379], [-88.31620919741052, 14.229669197441282], [-88.33323766202328, 14.227546506351938], [-88.3354733072615, 14.226432645044614], [-88.33298921213222, 14.227550151114507], [-88.32982344032196, 14.220517995189068]], [[-88.32785780112388, 14.198303514420228], [-88.3211198169202, 14.209648416404361], [-88.32121281155739, 14.209814812072683], [-88.32785780112388, 14.198303514420228]], [[-88.33404307215996, 14.177465304541448], [-88.333872509446, 14.17719677762407], [-88.33156937898325, 14.1812497647353], [-88.33404307215996, 14.177465304541448]], [[-88.32888953185945, 14.169351782785794], [-88.3288792055791, 14.169398874675796], [-88.32948506313184, 14.17028936271202], [-88.32888953185945, 14.169351782785794]], [[-88.3292743665806, 14.165612410598461], [-88.3257890398452, 14.164130518490696], [-88.3291992477795, 14.166158021191688], [-88.3292743665806, 14.165612410598461]], [[-88.32461538472567, 14.162901530215285], [-88.32559603476226, 14.164015769380224], [-88.32562102721232, 14.164030628374453], [-88.32461538472567, 14.162901530215285]], [[-88.32076198685452, 14.147031769627228], [-88.31905115053895, 14.156579307788851], [-88.31908577299062, 14.156618646686722], [-88.32076198685452, 14.147031769627228]], [[-88.32350555986264, 14.13977917353164], [-88.32348871962343, 14.139542770505768], [-88.31960183740347, 14.145027449983457], [-88.32350555986264, 14.13977917353164]], [[-88.3233111625893, 14.137050227518658], [-88.32313923778689, 14.135718202674882], [-88.32333312921058, 14.137358594619311], [-88.3233111625893, 14.137050227518658]], [[-88.32286416917663, 14.133587048720093], [-88.32098912587038, 14.132718239274075], [-88.32287094474131, 14.133639543882852], [-88.32286416917663, 14.133587048720093]], [[-88.32070128232426, 14.122709337852156], [-88.31999607093812, 14.12201910556187], [-88.32070295206793, 14.12276739821178], [-88.32070128232426, 14.122709337852156]], [[-88.31849880607436, 14.115020607657948], [-88.31703988992233, 14.118889741327077], [-88.31715815923224, 14.119014939258644], [-88.31849880607436, 14.115020607657948]], [[-88.31603796543872, 14.10857383533764], [-88.3160284162961, 14.108584188822705], [-88.31849880607436, 14.115020607657948], [-88.31603796543872, 14.10857383533764]], [[-88.32114510023331, 14.107048783574193], [-88.31775780121849, 14.106709134517713], [-88.31772997390286, 14.106739305781089], [-88.32114510023331, 14.107048783574193]], [[-88.33376204369438, 14.096357474802815], [-88.33375958985476, 14.096340494332885], [-88.32935800805818, 14.098993185717337], [-88.33376204369438, 14.096357474802815]], [[-88.32727082017827, 14.079624209038823], [-88.32710639788728, 14.080690893868471], [-88.33284686796407, 14.090024496115678], [-88.32727082017827, 14.079624209038823]], [[-88.33102217117204, 14.076560138788079], [-88.32735411608986, 14.07908382923544], [-88.32733282406224, 14.079221960645251], [-88.33102217117204, 14.076560138788079]], [[-88.34005216403487, 14.07808932234772], [-88.34041426019854, 14.077761062694849], [-88.33283597744034, 14.075312206177992], [-88.34005216403487, 14.07808932234772]], [[-88.35111993827245, 14.075338267044819], [-88.34558816327271, 14.07323578917901], [-88.34549301304476, 14.073333149187555], [-88.35111993827245, 14.075338267044819]], [[-88.36503754027513, 14.052871436393973], [-88.36499661630556, 14.052882339500432], [-88.35686267852445, 14.067859554366617], [-88.36503754027513, 14.052871436393973]], [[-88.37263399275228, 14.050793842365168], [-88.37422325927552, 14.046701432353823], [-88.37251812317334, 14.050824488260165], [-88.37263399275228, 14.050793842365168]], [[-88.37479721306588, 14.039719212067073], [-88.37350698328899, 14.042389863659894], [-88.37352523104776, 14.042404321042708], [-88.37479721306588, 14.039719212067073]], [[-88.33778890341308, 13.991222270775797], [-88.33781602790033, 13.991076217660032], [-88.33385601862364, 13.995585304060874], [-88.33778890341308, 13.991222270775797]], [[-88.33825379188237, 13.98871905628925], [-88.33737749921546, 13.985534023544858], [-88.33792220277375, 13.990504513909954], [-88.33825379188237, 13.98871905628925]], [[-88.33697517402106, 13.984071705113532], [-88.33205070413582, 13.979152525626048], [-88.33239932457995, 13.980623279796829], [-88.33697517402106, 13.984071705113532]], [[-88.33483979232096, 13.975414198328284], [-88.33188759932052, 13.978464421725581], [-88.33193099556742, 13.978647501095132], [-88.33483979232096, 13.975414198328284]], [[-88.3428098225925, 13.973294494203811], [-88.34280462310846, 13.973276528411326], [-88.33483979232096, 13.975414198328284], [-88.3428098225925, 13.973294494203811]], [[-88.34119201554839, 13.967704480762384], [-88.3411871157409, 13.967767668432856], [-88.34208866240326, 13.970802667279228], [-88.34119201554839, 13.967704480762384]], [[-88.34237012708141, 13.959805571855089], [-88.34179276364812, 13.95995726355606], [-88.34120728476985, 13.967507569652325], [-88.34237012708141, 13.959805571855089]], [[-88.35433727280187, 13.956568280698184], [-88.35526450416963, 13.955877906957864], [-88.35603933028418, 13.953384239884041], [-88.35433727280187, 13.956568280698184]], [[-88.364625165564, 13.969676796091578], [-88.35789702357894, 13.957516381469274], [-88.35706939127618, 13.957001264874846], [-88.364625165564, 13.969676796091578]], [[-88.36915190128887, 13.972565536551562], [-88.36940027220888, 13.97253591064019], [-88.36912737299203, 13.972549883796942], [-88.36915190128887, 13.972565536551562]], [[-88.37824126426307, 13.971481348990894], [-88.37822469448656, 13.971453072210855], [-88.37723664636876, 13.971601180735684], [-88.37824126426307, 13.971481348990894]], [[-88.40079075788262, 13.967353985781287], [-88.3967660309891, 13.955969021031011], [-88.39929970056725, 13.965219655374533], [-88.40079075788262, 13.967353985781287]], [[-88.39788158757905, 13.948150709101325], [-88.39666949214784, 13.95561654984529], [-88.3966774376292, 13.95564555944598], [-88.39788158757905, 13.948150709101325]], [[-88.37172934544763, 13.913101697211003], [-88.37139751236141, 13.913501575943531], [-88.37172396773668, 13.913671616030042], [-88.37172934544763, 13.913101697211003]], [[-88.3743657975403, 13.911098359924097], [-88.37572262737487, 13.90855903568957], [-88.3731082068554, 13.911440086675542], [-88.3743657975403, 13.911098359924097]], [[-88.39694404883318, 13.895695228938267], [-88.39677697334973, 13.89542062247039], [-88.39667577323954, 13.89589355457242], [-88.39694404883318, 13.895695228938267]], [[-88.65677709366784, 14.04861134084527], [-88.65362248672305, 14.051216560829864], [-88.6567975158554, 14.048623323125717], [-88.65677709366784, 14.04861134084527]], [[-88.80529082447687, 14.29750380889005], [-88.79992847296053, 14.29464151813896], [-88.79723349221233, 14.294492430674937], [-88.80529082447687, 14.29750380889005]], [[-88.8160091516412, 14.252931809852955], [-88.81607348448502, 14.252613794068845], [-88.81320475100178, 14.239818802507443], [-88.8160091516412, 14.252931809852955]], [[-88.74992924774315, 14.189442338993567], [-88.75624205859337, 14.192328336601776], [-88.75618710017088, 14.192233378271904], [-88.74992924774315, 14.189442338993567]], [[-88.81570245280399, 14.254447910578573], [-88.8157456953558, 14.254234150184939], [-88.80006179973041, 14.264572808761], [-88.81570245280399, 14.254447910578573]], [[-88.79284621074105, 14.232115187390312], [-88.79085655454297, 14.229923717929633], [-88.7881365360027, 14.228319342163541], [-88.79284621074105, 14.232115187390312]], [[-88.78786747285503, 14.228160637953522], [-88.7877282905203, 14.228078542643658], [-88.78572566417476, 14.228432335556867], [-88.78786747285503, 14.228160637953522]], [[-88.7853196946863, 14.228483834525036], [-88.7851815489982, 14.22826168283223], [-88.78530831231927, 14.228485278427037], [-88.7853196946863, 14.228483834525036]], [[-88.78297129531303, 14.224707380092285], [-88.78293524933274, 14.224649414652665], [-88.78009956389369, 14.224225688644763], [-88.78297129531303, 14.224707380092285]], [[-88.77506366216127, 14.22347319243772], [-88.77050722501693, 14.226004887389378], [-88.77548212462096, 14.223535721738418], [-88.77506366216127, 14.22347319243772]], [[-88.76692799238234, 14.223010004190089], [-88.76691817620758, 14.223000306507526], [-88.75920603196826, 14.222962301840816], [-88.76692799238234, 14.223010004190089]], [[-88.7501016919876, 14.226791272149807], [-88.74377891785876, 14.228587702069063], [-88.74386179981933, 14.228617418107588], [-88.7501016919876, 14.226791272149807]], [[-88.7421825979014, 14.228015366363865], [-88.73889261145992, 14.226609337431594], [-88.73901624308819, 14.226880119068001], [-88.7421825979014, 14.228015366363865]], [[-88.74207634233198, 14.4428018801196], [-88.7421145910583, 14.442807289592304], [-88.74611622017547, 14.435417344378203], [-88.74207634233198, 14.4428018801196]], [[-88.74055071673429, 14.442586112672572], [-88.73966601422144, 14.440364768318442], [-88.73964849783664, 14.440369697421863], [-88.74055071673429, 14.442586112672572]], [[-88.77639008805927, 14.420997185162332], [-88.74993794183577, 14.431813346465978], [-88.79645034964335, 14.413096527050236], [-88.77639008805927, 14.420997185162332]], [[-88.49219974990955, 13.963301887883985], [-88.49213863418059, 13.963248288059498], [-88.48974191347602, 13.973503450814425], [-88.49219974990955, 13.963301887883985]], [[-88.47965213260443, 13.979412467703916], [-88.47680311145433, 13.979634329446437], [-88.47681188922186, 13.979722416400353], [-88.47965213260443, 13.979412467703916]], [[-88.48095118832715, 13.991838321069993], [-88.4809113490643, 13.991871019874518], [-88.48096957749352, 13.991865221526607], [-88.48095118832715, 13.991838321069993]], [[-88.44039575809497, 14.014565466330788], [-88.44037323993638, 14.014587475617866], [-88.4403618649442, 14.014673049612307], [-88.44039575809497, 14.014565466330788]], [[-88.43930654135033, 14.018022846628373], [-88.43780499742074, 14.018504913924943], [-88.43918482079947, 14.018409210716534], [-88.43930654135033, 14.018022846628373]], [[-88.41421969789451, 13.966697730274376], [-88.40095235963992, 13.967585305892745], [-88.41716058363548, 13.967650034514454], [-88.41421969789451, 13.966697730274376]], [[-88.48409685528867, 13.863358540659405], [-88.48394031818043, 13.863530443860428], [-88.48407629637374, 13.863657217721578], [-88.48409685528867, 13.863358540659405]], [[-88.48610933680943, 13.865637142580947], [-88.47899320300304, 13.869474468639687], [-88.48613816235493, 13.865656067298813], [-88.48610933680943, 13.865637142580947]], [[-88.45636052371353, 13.893452394448703], [-88.45635185372902, 13.893456616524228], [-88.45458015263887, 13.898505587979288], [-88.45636052371353, 13.893452394448703]], [[-88.42554858035385, 13.945967592845067], [-88.43233984353817, 13.949652183877234], [-88.43237535053164, 13.94963147472361], [-88.42554858035385, 13.945967592845067]], [[-88.42719740809223, 13.95265146585675], [-88.42532769742748, 13.953165718922834], [-88.42631820468611, 13.953164253807131], [-88.42719740809223, 13.95265146585675]], [[-88.4139310446546, 13.96585023407243], [-88.41365922950875, 13.966013412893565], [-88.41376415915994, 13.966141529279593], [-88.4139310446546, 13.96585023407243]], [[-88.55284433868613, 14.025556539602272], [-88.57484142101248, 14.031988054468306], [-88.5929692001416, 14.037285973573123], [-88.55284433868613, 14.025556539602272]], [[-88.51973860612436, 14.019982650098198], [-88.52326391859586, 14.018276958848025], [-88.52324614707786, 14.018265498753912], [-88.51973860612436, 14.019982650098198]], [[-88.51770581312064, 14.023578324408174], [-88.51775551132936, 14.023600883457819], [-88.51973860612436, 14.019982650098198], [-88.51770581312064, 14.023578324408174]], [[-88.5217277708704, 14.025403974605634], [-88.5218135040938, 14.02510841421315], [-88.5186272809054, 14.023996597783452], [-88.5217277708704, 14.025403974605634]], [[-88.5200553313707, 14.030953128526082], [-88.52010996991613, 14.030981251022563], [-88.52037661726068, 14.030061999527216], [-88.5200553313707, 14.030953128526082]], [[-88.52322428314477, 14.039418652757167], [-88.52384716147185, 14.033130328887818], [-88.52380701304352, 14.033108589579705], [-88.52322428314477, 14.039418652757167]], [[-88.5213100281608, 14.040846554791178], [-88.52308361513649, 14.040838779217905], [-88.52308796208216, 14.040794894239037], [-88.5213100281608, 14.040846554791178]], [[-88.51776136068645, 14.04648219620254], [-88.51776938417068, 14.046500765430567], [-88.52195662944614, 14.043289847379798], [-88.51776136068645, 14.04648219620254]], [[-88.5264818015457, 14.07264084616407], [-88.52649868225821, 14.07262878177641], [-88.52369377906567, 14.069735424073759], [-88.5264818015457, 14.07264084616407]], [[-88.5297481193065, 14.073138523165019], [-88.52976139733782, 14.073087861071825], [-88.52806412550316, 14.071509983374623], [-88.5297481193065, 14.073138523165019]], [[-88.43135606878172, 14.131763297701383], [-88.43132286171078, 14.131805359072226], [-88.4321299372149, 14.132950889442025], [-88.43135606878172, 14.131763297701383]], [[-88.43353684875721, 14.129057735449923], [-88.43351618528217, 14.129027209916195], [-88.43295170521503, 14.129742202379042], [-88.43353684875721, 14.129057735449923]], [[-88.42769930655224, 14.121767111790406], [-88.4276729896727, 14.12178241770652], [-88.42804126577695, 14.12401590514422], [-88.42769930655224, 14.121767111790406]], [[-88.41421219231648, 14.104004912461903], [-88.41422846136345, 14.104071579744067], [-88.42064914244057, 14.110327542993208], [-88.41421219231648, 14.104004912461903]], [[-88.37811944105633, 14.05778872727002], [-88.37660703396377, 14.061881032107092], [-88.37663652014872, 14.061892569597587], [-88.37811944105633, 14.05778872727002]], [[-88.38238692215977, 14.050566510359452], [-88.38238857203768, 14.050088978377799], [-88.37762031516328, 14.054168916559806], [-88.38238692215977, 14.050566510359452]], [[-88.38370383208277, 14.04226251199994], [-88.38185416305646, 14.044092781566762], [-88.38240933950438, 14.044078152101163], [-88.38370383208277, 14.04226251199994]], [[-88.40327089125218, 14.035572623983638], [-88.40487246494084, 14.032303418903787], [-88.40316412262881, 14.035553287810846], [-88.40327089125218, 14.035572623983638]], [[-88.38341194955586, 14.038921279581931], [-88.38774387474412, 14.038297243056459], [-88.38340785142586, 14.038907392144218], [-88.38341194955586, 14.038921279581931]], [[-88.38430545394226, 14.041418684239105], [-88.38358777837185, 14.039517115176796], [-88.38419474600734, 14.041573961889613], [-88.38430545394226, 14.041418684239105]], [[-88.52190470446509, 14.00992988138758], [-88.51944571819752, 14.007696809728769], [-88.52187664102954, 14.009984554331933], [-88.52190470446509, 14.00992988138758]], [[-88.52405978333633, 13.999382596562812], [-88.52655499040277, 13.994959972779759], [-88.52405167658297, 13.999368767965702], [-88.52405978333633, 13.999382596562812]], [[-88.33881015829107, 14.412298922143101], [-88.33880804777455, 14.412313016248243], [-88.3441458747444, 14.405653920329065], [-88.33881015829107, 14.412298922143101]], [[-88.38399139474606, 14.372622037971375], [-88.38406819990772, 14.372659329477198], [-88.3855704150874, 14.370270583075374], [-88.38399139474606, 14.372622037971375]], [[-88.38847039675139, 14.365659179290533], [-88.38213273891391, 14.36152905127367], [-88.38834894350897, 14.365852308077764], [-88.38847039675139, 14.365659179290533]], [[-88.38460789509628, 14.357241204184545], [-88.38225182692901, 14.361322748656264], [-88.38637370566977, 14.356474433722546], [-88.38460789509628, 14.357241204184545]], [[-88.39484515830318, 14.355163114822139], [-88.38866464472854, 14.35547963596401], [-88.38780828355405, 14.355851494907013], [-88.39484515830318, 14.355163114822139]], [[-88.42106043529785, 14.24658778781503], [-88.42422610338755, 14.250169141045683], [-88.42413031343462, 14.249134726172073], [-88.42106043529785, 14.24658778781503]], [[-88.4180145054375, 14.246301139982174], [-88.42087097176778, 14.246430598535683], [-88.4206740782494, 14.246267244932751], [-88.4180145054375, 14.246301139982174]], [[-88.4097766839494, 14.24175790402033], [-88.40976812972113, 14.241759968941839], [-88.4180145054375, 14.246301139982174], [-88.4097766839494, 14.24175790402033]], [[-88.38816132143181, 14.231841118859673], [-88.38903711994332, 14.23452355741213], [-88.38817487056032, 14.231849484691184], [-88.38816132143181, 14.231841118859673]], [[-88.38391814383561, 14.229228987204566], [-88.38618636083889, 14.230621690795271], [-88.38391976774423, 14.22922219591921], [-88.38391814383561, 14.229228987204566]], [[-88.36932466661037, 14.232272404555877], [-88.36934132587541, 14.232260995519418], [-88.3670376094018, 14.229703562230934], [-88.36932466661037, 14.232272404555877]], [[-88.3374703001167, 14.225534268967568], [-88.36060096775883, 14.230995684272688], [-88.33750624782672, 14.22551809737105], [-88.3374703001167, 14.225534268967568]], [[-88.62847434793684, 14.412347844487995], [-88.62478276205353, 14.418552090380315], [-88.62597370388892, 14.416551043937224], [-88.62847434793684, 14.412347844487995]], [[-88.5252059577219, 14.42230791145497], [-88.52476830685868, 14.422463341527004], [-88.52475709444629, 14.422478568022052], [-88.5252059577219, 14.42230791145497]], [[-88.52123291105094, 14.424932873355433], [-88.5212259099458, 14.424917665985854], [-88.5209396909253, 14.424969801939081], [-88.52123291105094, 14.424932873355433]], [[-88.51798591728661, 14.425507843764564], [-88.51797224286824, 14.425510334615225], [-88.51377949267268, 14.430991147949884], [-88.51798591728661, 14.425507843764564]], [[-88.50197850355745, 14.442625188530133], [-88.50148480488582, 14.439156238447], [-88.50190424192745, 14.444430063615664], [-88.50266674328176, 14.438253351756613], [-88.50197850355745, 14.442625188530133]], [[-88.6312835505005, 14.336463524295949], [-88.6373191797996, 14.332751171457776], [-88.63108227917688, 14.336362461851024], [-88.6312835505005, 14.336463524295949]], [[-88.62792784618138, 14.334711269092], [-88.6279317329876, 14.334780508222376], [-88.62900233451352, 14.335318079128182], [-88.62792784618138, 14.334711269092]], [[-88.62743494687595, 14.326231166287666], [-88.62035252220765, 14.321776112465383], [-88.62743552809604, 14.326242573786798], [-88.62743494687595, 14.326231166287666]], [[-88.61859648668113, 14.317293628329706], [-88.6177257547033, 14.321829043155802], [-88.61774594291279, 14.321828636353196], [-88.61859648668113, 14.317293628329706]], [[-88.56508172101483, 14.286340539335797], [-88.56272565784076, 14.283739642331708], [-88.5650835097541, 14.286352025171558], [-88.56508172101483, 14.286340539335797]], [[-88.53274321328591, 14.293055628555493], [-88.53273163793085, 14.293058522474723], [-88.54480490586495, 14.296335589210772], [-88.53274321328591, 14.293055628555493]], [[-88.51502646970636, 14.300806070833325], [-88.51507211235406, 14.300811309010706], [-88.52423609037396, 14.29518246842126], [-88.51502646970636, 14.300806070833325]], [[-88.50894544434247, 14.29714198251847], [-88.508931541385, 14.297137091416465], [-88.51108899413862, 14.30035418654308], [-88.50894544434247, 14.29714198251847]], [[-88.50567701695884, 14.295992139992888], [-88.50233755183238, 14.29513193761041], [-88.50877407623923, 14.297081694707392], [-88.50567701695884, 14.295992139992888]], [[-88.49998436732271, 14.296186278495972], [-88.49968243769813, 14.296837310996915], [-88.50233755183238, 14.29513193761041], [-88.49998436732271, 14.296186278495972]], [[-88.46708386998361, 14.352964467868112], [-88.46709338875637, 14.352964282525349], [-88.46845234369593, 14.348173016356263], [-88.46708386998361, 14.352964467868112]], [[-88.44987177574659, 14.362393073464643], [-88.44944143223047, 14.362584316176568], [-88.45231401367995, 14.362509179222336], [-88.44987177574659, 14.362393073464643]], [[-88.43992569488012, 14.367081651527709], [-88.44061028295432, 14.367283310842414], [-88.44577230022978, 14.36431842425955], [-88.43992569488012, 14.367081651527709]], [[-88.60191909115679, 14.149097819216264], [-88.60142994977376, 14.149157033428832], [-88.6006815376985, 14.149910326391797], [-88.60191909115679, 14.149097819216264]], [[-88.59727917274087, 14.153821589772464], [-88.59738637994394, 14.153226974038802], [-88.5890824641365, 14.161585045146477], [-88.59727917274087, 14.153821589772464]], [[-88.5890032326552, 14.161660088691265], [-88.5890244073109, 14.161640033263835], [-88.58576926649212, 14.16201479194253], [-88.5890032326552, 14.161660088691265]], [[-88.53324412729383, 14.204957185809198], [-88.53459904326309, 14.1999058529044], [-88.53220662571317, 14.205393916302132], [-88.53324412729383, 14.204957185809198]], [[-88.53220642798058, 14.205393999536561], [-88.53220642798058, 14.20539399953656], [-88.53069937929664, 14.185007356004288], [-88.53220642798058, 14.205393999536561]], [[-88.49073934542605, 14.151027365362356], [-88.49641720088043, 14.159584250265093], [-88.49075941772801, 14.151025425193279], [-88.49073934542605, 14.151027365362356]], [[-88.48513464914458, 14.151806010195525], [-88.489990547026, 14.15109974348342], [-88.48455287740164, 14.151625343311549], [-88.48513464914458, 14.151806010195525]], [[-88.48331882706061, 14.151242113922208], [-88.48374014285001, 14.151372951852656], [-88.48194474606018, 14.148902924108379], [-88.48331882706061, 14.151242113922208]], [[-88.65272647604105, 14.143589692743832], [-88.65575918914648, 14.141028714056766], [-88.65573361682073, 14.141033661718478], [-88.65272647604105, 14.143589692743832]], [[-88.62459736001809, 14.152719729898495], [-88.62591893292851, 14.15099116972887], [-88.62451991351867, 14.152670436565787], [-88.62459736001809, 14.152719729898495]], [[-88.62166459233379, 14.152654813487537], [-88.62206141452873, 14.152417371998181], [-88.62090099026322, 14.152252896537458], [-88.62166459233379, 14.152654813487537]], [[-88.61749709276728, 14.151750803297977], [-88.61751417503149, 14.151740307081278], [-88.61529439927087, 14.149937143795912], [-88.61749709276728, 14.151750803297977]], [[-88.61244301239789, 14.147620911583203], [-88.60488927531776, 14.147165738727164], [-88.60487958618477, 14.147183111742422], [-88.61244301239789, 14.147620911583203]], [[-88.5623797935693, 14.28335783705699], [-88.56108111067789, 14.281924199589756], [-88.55992394328598, 14.281518917282103], [-88.5623797935693, 14.28335783705699]], [[-88.55808651488243, 14.280875382709024], [-88.55715746457737, 14.280549995341394], [-88.55379259884046, 14.28133669686935], [-88.55808651488243, 14.280875382709024]], [[-88.55351934063623, 14.281366054192084], [-88.54895268893563, 14.278365244063558], [-88.55351072281164, 14.28136698004263], [-88.55351934063623, 14.281366054192084]], [[-88.53989579208239, 14.271630086188638], [-88.53934996193591, 14.266327726638735], [-88.53986496383462, 14.271622359950326], [-88.53989579208239, 14.271630086188638]], [[-88.53071343591056, 14.245771031540277], [-88.52972997629325, 14.228267622031344], [-88.52972195781382, 14.228259477832813], [-88.53071343591056, 14.245771031540277]], [[-88.52186558479687, 14.218898353902645], [-88.52312532724731, 14.221175740313031], [-88.5270635008983, 14.223640594745994], [-88.52706429913968, 14.2236329542867], [-88.52186558479687, 14.218898353902645]], [[-88.5172321496066, 14.214269453431998], [-88.51662446542983, 14.211953139602091], [-88.51683735931869, 14.213961862060774], [-88.5172321496066, 14.214269453431998]], [[-88.50323291988128, 14.434325062727012], [-88.49887716851512, 14.429593713592107], [-88.49882689162794, 14.429759038239542], [-88.50323291988128, 14.434325062727012]], [[-88.6380551507368, 14.338369521242715], [-88.63856021054406, 14.33727602974191], [-88.63855171514977, 14.337281143966063], [-88.6380551507368, 14.338369521242715]], [[-88.63725399017048, 14.341053511452884], [-88.63709642524238, 14.340470870061598], [-88.6370862560246, 14.340493159104597], [-88.63725399017048, 14.341053511452884]], [[-88.63230123023511, 14.34510197163834], [-88.6323450558617, 14.345112895680948], [-88.63772319360957, 14.342788525379254], [-88.63230123023511, 14.34510197163834]], [[-88.62711045864079, 14.344624511328089], [-88.62790560478182, 14.344017212806385], [-88.62789235375638, 14.344013684468052], [-88.62711045864079, 14.344624511328089]], [[-88.62501754255163, 14.34622299087974], [-88.6250319957346, 14.34621195215843], [-88.6236231114944, 14.345878457157472], [-88.62501754255163, 14.34622299087974]], [[-88.60819376624075, 14.35162416579142], [-88.61888868317355, 14.344757777308592], [-88.6188467409949, 14.34474784923465], [-88.60819376624075, 14.35162416579142]], [[-88.53521273854828, 14.384170160357238], [-88.53602146259065, 14.383381540977592], [-88.53597429104326, 14.383359658235808], [-88.53521273854828, 14.384170160357238]], [[-88.53379284327606, 14.386215468584759], [-88.53376868947332, 14.385707027278995], [-88.53370129628499, 14.385778752238824], [-88.53379284327606, 14.386215468584759]], [[-88.61082514350703, 14.490820850592485], [-88.61082084624412, 14.491655063827208], [-88.61087308436637, 14.491602291536783], [-88.61082514350703, 14.490820850592485]], [[-88.61083695887767, 14.488527172324295], [-88.61083662823587, 14.488591358706923], [-88.62065532320813, 14.487454140878269], [-88.61083695887767, 14.488527172324295]], [[-88.26312178486113, 14.022074160410508], [-88.30329898892255, 14.012678757135422], [-88.26300394192027, 14.021388686066247], [-88.26312178486113, 14.022074160410508]], [[-88.263795171329, 14.02590097072332], [-88.26376186014359, 14.025797380328264], [-88.2637773941963, 14.025887739534511], [-88.263795171329, 14.02590097072332]], [[-88.27182636895434, 14.031801857313383], [-88.2715843461904, 14.031698308517544], [-88.27178050663174, 14.03184430708101], [-88.27182636895434, 14.031801857313383]], [[-88.2694059403265, 14.046568885716658], [-88.26527660011106, 14.04344990812408], [-88.26517764716581, 14.043682576304207], [-88.2694059403265, 14.046568885716658]], [[-88.26951313173707, 14.046649849645583], [-88.26950398249052, 14.04664293902706], [-88.26952054715763, 14.046670104477265], [-88.26951313173707, 14.046649849645583]], [[-88.27256694572141, 14.050879748322144], [-88.27205956195078, 14.050833996180023], [-88.27240736727975, 14.051404384240533], [-88.27256694572141, 14.050879748322144]], [[-88.27744332337198, 14.04726122855898], [-88.2738200770328, 14.046895008100416], [-88.27381612032448, 14.046935776526977], [-88.27744332337198, 14.04726122855898]], [[-88.28210115722968, 14.043894030562885], [-88.2776709815941, 14.047120004792387], [-88.2824334586877, 14.044165686045492], [-88.28210115722968, 14.043894030562885]], [[-88.28562379180232, 14.046773774156419], [-88.28560889530962, 14.04676159631664], [-88.28544392042296, 14.046995825889882], [-88.28562379180232, 14.046773774156419]], [[-88.28495967399581, 14.050670064401599], [-88.28422084716054, 14.048732332179421], [-88.28410312398096, 14.048899474286161], [-88.28495967399581, 14.050670064401599]], [[-88.28521726419497, 14.051345650080373], [-88.28520539288675, 14.051314515022264], [-88.28515565905785, 14.051453827245906], [-88.28521726419497, 14.051345650080373]], [[-88.28240603352927, 14.05920730803793], [-88.28240853816874, 14.059148941981412], [-88.2823832351348, 14.059219819732027], [-88.28240603352927, 14.05920730803793]], [[-88.27206686386755, 14.062145738551964], [-88.27217508876544, 14.061891620885723], [-88.27208945307353, 14.061901534205502], [-88.27206686386755, 14.062145738551964]], [[-88.27090203134385, 14.064880825655493], [-88.27091942652534, 14.064839980868284], [-88.27080451700303, 14.064969659905614], [-88.27090203134385, 14.064880825655493]], [[-88.26194424222881, 14.073041250799305], [-88.26223555772641, 14.072775866307557], [-88.26174025623304, 14.073064336805611], [-88.26194424222881, 14.073041250799305]], [[-88.25650230423877, 14.073657139229713], [-88.2581094660039, 14.073475249553875], [-88.25656562012273, 14.073523571966476], [-88.25650230423877, 14.073657139229713]], [[-88.25509741009542, 14.076644388299195], [-88.25513098008697, 14.076549999638653], [-88.25508204084977, 14.076653238819214], [-88.25509741009542, 14.076644388299195]], [[-88.24779721743518, 14.087565382449263], [-88.24797727099691, 14.087377482695379], [-88.24480922433503, 14.08614410439323], [-88.24779721743518, 14.087565382449263]], [[-88.24399688398076, 14.085827845488659], [-88.23886969481813, 14.086683668752382], [-88.24411855808425, 14.085875215434625], [-88.24399688398076, 14.085827845488659]], [[-88.23653361562266, 14.085263930587564], [-88.23285419767171, 14.084943501303345], [-88.23738714124273, 14.086254794561178], [-88.23653361562266, 14.085263930587564]], [[-88.35605832047337, 13.953323122675137], [-88.35434009788801, 13.952217406380834], [-88.35605236952075, 13.953342274965303], [-88.35605832047337, 13.953323122675137]], [[-88.35342219759069, 13.944458409893157], [-88.35338570659825, 13.944426218277599], [-88.35434009788801, 13.952217406380834], [-88.35342219759069, 13.944458409893157]], [[-88.34954307490304, 13.941036326306943], [-88.34953653404499, 13.941065184619045], [-88.35093081650726, 13.94226056388541], [-88.34954307490304, 13.941036326306943]], [[-88.35079255948533, 13.935376658550076], [-88.34857150688792, 13.932478647337822], [-88.35078418423382, 13.935413846112283], [-88.35079255948533, 13.935376658550076]], [[-88.35082302951021, 13.922452873900603], [-88.34762866609279, 13.931227933964939], [-88.3476369966601, 13.931238984772232], [-88.35082302951021, 13.922452873900603]], [[-88.3575034954806, 13.916508219773789], [-88.35750021229514, 13.916484961483857], [-88.35748041349083, 13.916506057471219], [-88.3575034954806, 13.916508219773789]], [[-88.35449652567137, 13.895206658707691], [-88.35664330261704, 13.914655314563914], [-88.35736810935676, 13.915549136055782], [-88.35449652567137, 13.895206658707691]], [[-87.9938720511414, 14.089680016722248], [-87.99852160517567, 14.089754836854995], [-87.9985434062032, 14.089732054828188], [-87.9938720511414, 14.089680016722248]], [[-87.99140902744142, 14.093272797183088], [-87.99147348189896, 14.09316520385342], [-87.98922182239332, 14.093116570856855], [-87.99140902744142, 14.093272797183088]], [[-87.98608592773894, 14.086802202372192], [-87.9880277120789, 14.093031278685597], [-87.98806832227795, 14.09303417936572], [-87.98608592773894, 14.086802202372192]], [[-87.98350599848433, 14.086009789202869], [-87.98415238509502, 14.085768084579525], [-87.98368697212543, 14.08551916747687], [-87.98350599848433, 14.086009789202869]], [[-87.9723305884686, 14.090188632365654], [-87.97839212779631, 14.087922028980195], [-87.97433400103006, 14.08878696963703], [-87.9723305884686, 14.090188632365654]], [[-87.97014387434255, 14.092172759653877], [-87.97107690345878, 14.091065757519758], [-87.97018306754637, 14.091691118719957], [-87.97014387434255, 14.092172759653877]], [[-87.97044310599512, 14.096373227673409], [-87.96995000745859, 14.09455516828471], [-87.96916152279732, 14.104244768818296], [-87.97044310599512, 14.096373227673409]], [[-87.9691293962675, 14.104639568179326], [-87.97494226320829, 14.114711306307758], [-87.96913397691188, 14.104583277148818], [-87.9691293962675, 14.104639568179326]], [[-87.96593430251467, 14.117588695493692], [-87.97267966857754, 14.116490195711906], [-87.96593245037138, 14.117588426316003], [-87.96593430251467, 14.117588695493692]], [[-87.9549338721042, 14.117615537105658], [-87.9563865213903, 14.11717330096154], [-87.95550700529498, 14.11713420505763], [-87.9549338721042, 14.117615537105658]], [[-88.07794746057715, 13.998164959398117], [-88.07959156343173, 14.001786326542025], [-88.07797409608163, 13.998112444016131], [-88.07794746057715, 13.998164959398117]], [[-88.07809829773858, 14.006002505568627], [-88.07933546053394, 14.00250942335678], [-88.07796221538574, 14.00617051607786], [-88.07809829773858, 14.006002505568627]], [[-88.07356096645167, 14.011604402686075], [-88.07590102564251, 14.00871530995581], [-88.07352572257936, 14.01139519684267], [-88.07356096645167, 14.011604402686075]], [[-88.07431823075835, 14.016183215874328], [-88.07431584574925, 14.016172436489397], [-88.06995990153665, 14.02165965731145], [-88.07431823075835, 14.016183215874328]], [[-88.0669570675983, 14.02976653962889], [-88.0669678110164, 14.029737535152448], [-88.06549862211062, 14.031311414242555], [-88.0669570675983, 14.02976653962889]], [[-88.05250467732273, 14.054879708945851], [-88.05401391194859, 14.052901788861305], [-88.05671068911656, 14.040725550117324], [-88.05660345171847, 14.040840428944582], [-88.05250467732273, 14.054879708945851]], [[-88.05238910706831, 14.055031168979623], [-88.0524600789124, 14.054938157175192], [-88.04441460890486, 14.058675247836579], [-88.05238910706831, 14.055031168979623]], [[-88.0065366473987, 14.084299319749952], [-88.01157161636874, 14.078201747832484], [-88.0115822271052, 14.078071831815103], [-88.00950388220802, 14.079916846190944], [-88.0065366473987, 14.084299319749952]], [[-87.99308998474595, 14.086797197259715], [-87.99452159329445, 14.085792289654547], [-87.99452375662467, 14.08576952128204], [-87.99308998474595, 14.086797197259715]], [[-87.99454188372758, 14.085578739205637], [-87.99491635424742, 14.081637554358323], [-87.99482405637605, 14.081200796787963], [-87.99454188372758, 14.085578739205637]], [[-87.99332432404474, 14.074103997702183], [-87.99321142119075, 14.073569736451592], [-87.99320368848997, 14.073588144381723], [-87.99332432404474, 14.074103997702183]], [[-87.99487286998574, 14.06961460690725], [-87.9977771146313, 14.06829045405456], [-87.99488047346057, 14.06959650660347], [-87.99487286998574, 14.06961460690725]], [[-88.00728765258076, 14.068566579980683], [-88.00050371375374, 14.067061070943634], [-88.00048460945607, 14.067069684788153], [-88.00313406870117, 14.068471815325982], [-88.00728765258076, 14.068566579980683]], [[-88.00972760161228, 14.068622247792904], [-88.01016981386792, 14.068632336933494], [-88.0126073164963, 14.064378052760768], [-88.00972760161228, 14.068622247792904]], [[-88.01287569335146, 14.063909642432122], [-88.00992270973408, 14.05732975737513], [-88.0128407094911, 14.063970701354357], [-88.01287569335146, 14.063909642432122]], [[-88.00890300651551, 14.05658847751749], [-88.00827866721336, 14.056134610019], [-88.00288545067184, 14.055323341994997], [-88.00890300651551, 14.05658847751749]], [[-87.99462736360027, 14.054081129313746], [-87.99391173789373, 14.053973482189175], [-87.99385764037588, 14.054036337088531], [-87.99462736360027, 14.054081129313746]], [[-87.98662172367348, 14.05745694606703], [-87.9910147234411, 14.057325958262451], [-87.99102537005315, 14.057312716953748], [-87.98662172367348, 14.05745694606703]], [[-87.98501103897472, 14.060684455577238], [-87.9848734135291, 14.060672256734629], [-87.98499097995547, 14.060725075512622], [-87.98501103897472, 14.060684455577238]], [[-87.98255491478241, 14.059630630529197], [-87.97978755564478, 14.056187773961417], [-87.98094007575014, 14.058905135785682], [-87.98255491478241, 14.059630630529197]], [[-87.97722157798948, 14.05299545500897], [-87.9724702358126, 14.047084335849535], [-87.97277026707626, 14.048783034432315], [-87.97722157798948, 14.05299545500897]], [[-87.97172580269648, 14.04286955015075], [-87.97165577425626, 14.04208051700936], [-87.97160420696993, 14.042181106933679], [-87.97172580269648, 14.04286955015075]], [[-87.97037023743965, 14.02967730276816], [-87.97005189657537, 14.028152496689566], [-87.96971805009971, 14.02830302266522], [-87.97037023743965, 14.02967730276816]], [[-87.97278141155924, 14.026921802535332], [-87.97660649871096, 14.026076142577597], [-87.977413537651, 14.02483325180873], [-87.97278141155924, 14.026921802535332]], [[-87.97753240914656, 14.024779654574214], [-87.98561386194946, 14.026628435698465], [-87.97758823751253, 14.024754482467067], [-87.97753240914656, 14.024779654574214]], [[-87.99643135620693, 14.024232970244665], [-87.99647030894063, 14.024224344408987], [-87.99818939752254, 14.015909875902983], [-87.99643135620693, 14.024232970244665]], [[-87.99092129617443, 13.998233525800792], [-87.9909421418842, 13.99816984905398], [-87.9886624900202, 13.996758610033448], [-87.99092129617443, 13.998233525800792]], [[-87.96135567793175, 13.99184082103222], [-87.95685320140763, 13.98321852498741], [-87.96132046560862, 13.991822534234819], [-87.96135567793175, 13.99184082103222]], [[-87.95751321457676, 13.981346703663792], [-87.95352627173608, 13.979531266017025], [-87.95357386200666, 13.979594700550063], [-87.95751321457676, 13.981346703663792]], [[-87.95332215796128, 13.979259196498784], [-87.94731631613917, 13.970555355684926], [-87.94727842981926, 13.971203325670706], [-87.95332215796128, 13.979259196498784]], [[-87.9496309388589, 13.968343979016128], [-87.94738794514319, 13.96933028434386], [-87.94735806632181, 13.969841302028307], [-87.9496309388589, 13.968343979016128]], [[-87.94810590031638, 13.961261630829446], [-87.94971585528351, 13.959610479162258], [-87.94807974179139, 13.961140979199882], [-87.94810590031638, 13.961261630829446]], [[-87.9499226150502, 13.959398428676096], [-87.94993416761086, 13.959386580500102], [-87.94988803527328, 13.959250163852351], [-87.9499226150502, 13.959398428676096]], [[-87.94942273135614, 13.957255119078154], [-87.95253971417698, 13.95731304665052], [-87.94938555154289, 13.957095706295702], [-87.94942273135614, 13.957255119078154]], [[-87.95426035870322, 13.957345023971552], [-87.95433603754024, 13.957346430425023], [-87.9528350469751, 13.954491976490186], [-87.95426035870322, 13.957345023971552]], [[-87.95385655023058, 13.947405970746624], [-87.96312858803728, 13.955721692600086], [-87.95386786538712, 13.947327479303915], [-87.95385655023058, 13.947405970746624]], [[-87.9791233601149, 13.932841947977531], [-87.97770621620364, 13.935988228501204], [-87.9777414914288, 13.936051863025707], [-87.9791233601149, 13.932841947977531]], [[-87.9790324580964, 13.932417367436544], [-87.97771497529004, 13.926263735516104], [-87.97752975988094, 13.926424764026702], [-87.9790324580964, 13.932417367436544]], [[-87.97897111400424, 13.925171633367455], [-87.98333139739469, 13.922116210280358], [-87.98239816359556, 13.92219211511845], [-87.97897111400424, 13.925171633367455]], [[-87.99016592790709, 13.92156032178547], [-88.02066976042276, 13.921067522202248], [-88.00006586795688, 13.920755107328707], [-87.99016592790709, 13.92156032178547]], [[-88.3057697780737, 14.174575670435457], [-88.27873998010965, 14.17764801953024], [-88.29813863269278, 14.175959524904412], [-88.3057697780737, 14.174575670435457]], [[-88.1812988660312, 14.177085248561607], [-88.18059587532387, 14.177250803647457], [-88.1717329662087, 14.182465304278617], [-88.1812988660312, 14.177085248561607]], [[-88.16465783427682, 14.182747476068503], [-88.16358922071963, 14.182236034964905], [-88.1638987662945, 14.182777749365634], [-88.16465783427682, 14.182747476068503]], [[-88.16680290578559, 14.188806822349406], [-88.16566915125063, 14.19212664100547], [-88.16688461538428, 14.188965169156665], [-88.16680290578559, 14.188806822349406]], [[-88.16559495574153, 14.192319626554667], [-88.16454367693834, 14.19307260341158], [-88.16558838854472, 14.192336708101738], [-88.16559495574153, 14.192319626554667]], [[-88.16286374478688, 14.194275852280867], [-88.16284831321684, 14.194286905119624], [-88.16293206963488, 14.196797430620961], [-88.16286374478688, 14.194275852280867]], [[-88.15792587295364, 14.200774301973006], [-88.15781106146619, 14.200865507042321], [-88.15825028061205, 14.203470369170535], [-88.15792587295364, 14.200774301973006]], [[-88.15626765301049, 14.210572045986114], [-88.15464416925937, 14.208133572040557], [-88.1562011168409, 14.210656427718098], [-88.15626765301049, 14.210572045986114]], [[-88.15597466680467, 14.210943613565783], [-88.15408316113876, 14.212552235790696], [-88.1544980973601, 14.21281621140086], [-88.15597466680467, 14.210943613565783]], [[-88.16125482341567, 14.222832070934714], [-88.16190885261238, 14.242021675683912], [-88.16126491023135, 14.222843701932156], [-88.16125482341567, 14.222832070934714]], [[-88.16403398228655, 14.247015087103941], [-88.16404395296534, 14.247021973941992], [-88.16190885261238, 14.242021675683912], [-88.16403398228655, 14.247015087103941]], [[-88.21839105691237, 14.306075795784507], [-88.21645794273118, 14.31201707718774], [-88.20648921974423, 14.343480871732247], [-88.21839105691237, 14.306075795784507]], [[-88.20253021033537, 14.305719230598658], [-88.19707767265834, 14.304202023764745], [-88.19702047682652, 14.304205614144461], [-88.20253021033537, 14.305719230598658]], [[-88.18684750999259, 14.308065964838724], [-88.19028572422194, 14.30462837780359], [-88.18606506497211, 14.308296743855584], [-88.18684750999259, 14.308065964838724]], [[-88.1826230441865, 14.309311954064762], [-88.18391669768701, 14.30893039615949], [-88.16659591898942, 14.30830786434663], [-88.1826230441865, 14.309311954064762]], [[-88.14091657615403, 14.313059557760315], [-88.14980530465758, 14.309707482646981], [-88.1408904145089, 14.313055158505078], [-88.14091657615403, 14.313059557760315]], [[-88.13200987204173, 14.31156183601783], [-88.1261174524086, 14.305328382855025], [-88.13193190219, 14.311548724866869], [-88.13200987204173, 14.31156183601783]], [[-88.07974191961924, 14.281796080613784], [-88.07788467914868, 14.27884533428048], [-88.0796781414017, 14.281784451122068], [-88.07974191961924, 14.281796080613784]], [[-88.07449032944228, 14.276398346283155], [-88.07667167947537, 14.276918144778053], [-88.07276218240708, 14.274654358869723], [-88.07449032944228, 14.276398346283155]], [[-88.07010012728317, 14.271967903067434], [-88.06964856455794, 14.271342012511518], [-88.06962190026803, 14.271485292572981], [-88.07010012728317, 14.271967903067434]], [[-88.07053459267489, 14.266580957052016], [-88.07083004888679, 14.26527133802983], [-88.07078732581303, 14.26522290027693], [-88.07053459267489, 14.266580957052016]], [[-88.0564726863761, 14.24999141130819], [-88.05911901980046, 14.248456828958238], [-88.05564327904054, 14.250275422304503], [-88.0564726863761, 14.24999141130819]], [[-88.04500899042449, 14.253916883834233], [-88.04545345750321, 14.253764686557401], [-88.00886563048103, 14.252614702442674], [-88.04500899042449, 14.253916883834233]], [[-88.17431179397087, 14.142513719934898], [-88.17432962806427, 14.142516181242012], [-88.17831909945733, 14.138433051627675], [-88.17431179397087, 14.142513719934898]], [[-88.16576551530751, 14.14972326390421], [-88.16577707215679, 14.149724509195924], [-88.17106345663504, 14.142065412549044], [-88.16576551530751, 14.14972326390421]], [[-88.16249139571721, 14.149499730340159], [-88.1626008676105, 14.151051406725788], [-88.16260536455846, 14.149509102539369], [-88.16249139571721, 14.149499730340159]], [[-88.1625969749338, 14.152386465882241], [-88.15924991713317, 14.155250341275533], [-88.1589640120029, 14.155840324330066], [-88.1625969749338, 14.152386465882241]], [[-88.15440849235934, 14.160171257594284], [-88.15507283358104, 14.15953966828703], [-88.15440612637515, 14.164443963494103], [-88.15440849235934, 14.160171257594284]], [[-88.13179578606305, 14.165855723001968], [-88.1320777103606, 14.167942723143401], [-88.13185609970574, 14.165862507461311], [-88.13179578606305, 14.165855723001968]], [[-88.12037928854801, 14.175732172015158], [-88.12038862687443, 14.175720353246257], [-88.11972518947606, 14.172988733617059], [-88.12037928854801, 14.175732172015158]], [[-88.11854469415316, 14.177890747601662], [-88.11853238945024, 14.178069643702463], [-88.12019586802064, 14.17596431262864], [-88.11854469415316, 14.177890747601662]], [[-88.1124883715531, 14.176284873410227], [-88.11433213006178, 14.173176580665332], [-88.11155880852827, 14.176440798110402], [-88.1124883715531, 14.176284873410227]], [[-88.10714085992872, 14.179315568227047], [-88.1086142349586, 14.179577711708793], [-88.1089167655524, 14.179042416090077], [-88.10714085992872, 14.179315568227047]], [[-88.08050088007181, 14.15745563607019], [-88.08053957464503, 14.157544250799646], [-88.08220104466807, 14.156778490630042], [-88.08050088007181, 14.15745563607019]], [[-88.05791182381347, 14.140482669690266], [-88.05803688315096, 14.140525028883891], [-88.06656507891289, 14.13774465368308], [-88.05791182381347, 14.140482669690266]], [[-88.05273569954203, 14.137847526446377], [-88.05377818875202, 14.139082554741266], [-88.05730726866467, 14.140277899146001], [-88.05273569954203, 14.137847526446377]], [[-88.05236947546139, 14.137413663824585], [-88.05257164656685, 14.134784539987292], [-88.05200192102635, 14.13697822514297], [-88.05236947546139, 14.137413663824585]], [[-88.0591230713065, 14.130062547438525], [-88.05909130468476, 14.13001913879883], [-88.05746041448187, 14.131211202243037], [-88.0591230713065, 14.130062547438525]], [[-88.05715789206941, 14.112099627822804], [-88.04866613660325, 14.108768771412901], [-88.05714031499933, 14.112150117998157], [-88.05715789206941, 14.112099627822804]], [[-88.03865508794554, 14.10818531860068], [-88.04609112025652, 14.10775873176465], [-88.03489589949578, 14.108274006027948], [-88.03865508794554, 14.10818531860068]], [[-88.03059165583882, 14.104904663860236], [-88.03273860912658, 14.108324901197282], [-88.03281266621961, 14.108323154029472], [-88.03059165583882, 14.104904663860236]], [[-88.03304219890617, 14.10027288383609], [-88.02975801651492, 14.103576621765667], [-88.02978251425904, 14.10361564827806], [-88.03304219890617, 14.10027288383609]], [[-88.038581077773, 14.093654504000385], [-88.03787731546106, 14.094816403517555], [-88.03926885437814, 14.097402816761068], [-88.038581077773, 14.093654504000385]], [[-88.03780687034562, 14.089435152022183], [-88.03754961998652, 14.089426186145271], [-88.03793155345902, 14.09011466234787], [-88.03780687034562, 14.089435152022183]], [[-88.04568802624755, 14.089725334667737], [-88.04565632371857, 14.08970872688915], [-88.04522531953253, 14.089693705217288], [-88.04568802624755, 14.089725334667737]], [[-88.07811506202357, 14.061163680215353], [-88.07810921110824, 14.06114875233704], [-88.07583772973838, 14.061790856190047], [-88.07811506202357, 14.061163680215353]], [[-88.07736817195767, 14.047254997488615], [-88.07732477781093, 14.047262777543033], [-88.07529853604228, 14.05397766661137], [-88.07736817195767, 14.047254997488615]], [[-88.2323300527602, 14.084897855122058], [-88.2274568471873, 14.087633616902936], [-88.2325149717131, 14.084913959149517], [-88.2323300527602, 14.084897855122058]], [[-88.22418905491543, 14.083914384082492], [-88.22194626836023, 14.089077520800958], [-88.22421503372155, 14.083943951821297], [-88.22418905491543, 14.083914384082492]], [[-88.19780861930197, 14.111243222614837], [-88.19779796477219, 14.111269743248052], [-88.20270610457587, 14.110486550904312], [-88.19780861930197, 14.111243222614837]], [[-88.19345906183115, 14.122069887023313], [-88.19538380487725, 14.118963186326258], [-88.19774889983343, 14.111391872827832], [-88.19345906183115, 14.122069887023313]], [[-88.19141129872453, 14.125224258834699], [-88.19154032396595, 14.125166894842275], [-88.19208872989978, 14.124281720532734], [-88.19141129872453, 14.125224258834699]], [[-88.18783507063048, 14.126693801991712], [-88.18777168237499, 14.12684241449481], [-88.18973682432969, 14.12596872197573], [-88.18783507063048, 14.126693801991712]], [[-88.18574292091381, 14.134173624854336], [-88.18542628523583, 14.132341151396158], [-88.18572978237636, 14.134190015132292], [-88.18574292091381, 14.134173624854336]], [[-88.18293112252364, 14.137527588494809], [-88.18307738309579, 14.137498873643652], [-88.1855557004577, 14.134407181696341], [-88.18293112252364, 14.137527588494809]], [[-88.15263906601264, 14.150826972612435], [-88.14167630093327, 14.143491706603742], [-88.14546041914922, 14.146666057635663], [-88.15263906601264, 14.150826972612435]], [[-88.14115210091762, 14.143051975399363], [-88.13745361586328, 14.137584428670179], [-88.1405430448837, 14.142541061749355], [-88.14115210091762, 14.143051975399363]], [[-88.13678794910047, 14.136600359766758], [-88.13674587863792, 14.13653816613436], [-88.13305281580615, 14.135619922020041], [-88.13678794910047, 14.136600359766758]], [[-88.12764014777431, 14.130994092835067], [-88.1121262495993, 14.124668032307133], [-88.11216512127747, 14.124707333094008], [-88.12764014777431, 14.130994092835067]], [[-88.11141872903313, 14.123952701344153], [-88.09550881057609, 14.107355806064554], [-88.09602692775943, 14.108390988294857], [-88.11141872903313, 14.123952701344153]], [[-88.0943849669668, 14.10511040102609], [-88.09940680111383, 14.099580092860831], [-88.09402470983912, 14.104390618341961], [-88.0943849669668, 14.10511040102609]], [[-88.09960188143494, 14.09940572962401], [-88.1038413185861, 14.098748648266337], [-88.09968233420096, 14.09933382075787], [-88.09960188143494, 14.09940572962401]], [[-88.09823197516262, 14.089792532777537], [-88.09357435698638, 14.088664889279986], [-88.09355872808344, 14.088845307592988], [-88.09823197516262, 14.089792532777537]], [[-88.09547341057123, 14.077554046784915], [-88.0938975710501, 14.084933742164148], [-88.0937000828341, 14.087213524111313], [-88.09547341057123, 14.077554046784915]], [[-88.0937142629539, 14.071926872412197], [-88.09371523460338, 14.071916208973532], [-88.09365874244412, 14.07178982775774], [-88.0937142629539, 14.071926872412197]], [[-88.09150495241603, 14.066473496705127], [-88.09602814548424, 14.058395772930032], [-88.09147850341375, 14.06640821102255], [-88.09150495241603, 14.066473496705127]], [[-88.09989719997363, 14.055973410143254], [-88.12358415537535, 14.026491923992802], [-88.12353761938499, 14.02617826820022], [-88.09989719997363, 14.055973410143254]], [[-88.12154660377675, 14.012758685341556], [-88.11543508648934, 14.00721250361696], [-88.11539240462803, 14.007280286287765], [-88.12154660377675, 14.012758685341556]], [[-88.1585959532805, 14.169081751135698], [-88.1599109102549, 14.169744661182602], [-88.15449859612251, 14.16454631976352], [-88.1585959532805, 14.169081751135698]], [[-88.1178585561398, 14.18210110603864], [-88.11636693033027, 14.18473029069218], [-88.11773214235357, 14.183552686192662], [-88.1178585561398, 14.18210110603864]], [[-88.10786746967332, 14.192061754920601], [-88.10775475299283, 14.192141076770893], [-88.10775524813877, 14.192158554964681], [-88.10786746967332, 14.192061754920601]], [[-88.10813124749355, 14.205430984580294], [-88.10660393234231, 14.211212577847174], [-88.10665627905871, 14.211192028322364], [-88.10813124749355, 14.205430984580294]], [[-88.06812158579093, 14.23872936588589], [-88.06431939359761, 14.245441184078112], [-88.06507218419259, 14.245004648322787], [-88.06812158579093, 14.23872936588589]], [[-88.27666706280341, 14.409098332603273], [-88.29107142436837, 14.420308380519577], [-88.29204793373846, 14.42096442438055], [-88.27666706280341, 14.409098332603273]], [[-88.37868210288372, 14.295958615345711], [-88.3811321580428, 14.295229527341679], [-88.3481280546584, 14.296845718817934], [-88.37868210288372, 14.295958615345711]], [[-88.3456199156025, 14.296918539900394], [-88.34604329456421, 14.296906247553919], [-88.34317012142365, 14.294782084131143], [-88.3456199156025, 14.296918539900394]], [[-88.34120757820335, 14.28912077705314], [-88.34060539504895, 14.288987436028046], [-88.34317012142365, 14.294782084131143], [-88.34120757820335, 14.28912077705314]], [[-88.33736229888142, 14.288301165933527], [-88.33774805457247, 14.288354736980594], [-88.33741048511894, 14.288279989195562], [-88.33736229888142, 14.288301165933527]], [[-88.31902038991939, 14.292316380324651], [-88.32154207963387, 14.291723424131387], [-88.3196771721866, 14.291850220462667], [-88.31902038991939, 14.292316380324651]], [[-88.31460825768359, 14.295523545652834], [-88.31487044679187, 14.295261857101577], [-88.31451722236417, 14.295512562790027], [-88.31460825768359, 14.295523545652834]], [[-88.31088232752273, 14.295074034627293], [-88.31090286229882, 14.295076512024307], [-88.30202050385766, 14.286602712475906], [-88.31088232752273, 14.295074034627293]], [[-88.32806358795364, 14.294217952731154], [-88.32039736065057, 14.299352572469697], [-88.3280441081621, 14.294290711880967], [-88.32806358795364, 14.294217952731154]], [[-88.31908700513225, 14.302715825287654], [-88.30594124070635, 14.317446540316304], [-88.3060541325971, 14.3173869483713], [-88.31908700513225, 14.302715825287654]], [[-88.29687504077322, 14.322254748123678], [-88.29685127467769, 14.322266850858563], [-88.2964978986424, 14.322705985989726], [-88.29687504077322, 14.322254748123678]], [[-88.31161470662148, 14.363406100325637], [-88.3079457650572, 14.36558973083066], [-88.31165898755886, 14.363524084152697], [-88.31161470662148, 14.363406100325637]], [[-88.30752383056306, 14.365824450830806], [-88.30387470688237, 14.36560777217833], [-88.30749420605133, 14.365840930795098], [-88.30752383056306, 14.365824450830806]], [[-88.22525050891245, 14.387960086566386], [-88.22537548200171, 14.38808096374408], [-88.24336128500178, 14.405475864942566], [-88.22525050891245, 14.387960086566386]], [[-88.23896419643324, 14.514823591519974], [-88.23828242550813, 14.509634754922166], [-88.23893926124839, 14.514804313559797], [-88.23896419643324, 14.514823591519974]], [[-88.25171179398477, 14.522488120194042], [-88.24990721891109, 14.51949315301999], [-88.2515351112884, 14.522769284099784], [-88.25171179398477, 14.522488120194042]], [[-88.24858449362033, 14.527464747803895], [-88.2486626998074, 14.527340294433754], [-88.24858279596042, 14.52743937966323], [-88.24858449362033, 14.527464747803895]], [[-88.20089390410745, 14.597988042690808], [-88.21050043266912, 14.594946425528711], [-88.20089802401205, 14.597983682549557], [-88.20089390410745, 14.597988042690808]], [[-88.19083058728829, 14.60318198103603], [-88.19788415448406, 14.601173294470318], [-88.19085874900358, 14.603126830294208], [-88.19083058728829, 14.60318198103603]], [[-88.184182859391, 14.613514190816165], [-88.18469732406867, 14.61271006185697], [-88.18383608286429, 14.613421715503536], [-88.184182859391, 14.613514190816165]], [[-88.19847173560275, 14.617315441426863], [-88.19825398179603, 14.61726655391813], [-88.19850252603646, 14.617332833509067], [-88.19847173560275, 14.617315441426863]], [[-88.21063898134285, 14.635242920027274], [-88.21258466546124, 14.629636562057405], [-88.21061174622517, 14.632604569735244], [-88.21063898134285, 14.635242920027274]], [[-88.20485112439282, 14.637583936621027], [-88.20773746182773, 14.638132637325134], [-88.20483901922732, 14.63755780758342], [-88.20485112439282, 14.637583936621027]], [[-88.19794908676317, 14.649906731677351], [-88.2010616107042, 14.642395548951734], [-88.1979392196281, 14.649918514419937], [-88.19794908676317, 14.649906731677351]], [[-88.25156966978253, 14.635767285996998], [-88.25280639771618, 14.634232239201152], [-88.25156641052978, 14.63574295051001], [-88.25156966978253, 14.635767285996998]], [[-88.255058195356, 14.631437271401175], [-88.25508484894853, 14.631404188529276], [-88.25494879066494, 14.63113085246312], [-88.255058195356, 14.631437271401175]], [[-88.2532228660254, 14.627663533612575], [-88.25272827097844, 14.626669910432048], [-88.25187369912234, 14.626792533117333], [-88.2532228660254, 14.627663533612575]], [[-88.24986123084992, 14.62708130258927], [-88.24798342062155, 14.627350749951733], [-88.24272865076117, 14.63084302725052], [-88.24986123084992, 14.62708130258927]], [[-88.24198423370602, 14.63123563300605], [-88.23229429279908, 14.62966481592411], [-88.24189698787508, 14.631281646480803], [-88.24198423370602, 14.63123563300605]], [[-88.21984892675863, 14.621457786644797], [-88.21933248479917, 14.621953802134819], [-88.23229429279908, 14.62966481592411], [-88.21984892675863, 14.621457786644797]]], [[[-89.03460465776082, 14.316245863992565], [-89.03308569305408, 14.319150641871193], [-89.03580182522029, 14.321630554728406], [-89.03371598686925, 14.325781624746966], [-89.03604721849362, 14.332361864721005], [-89.06327539647367, 14.334747301709243], [-89.06977897034608, 14.336112791093644], [-89.07643785059395, 14.341065375870242], [-89.08286829978472, 14.341138883535677], [-89.08178464037626, 14.347179144876131], [-89.08646562996148, 14.350147151133788], [-89.08032311527046, 14.359416133665034], [-89.08379529684079, 14.381694016358221], [-89.09067640665762, 14.391332107900443], [-89.09061895737486, 14.395430646003298], [-89.10166643240666, 14.404649172397205], [-89.11292093392859, 14.402224176827632], [-89.11684140508218, 14.392764206571192], [-89.12453095055034, 14.388198548506544], [-89.1257417186607, 14.380954130891526], [-89.14838956942808, 14.352928314676024], [-89.16841855100316, 14.366016481697189], [-89.18915418886994, 14.366423181086914], [-89.21143606060619, 14.374058081239145], [-89.21129729236497, 14.385495338461679], [-89.24519644933919, 14.39075542784654], [-89.27600949417939, 14.40113842278407], [-89.29931158221822, 14.416246844729905], [-89.31246380211468, 14.411397429724484], [-89.3216115585577, 14.410893163559695], [-89.33563025784748, 14.415333437699061], [-89.34199159388216, 14.419973155733812], [-89.34716082918291, 14.417815496884234], [-89.35600094150803, 14.420593748405782], [-89.32284163968339, 14.446503371813519], [-89.35473282765332, 14.422485686810855], [-89.34977255391517, 14.428270133670578], [-89.34925878394883, 14.437965311410583], [-89.34951282719534, 14.442169712784787], [-89.35396686855516, 14.447946044623567], [-89.35151672252474, 14.455370181300813], [-89.35397381057126, 14.459723079026503], [-89.35244377453063, 14.463891082332237], [-89.35629935183903, 14.465591727787038], [-89.35606322194761, 14.468642266100764], [-89.35031241330272, 14.47310774622377], [-89.33582240056167, 14.477452299325796], [-89.31753853489954, 14.488682138008631], [-89.30917704250605, 14.490478902467776], [-89.307850175415, 14.493891446199049], [-89.30208005111456, 14.494169435063872], [-89.30605604641181, 14.506944633241561], [-89.29529736455635, 14.510571615410704], [-89.28787377979882, 14.516367994997044], [-89.28357465495219, 14.532615896470318], [-89.26956538026107, 14.546730917875838], [-89.26323855698338, 14.547671917190009], [-89.25736072391145, 14.559653311790656], [-89.25207521005039, 14.561397286271015], [-89.25095240552936, 14.563823960799063], [-89.25364019267236, 14.568341785311041], [-89.2495911912554, 14.570327931416411], [-89.24880033816065, 14.575360405730617], [-89.24054010881703, 14.58039235977399], [-89.23893475731467, 14.584663486966297], [-89.20403633731226, 14.582730890036752], [-89.19361106419613, 14.575406133482042], [-89.18862833803084, 14.577282611058626], [-89.17745428624582, 14.57240486050287], [-89.16165116713859, 14.571600522245008], [-89.15817146223708, 14.574907093309099], [-89.15907175371835, 14.579346734954258], [-89.15173114656724, 14.58257931673187], [-89.15125924142082, 14.584860744781759], [-89.13863225354409, 14.585788833077594], [-89.13225790315522, 14.590238670212457], [-89.13297138128466, 14.604788162758496], [-89.12435787834774, 14.610069316637349], [-89.091542282224, 14.613315205689615], [-89.0836045855495, 14.618026437777942], [-89.08966722930667, 14.620435685284367], [-89.08542260202125, 14.629360921476962], [-89.08027061115611, 14.636825826999784], [-89.07359308207734, 14.635721976590187], [-89.06611070663533, 14.648175144423988], [-89.0608844067457, 14.649015583277283], [-89.04228118776699, 14.62860124024342], [-89.02912753548817, 14.639336458073041], [-89.02878499662647, 14.614932725532212], [-89.01941253729714, 14.607915824169648], [-89.02257841146138, 14.60042638246887], [-89.021406492607, 14.593369870787152], [-89.0363340263193, 14.577570687183316], [-89.05210448724061, 14.569406025237335], [-89.04925809010669, 14.562844492071353], [-89.04589497690027, 14.561852800699507], [-89.04982935755113, 14.555415967607773], [-89.04372729018483, 14.556958119571727], [-89.04132078331044, 14.552186356311346], [-89.04973454506117, 14.546558726195995], [-89.05235436703366, 14.54761112319446], [-89.05672610968641, 14.54446306675196], [-89.0599283929958, 14.545925937652088], [-89.07062326012483, 14.522372960453458], [-89.09322604962597, 14.518933672272171], [-89.08437370523886, 14.518886193242583], [-89.08603805793715, 14.513958996852358], [-89.08266599126588, 14.50099459761211], [-89.06800907655646, 14.457351354349882], [-89.0664619677212, 14.436626104818046], [-89.06935393660429, 14.403304503682985], [-89.07828704043806, 14.395487447797523], [-89.08053540499411, 14.386799091311461], [-89.07198727606563, 14.394362358981892], [-89.06217504268729, 14.394179336537725], [-89.07129474791726, 14.386683980637077], [-89.07260508197207, 14.380621400704594], [-89.04744117661099, 14.372348317750186], [-89.04289769123329, 14.374802636471099], [-89.03834184069795, 14.373475108654386], [-89.03517440421848, 14.364384302577815], [-89.02673644394557, 14.35812413705694], [-89.02408003133678, 14.351343264535348], [-89.02027724538455, 14.350754430356677], [-89.01731671328093, 14.346432930761653], [-88.99639438396055, 14.347039275850955], [-88.99188339432668, 14.349359058884653], [-88.98415099473746, 14.348270559401529], [-88.98008220510751, 14.343970194941168], [-88.9721776997917, 14.341563300275148], [-88.94842798172212, 14.341454602600885], [-88.95125130621032, 14.336967028133971], [-88.94710314558377, 14.330392663830702], [-88.94763716306166, 14.323735783385455], [-88.95612823414645, 14.319655742909086], [-88.95670182042988, 14.311912959512055], [-88.96083735126248, 14.311010168561854], [-88.96893130012454, 14.303319326797874], [-88.97806587610788, 14.302554425136876], [-88.98155534462245, 14.29941210241528], [-88.96580558787379, 14.271418139247077], [-88.97341836397958, 14.256378454297934], [-88.96628071184371, 14.227462021656173], [-88.97023294712181, 14.225198415384849], [-88.9764827287319, 14.232304203132381], [-88.97922747703694, 14.237900285799668], [-88.97811492542192, 14.240803639252297], [-88.98661268948358, 14.247597841882916], [-88.99136727604998, 14.258298720033851], [-89.01464867915966, 14.270810159572365], [-89.02318230715503, 14.269215134015154], [-89.02597770567036, 14.271936316514381], [-89.02588975207979, 14.283533602424768], [-89.0216800990229, 14.288162370394181], [-89.02204735708125, 14.29361412117192], [-89.02558976971694, 14.298027851057551], [-89.02329370265926, 14.299985801118387], [-89.024569426495, 14.305455776442686], [-89.0222804362808, 14.307047673736806], [-89.0222562822267, 14.313861662031519], [-89.02684808283203, 14.312918847584475], [-89.03004112631501, 14.31743596836456], [-89.03460465776082, 14.316245863992565]], [[-89.30389280602647, 14.47787241131308], [-89.30560330824902, 14.470443354627555], [-89.3038544920702, 14.477901798381595], [-89.30389280602647, 14.47787241131308]], [[-89.30030709563687, 14.480622675894505], [-89.30149416986688, 14.479712181778803], [-89.30031503928157, 14.480572846918937], [-89.30030709563687, 14.480622675894505]], [[-89.29885486896191, 14.485471827127002], [-89.29896331781381, 14.485096832105157], [-89.29830109917468, 14.485429488220253], [-89.29885486896191, 14.485471827127002]], [[-89.29589491421652, 14.485245521447574], [-89.29665401186593, 14.485303558858304], [-89.25336867493507, 14.4572020180854], [-89.29589491421652, 14.485245521447574]], [[-89.24706341433254, 14.462230726457424], [-89.24763040453492, 14.462517521250632], [-89.25336867493507, 14.4572020180854], [-89.24706341433254, 14.462230726457424]], [[-89.22633263079626, 14.461761505480437], [-89.23074497665017, 14.462849054349913], [-89.22635740851737, 14.461748721058731], [-89.22633263079626, 14.461761505480437]], [[-89.22049194050008, 14.465247872267469], [-89.22602129914233, 14.461922141526665], [-89.21931710470481, 14.465381267105464], [-89.22049194050008, 14.465247872267469]], [[-89.21307221223958, 14.466090333361402], [-89.21346725555293, 14.466045478804709], [-89.21234251638015, 14.465582270413453], [-89.21307221223958, 14.466090333361402]], [[-89.20952052902291, 14.463617414511853], [-89.21052388972113, 14.464316021181473], [-89.20896148776269, 14.460663276520236], [-89.20952052902291, 14.463617414511853]], [[-89.20697881359884, 14.452050328126068], [-89.20733590798584, 14.452073236179817], [-89.20837999951597, 14.450880580474553], [-89.20697881359884, 14.452050328126068]], [[-89.2034036970823, 14.452444389201045], [-89.20360191194276, 14.461793470602778], [-89.20405084199591, 14.452448777422113], [-89.2034036970823, 14.452444389201045]], [[-89.1998012294381, 14.46530048429101], [-89.20008087228574, 14.465042448716263], [-89.19980702725843, 14.46527162131497], [-89.1998012294381, 14.46530048429101]], [[-89.19812622200409, 14.473127046070857], [-89.19817792749245, 14.472883059405369], [-89.1953598103178, 14.47469236780593], [-89.19812622200409, 14.473127046070857]], [[-89.19521306768554, 14.474913514615984], [-89.19522869607297, 14.474776546741685], [-89.19520984580095, 14.474788649132545], [-89.19521306768554, 14.474913514615984]], [[-89.19501433179757, 14.47665524467297], [-89.19504545484892, 14.476382480882974], [-89.19282558849139, 14.474807500509604], [-89.19501433179757, 14.47665524467297]], [[-89.18566567785409, 14.479908280834215], [-89.18360863426541, 14.475832979644704], [-89.18346966648897, 14.47583317024128], [-89.18566567785409, 14.479908280834215]], [[-89.17975413694532, 14.490635724557277], [-89.17977236165355, 14.49061071470707], [-89.17558428118512, 14.486304372433496], [-89.17975413694532, 14.490635724557277]], [[-89.15684511070307, 14.490654035788255], [-89.1478832101181, 14.49595222045916], [-89.15694999011576, 14.490655740577916], [-89.15684511070307, 14.490654035788255]], [[-89.14221639739615, 14.4965442970951], [-89.1470004775249, 14.496044449613334], [-89.14242923365211, 14.49608223766139], [-89.14221639739615, 14.4965442970951]], [[-89.13764307718155, 14.506532993217348], [-89.137945866463, 14.505815457667763], [-89.13762871718286, 14.506503976717886], [-89.13764307718155, 14.506532993217348]], [[-89.13716653030043, 14.514346470650827], [-89.13946955070237, 14.510790655518273], [-89.13941587333721, 14.510671290353233], [-89.13716653030043, 14.514346470650827]], [[-89.1250114299589, 14.51986139353569], [-89.1251124870681, 14.519815342904453], [-89.1250353294244, 14.51982925174966], [-89.1250114299589, 14.51986139353569]], [[-89.12241585727706, 14.523390643464971], [-89.12353565616809, 14.52184612434113], [-89.12239608366869, 14.523378706542179], [-89.12241585727706, 14.523390643464971]], [[-89.10921807965865, 14.525488141720736], [-89.11046269558209, 14.523399139473824], [-89.11027029109442, 14.523399756230276], [-89.10921807965865, 14.525488141720736]], [[-89.1027584938682, 14.52732574753057], [-89.10803911481592, 14.527466953142879], [-89.10814029721817, 14.527297125438082], [-89.1027584938682, 14.52732574753057]], [[-89.10200523164113, 14.531020443543511], [-89.1020126654504, 14.529058180162652], [-89.1016862108571, 14.529816478689307], [-89.10200523164113, 14.531020443543511]], [[-89.0942627761097, 14.518939232693823], [-89.1001276983354, 14.523934748109719], [-89.0945034684714, 14.518940523633178], [-89.0942627761097, 14.518939232693823]], [[-89.08185526152653, 14.381932936377936], [-89.08180642737447, 14.382115018680732], [-89.08225062193657, 14.381998485100036], [-89.08185526152653, 14.381932936377936]], [[-89.20910352629653, 14.450054102797225], [-89.20560173136938, 14.444577868897156], [-89.20573241655482, 14.445996999364644], [-89.20910352629653, 14.450054102797225]], [[-89.20541701334706, 14.442571987568595], [-89.20553500203786, 14.443853244854104], [-89.2056095398782, 14.44225373201177], [-89.20541701334706, 14.442571987568595]], [[-89.2087863185109, 14.43700236511346], [-89.20872254380163, 14.437107787755687], [-89.20879824004979, 14.437019444270245], [-89.2087863185109, 14.43700236511346]], [[-89.20460928876521, 14.431072698294924], [-89.20764003058046, 14.435360158392184], [-89.20463748187947, 14.431058616408869], [-89.20460928876521, 14.431072698294924]], [[-89.13319624840187, 14.430084709217395], [-89.14026383512719, 14.430818116964433], [-89.13310091180064, 14.430002924370203], [-89.13319624840187, 14.430084709217395]], [[-89.10682793214183, 14.60520611096247], [-89.10664621600777, 14.605301890207024], [-89.10688448164855, 14.606319868312616], [-89.10682793214183, 14.60520611096247]], [[-89.12169379415026, 14.567490371591852], [-89.1208220718954, 14.566353817625679], [-89.12161147496302, 14.573704606779705], [-89.12169379415026, 14.567490371591852]], [[-89.11589674858861, 14.559932167027902], [-89.11472704941482, 14.559248909691735], [-89.11722363979587, 14.561662171574506], [-89.11589674858861, 14.559932167027902]], [[-89.25019967306973, 14.48334394928064], [-89.25000197643335, 14.48413204523219], [-89.25044993590615, 14.483226069810325], [-89.25019967306973, 14.48334394928064]], [[-89.25590270192146, 14.480657693383192], [-89.25275901616361, 14.48213844065386], [-89.25528525485481, 14.48134465368447], [-89.25590270192146, 14.480657693383192]], [[-89.26378385804446, 14.47117917559647], [-89.25789787026568, 14.478437905613672], [-89.26417762962257, 14.471451160331622], [-89.26378385804446, 14.47117917559647]], [[-89.25108290232458, 14.464263862519813], [-89.26112876382088, 14.469345256798482], [-89.2562429864844, 14.465970567184618], [-89.25108290232458, 14.464263862519813]], [[-89.2596099825941, 14.546491795562531], [-89.2598994606785, 14.546585942550145], [-89.25949691077606, 14.542827876568875], [-89.2596099825941, 14.546491795562531]], [[-89.25660301742948, 14.540423356559133], [-89.25682229909226, 14.539291678973687], [-89.25680346564026, 14.53926677860849], [-89.25660301742948, 14.540423356559133]], [[-89.2564603538375, 14.54115962053703], [-89.2564639559771, 14.541141030470776], [-89.25538579115943, 14.541115605740686], [-89.2564603538375, 14.54115962053703]], [[-89.25460830667762, 14.541097271500155], [-89.25280646729364, 14.54340141407979], [-89.25368070419886, 14.543496084877795], [-89.25460830667762, 14.541097271500155]], [[-89.252301409669, 14.543346721572442], [-89.25256701593301, 14.543375483978625], [-89.2523910135607, 14.542996806106377], [-89.252301409669, 14.543346721572442]], [[-89.25062639126851, 14.536667521269994], [-89.25363841496123, 14.53800253639336], [-89.25365090805214, 14.5379723040239], [-89.25062639126851, 14.536667521269994]], [[-89.24871477665171, 14.533248998384654], [-89.24870817894292, 14.533259945467341], [-89.25062639126851, 14.536667521269994], [-89.24871477665171, 14.533248998384654]], [[-89.24094939916066, 14.526447946184431], [-89.24005088612405, 14.533507056928986], [-89.24103219963494, 14.526444290005736], [-89.24094939916066, 14.526447946184431]], [[-89.23214942936619, 14.526257981544214], [-89.23278132834922, 14.526267023068904], [-89.23237164642366, 14.525987416152958], [-89.23214942936619, 14.526257981544214]], [[-89.23504774901008, 14.52272906707935], [-89.2348823334004, 14.522930472586472], [-89.23508915564587, 14.522739041504527], [-89.23504774901008, 14.52272906707935]], [[-89.24016900717746, 14.52090478652222], [-89.2381775613195, 14.522791767846316], [-89.23862288110539, 14.522811293183338], [-89.24016900717746, 14.52090478652222]], [[-89.23184714192953, 14.519803782555528], [-89.24051752652358, 14.520475032140027], [-89.24057155188416, 14.520408414215597], [-89.23184714192953, 14.519803782555528]], [[-89.22486750720078, 14.515331951048111], [-89.22495047867157, 14.515350960076093], [-89.22355691555921, 14.513099500031963], [-89.22486750720078, 14.515331951048111]], [[-89.2233396953342, 14.512729488888393], [-89.2233472889621, 14.512742423811657], [-89.22376672116577, 14.509473724848743], [-89.2233396953342, 14.512729488888393]], [[-89.2241773404625, 14.503572406170749], [-89.22604095991223, 14.50503402483336], [-89.22612837294012, 14.50500014588261], [-89.2241773404625, 14.503572406170749]], [[-89.21862467223356, 14.502208005983384], [-89.22340970856511, 14.503010663320968], [-89.22337049037525, 14.502981963969345], [-89.21862467223356, 14.502208005983384]], [[-89.2153124182192, 14.498856756605077], [-89.2152962194971, 14.499081454095545], [-89.21862467223356, 14.502208005983384], [-89.2153124182192, 14.498856756605077]], [[-89.21560453926847, 14.49480465507029], [-89.2155829478654, 14.495104156108377], [-89.21564104064063, 14.494800057725287], [-89.21560453926847, 14.49480465507029]], [[-89.21736527740923, 14.494537293369376], [-89.21966055868069, 14.490725914240173], [-89.2195694976668, 14.49071018397486], [-89.21736527740923, 14.494537293369376]], [[-89.22235988863004, 14.491192207931144], [-89.21974310822387, 14.490740174197978], [-89.22046489517282, 14.491760022829352], [-89.22235988863004, 14.491192207931144]], [[-89.22783584176972, 14.489945220726927], [-89.22764008734887, 14.490128125046555], [-89.22853358709477, 14.490112030705308], [-89.22783584176972, 14.489945220726927]], [[-89.24735229769236, 14.49461101994285], [-89.24605945573126, 14.494301940208686], [-89.2473500199589, 14.494624995974334], [-89.24735229769236, 14.49461101994285]], [[-89.16220790603117, 14.533000498022739], [-89.16630377502277, 14.531949501100293], [-89.16680825549669, 14.53083622685258], [-89.16220790603117, 14.533000498022739]], [[-89.16802833481324, 14.52814378789112], [-89.16867324433244, 14.52672061851798], [-89.16844802658062, 14.526600263716391], [-89.16802833481324, 14.52814378789112]], [[-89.16603591212362, 14.525311246511762], [-89.16216120694499, 14.52324063098868], [-89.1648899665511, 14.525568490984469], [-89.16603591212362, 14.525311246511762]], [[-89.16047790163951, 14.522341084330307], [-89.15955623495904, 14.521848552060703], [-89.15495127505089, 14.522708581561025], [-89.16047790163951, 14.522341084330307]], [[-89.15476124352934, 14.522721217851318], [-89.14868171671498, 14.520080258707102], [-89.15469328295586, 14.522725736941245], [-89.15476124352934, 14.522721217851318]]]]}}, {"type": "Feature", "properties": {"code": "R-15", "name": "Arrecife Mesoamericano", "level": "subregion", "municipios": ["110100", "110200", "110300", "110400"], "source": "SINIT/SEPLAN 2016 (Marco Contextual CNI), clasificado a nivel municipio"}, "geometry": {"type": "MultiPolygon", "coordinates": [[[[-86.47935525017185, 15.945156843826691], [-86.47855322254362, 15.945918801168956], [-86.47856170468857, 15.945350417166333], [-86.47935525017185, 15.945156843826691]]], [[[-86.51864537651716, 15.952122120722661], [-86.51982152962297, 15.952869435972111], [-86.51814455551376, 15.953238606963286], [-86.51864537651716, 15.952122120722661]]], [[[-86.49810926889445, 15.952666277777396], [-86.50705076976976, 15.956333515430206], [-86.50700490739112, 15.95884997861555], [-86.5040171652971, 15.95808712747311], [-86.50021144330915, 15.961010753790408], [-86.49904189755885, 15.965604969896063], [-86.49665674001625, 15.957387526844798], [-86.49810926889445, 15.952666277777396]]], [[[-86.46976570968198, 15.975571702041483], [-86.47666342576952, 15.963934685131639], [-86.48077842630947, 15.966698509843669], [-86.48111418574997, 15.973302035990093], [-86.48704925538216, 15.97405981116008], [-86.4800854667827, 15.976766449384913], [-86.47831760393544, 15.980548868757964], [-86.47143006840157, 15.97899749483496], [-86.46976570968198, 15.975571702041483]]], [[[-86.97960863676417, 16.05539567412505], [-86.97866060545984, 16.055101772529646], [-86.97949387040627, 16.054828382992692], [-86.97960863676417, 16.05539567412505]]], [[[-86.98043897481962, 16.058232189031305], [-86.97964892602907, 16.058559824957538], [-86.98009368748711, 16.057704415256925], [-86.98043897481962, 16.058232189031305]]], [[[-86.97515934027146, 16.059860043310426], [-86.97514166443617, 16.058725472117008], [-86.97787162704392, 16.058998112948142], [-86.97515934027146, 16.059860043310426]]], [[[-86.97440011668466, 16.061210366806787], [-86.97307046550324, 16.061128841087765], [-86.97332616019473, 16.060779686645063], [-86.97440011668466, 16.061210366806787]]], [[[-86.96801216351203, 16.06277575523619], [-86.96723969581112, 16.064311382570185], [-86.96693188674033, 16.063488655234217], [-86.96801216351203, 16.06277575523619]]], [[[-86.9654823811001, 16.063665843149895], [-86.96403973733298, 16.06469621451693], [-86.96425886090174, 16.063113044879135], [-86.9654823811001, 16.063665843149895]]], [[[-86.96330648223277, 16.06572556012915], [-86.96228001970371, 16.065967220088677], [-86.96253642363313, 16.065082431565397], [-86.96330648223277, 16.06572556012915]]], [[[-86.8751093365382, 16.12041926568078], [-86.87140291483868, 16.11231578530402], [-86.87265436447989, 16.109007765724424], [-86.88183982597018, 16.102920980450648], [-86.88249915759366, 16.092382540245936], [-86.88859562598164, 16.08716498857591], [-86.89413687983313, 16.08746612880974], [-86.88789398869493, 16.09037620743235], [-86.89101299558996, 16.093171299363245], [-86.89146945604081, 16.090443602963884], [-86.89314656112471, 16.095174820145033], [-86.8971775640195, 16.09718827578425], [-86.90162222700746, 16.096654722532787], [-86.90928213417416, 16.08911505613977], [-86.91276673476094, 16.089127799912518], [-86.90920817545016, 16.091751418832196], [-86.91024626465462, 16.095351055127594], [-86.90268490062627, 16.096930946534172], [-86.91180020653147, 16.096849013018748], [-86.91251737433478, 16.098720668626317], [-86.91160978325718, 16.093311890203935], [-86.92383266806239, 16.08702788066653], [-86.91558103070699, 16.08701122077693], [-86.91377576220184, 16.089762167295216], [-86.91660565226611, 16.083173981117458], [-86.93629919277754, 16.075745031824678], [-86.94158040370428, 16.076213246103965], [-86.95577814707444, 16.068922181291157], [-86.96684385723421, 16.069255287697228], [-86.97079427071752, 16.076444115199024], [-86.99046760358006, 16.081585352894134], [-86.98940870538709, 16.092043903189786], [-86.98026384866033, 16.100883613601923], [-86.97732969487922, 16.102546756339134], [-86.97373985496564, 16.100930373656137], [-86.97029480147744, 16.10476756086332], [-86.95661472363471, 16.1090300163244], [-86.95269372090756, 16.10543677341919], [-86.94750336077517, 16.106465027025667], [-86.94213624873288, 16.110212007876452], [-86.94424538011829, 16.115344101911667], [-86.93611753975479, 16.122055422837576], [-86.92936798512024, 16.122457848094836], [-86.92294495297666, 16.11730150123464], [-86.9114348960116, 16.115364655496027], [-86.90734063691636, 16.116942717779366], [-86.90696095872151, 16.119554083989406], [-86.90376847307273, 16.116910634965098], [-86.90485279085233, 16.119825503631], [-86.89554099099314, 16.123683632588087], [-86.88326603734599, 16.123680660148114], [-86.8751093365382, 16.12041926568078]]], [[[-86.53827253429094, 16.31050561165354], [-86.53630456367064, 16.312425680941804], [-86.53794586399766, 16.308848327096346], [-86.53827253429094, 16.31050561165354]]], [[[-86.49389447384267, 16.32045745305603], [-86.49708068651005, 16.324640364594828], [-86.49546869598221, 16.324659122976936], [-86.49389447384267, 16.32045745305603]]], [[[-86.48633416068192, 16.36520007124579], [-86.4603491917647, 16.379334382277], [-86.45228503613232, 16.375113435558678], [-86.44019449936108, 16.379015062585832], [-86.43730017161667, 16.382569015839135], [-86.43111908664828, 16.384623629899508], [-86.42721688567201, 16.390305829458917], [-86.4203923868551, 16.39032667883522], [-86.41491882544881, 16.395217835746628], [-86.40737219494711, 16.396113107976664], [-86.40480403164746, 16.39934206805278], [-86.40767134005036, 16.400353574084445], [-86.39891039953557, 16.404917490376704], [-86.39799142258306, 16.402447023122466], [-86.39368377278838, 16.402727298287925], [-86.38917117566712, 16.407908657949836], [-86.35726809562803, 16.417544667425854], [-86.35213205572211, 16.421636262512596], [-86.34873580307408, 16.41756697051453], [-86.34047113632661, 16.422245165696026], [-86.33295506476377, 16.422039495949587], [-86.31576932658439, 16.426671211924706], [-86.31562765644435, 16.430017642043794], [-86.30925014931904, 16.427264554117833], [-86.30563551131922, 16.429373527571343], [-86.2762918224661, 16.431230320581058], [-86.25975649782964, 16.42543938222044], [-86.23230464754887, 16.427573522087012], [-86.22421403845308, 16.423912199064407], [-86.22478227624762, 16.420404754091006], [-86.23050256375397, 16.420952339017603], [-86.2321806665566, 16.41904325801926], [-86.23871670853866, 16.42100148659062], [-86.25776349227885, 16.416440338807014], [-86.25813268558264, 16.418024675558485], [-86.26153472436887, 16.41399941648483], [-86.26001145892566, 16.420866305919898], [-86.26273094619211, 16.417475905643677], [-86.26803630527166, 16.419737385076164], [-86.27473193603653, 16.410498521058283], [-86.27171790741113, 16.408021442151068], [-86.28378177360443, 16.413692259625556], [-86.2967266059237, 16.41483994573472], [-86.29914883509163, 16.407302285396913], [-86.3172855052631, 16.403844466933062], [-86.31938806192802, 16.395223004532696], [-86.32362348254544, 16.393282986042827], [-86.33593508949599, 16.393768553402325], [-86.33845026736574, 16.403242089436525], [-86.33735085577005, 16.409178775357258], [-86.34134122516902, 16.403916702710664], [-86.337149472837, 16.3918910162506], [-86.34103659270936, 16.393555224347875], [-86.3415131048334, 16.39614317413657], [-86.34297517566719, 16.392823424549096], [-86.35155551417634, 16.39246022582095], [-86.35420556330904, 16.398891039737954], [-86.35394357099477, 16.391188459869422], [-86.3576420668385, 16.3884811206032], [-86.35339519987176, 16.38975625921042], [-86.35694208842912, 16.387406647492966], [-86.36392505127216, 16.388462918284386], [-86.36547455872144, 16.395965995207213], [-86.36667470194294, 16.389176305806995], [-86.37268899435732, 16.386256439027797], [-86.3757478930423, 16.392968457485814], [-86.37623062754668, 16.389883969090693], [-86.37994143559392, 16.39243169821225], [-86.38495444417431, 16.38851076564916], [-86.37682967895307, 16.38702581299846], [-86.37527545724194, 16.38253300153984], [-86.38131359553691, 16.378260382123315], [-86.38727718909972, 16.384648554651083], [-86.38891739486623, 16.38098772832591], [-86.38558211773805, 16.376475114958467], [-86.3920710295923, 16.366918632535878], [-86.4031855562032, 16.370529029012253], [-86.39956134972007, 16.367630536215003], [-86.41003065407537, 16.366144830925776], [-86.41041470572895, 16.369601348055916], [-86.41320551275969, 16.368663363871036], [-86.41163542967354, 16.365517674050576], [-86.41421555009627, 16.360444525523476], [-86.41937052358584, 16.361441862957193], [-86.41699156515845, 16.36660490588129], [-86.41936310025196, 16.36968949120825], [-86.41977897834951, 16.364020451136625], [-86.4214314572736, 16.364267937788075], [-86.42028323957912, 16.35952569154717], [-86.43430970631168, 16.359544602215923], [-86.43087556944391, 16.362443904883104], [-86.43494468528407, 16.364002919356537], [-86.43489296863851, 16.361030958672295], [-86.44102638863484, 16.35899415879094], [-86.44047210783384, 16.356975680998808], [-86.4547430512121, 16.35425368291313], [-86.45472427541138, 16.351529261171247], [-86.45281575846425, 16.353937949011588], [-86.4521937923294, 16.350552049499], [-86.45917427246171, 16.348006155219846], [-86.46011670228113, 16.353427950714742], [-86.47510242153778, 16.33967664244999], [-86.47535463049606, 16.336382243024243], [-86.48564422859772, 16.3359013479712], [-86.48638093461788, 16.33208040876305], [-86.48535762124567, 16.33339999598745], [-86.48231318053527, 16.33119699875612], [-86.48640935460219, 16.323431579213135], [-86.4936744652165, 16.322056990680554], [-86.49462116218847, 16.325010779175884], [-86.49764942685742, 16.32669377504945], [-86.497539922707, 16.329937706449844], [-86.5020277196022, 16.327631866938198], [-86.50177433631735, 16.32348422126216], [-86.5063340031953, 16.323002258121328], [-86.50706121629773, 16.32022192423178], [-86.5127871019664, 16.32200930253731], [-86.5127925827403, 16.319794528460296], [-86.52899122894556, 16.313916912475655], [-86.54174172134677, 16.315371008155108], [-86.55100625582297, 16.31310040627721], [-86.56521776054664, 16.295484094239956], [-86.60230213939388, 16.267206410285603], [-86.59915471094504, 16.27580546288745], [-86.60018716452791, 16.280713904496338], [-86.59519061668625, 16.291697073882663], [-86.59549976139492, 16.305824949176436], [-86.59277015172972, 16.306570025837775], [-86.59490919818364, 16.30907935598809], [-86.5923979164979, 16.31201252232407], [-86.58885283785557, 16.3078856785667], [-86.59012664066992, 16.31400371353232], [-86.58681791219253, 16.317702527760165], [-86.58559152044592, 16.313559808151897], [-86.58223679389708, 16.31463573859517], [-86.58366935114071, 16.318920133514048], [-86.55328164377597, 16.34116863197976], [-86.54276540508103, 16.346928255647605], [-86.53812983693659, 16.345884210359674], [-86.53615269659683, 16.35029587439483], [-86.53144536310299, 16.349634589058457], [-86.5247454674917, 16.353853654105784], [-86.51975836934345, 16.348883961975226], [-86.51888764168531, 16.35605400598763], [-86.51211161063851, 16.359391087007026], [-86.51514398605299, 16.35660363799384], [-86.51294105024225, 16.353408612208597], [-86.49784432497498, 16.36080734236652], [-86.49508248967389, 16.36682241277608], [-86.48633416068192, 16.36520007124579]]], [[[-86.47819291264322, 15.948852596284413], [-86.47746234667945, 15.948850826188439], [-86.47772710622806, 15.947867225560563], [-86.47819291264322, 15.948852596284413]]], [[[-86.47554843566898, 15.951835088982746], [-86.47508738344338, 15.95306229898981], [-86.47469906954099, 15.95236978319108], [-86.47554843566898, 15.951835088982746]]], [[[-86.4683142135588, 15.955901260407101], [-86.46678098177163, 15.955977701978359], [-86.4684881686757, 15.9548225177855], [-86.4683142135588, 15.955901260407101]]], [[[-86.46375676652325, 15.960445072979647], [-86.46456880066441, 15.958815340038772], [-86.46569605610448, 15.958116397508], [-86.4658218437384, 15.958694156507702], [-86.46375676652325, 15.960445072979647]]], [[[-86.47301811394684, 15.9598192984834], [-86.47162677180592, 15.961678164199443], [-86.47157965944936, 15.960267788129586], [-86.47301811394684, 15.9598192984834]]], [[[-86.46286016860277, 15.962244088238757], [-86.46177858315527, 15.962228955556254], [-86.46290130016232, 15.961491600510527], [-86.46286016860277, 15.962244088238757]]], [[[-86.478175727341, 16.33542988764137], [-86.47419263986264, 16.33503919321259], [-86.47586633864924, 16.333850096387355], [-86.478175727341, 16.33542988764137]]], [[[-86.47166503643709, 16.33999914628415], [-86.46784247175769, 16.34231842273476], [-86.46888658260762, 16.3396418740355], [-86.47166503643709, 16.33999914628415]]], [[[-86.46308832119912, 16.348257973439928], [-86.4616240890449, 16.347672305423092], [-86.46376847603906, 16.34582799672685], [-86.46308832119912, 16.348257973439928]]], [[[-86.44576185672668, 16.3521228543323], [-86.44373912979425, 16.352250868625617], [-86.44357731829218, 16.351118198164524], [-86.44515390058778, 16.35024436441692], [-86.44576185672668, 16.3521228543323]]], [[[-86.44296381165441, 16.35182507679049], [-86.44179583852977, 16.35264008509649], [-86.44203978118426, 16.351428269357896], [-86.44296381165441, 16.35182507679049]]], [[[-86.43887780541523, 16.35788445719458], [-86.43606810241376, 16.35999339654989], [-86.43611843330294, 16.35734036004014], [-86.43887780541523, 16.35788445719458]]], [[[-86.3732617658899, 16.385041174561135], [-86.37137847995388, 16.38574065720373], [-86.37079026792136, 16.383558077509925], [-86.37219071628832, 16.38303570024209], [-86.3732617658899, 16.385041174561135]]], [[[-86.34722138513678, 16.391608388880528], [-86.34934833097873, 16.38983529927874], [-86.35172569493317, 16.39126300049489], [-86.34722138513678, 16.391608388880528]]], [[[-86.28486834595132, 16.403387525327666], [-86.28132817671258, 16.403923467190264], [-86.28532270373564, 16.402063643620718], [-86.28934824230554, 16.403894245637023], [-86.28854967634035, 16.4057209100261], [-86.28486834595132, 16.403387525327666]]], [[[-85.88658931753525, 16.404326086348096], [-85.88362887556083, 16.40795409365945], [-85.88156191026734, 16.408225561877998], [-85.88234927835904, 16.405733949513426], [-85.88658931753525, 16.404326086348096]]], [[[-86.26246892415043, 16.414467100027004], [-86.26251874378579, 16.41227632831115], [-86.26298604328979, 16.411755936398578], [-86.26449461304108, 16.413737487635892], [-86.26246892415043, 16.414467100027004]]], [[[-86.20439624324655, 16.41188460699407], [-86.20759217160366, 16.41375653973252], [-86.20691034791871, 16.417199094926065], [-86.2015885341387, 16.41429876277032], [-86.20439624324655, 16.41188460699407]]], [[[-86.19220681866787, 16.422232211186227], [-86.20240992924037, 16.424162705091735], [-86.20861798071219, 16.418600993288457], [-86.21282208202575, 16.418715095336477], [-86.21832373670163, 16.411986605188762], [-86.22676476023885, 16.408881165676956], [-86.22904397862763, 16.417356078029407], [-86.23159012067431, 16.41887725202929], [-86.23024675054776, 16.42080790085333], [-86.22505165125358, 16.42023060991855], [-86.22456942407345, 16.420349735537403], [-86.22426111726301, 16.420749718515665], [-86.22411430608923, 16.424410133906314], [-86.22782169416288, 16.425976315625697], [-86.22273701427498, 16.424833281696586], [-86.1971559729709, 16.43079902773255], [-86.1905375213209, 16.423755689509278], [-86.19220681866787, 16.422232211186227]]], [[[-86.19143685541296, 16.428938701423316], [-86.19068711500525, 16.433009152950156], [-86.18469919462443, 16.43609097911121], [-86.18509291230266, 16.427587639713746], [-86.19143685541296, 16.428938701423316]]], [[[-86.14406902907756, 16.44736493497058], [-86.1224902032011, 16.445291633736215], [-86.12563619320913, 16.44006995855048], [-86.14123324897726, 16.429777687602485], [-86.14944522021622, 16.43561658080102], [-86.16712551517045, 16.428688838446888], [-86.16798548407404, 16.431564488772164], [-86.15890253382558, 16.441395772821114], [-86.14571730185845, 16.44502145300569], [-86.14406902907756, 16.44736493497058]]], [[[-85.88879784804122, 16.442999530539932], [-85.88622578043154, 16.4428841962241], [-85.88635530135126, 16.439878404402258], [-85.88753969122088, 16.440563720806605], [-85.88879784804122, 16.442999530539932]]], [[[-85.84773805912113, 16.44379818843496], [-85.84895504793103, 16.440520484947253], [-85.85090231854774, 16.43976175872256], [-85.85126393462409, 16.44008347740621], [-85.84773805912113, 16.44379818843496]]], [[[-85.83981309576245, 16.447973221046464], [-85.84061820409308, 16.44823414153924], [-85.83949708088821, 16.448647096802382], [-85.83981309576245, 16.447973221046464]]], [[[-85.82919935609003, 16.45962017776235], [-85.82937335034147, 16.45872069700296], [-85.8313353347002, 16.45887174712515], [-85.82919935609003, 16.45962017776235]]], [[[-85.82214538600628, 16.508862713923737], [-85.82283619218015, 16.502791664444032], [-85.81603703891635, 16.498527806718503], [-85.81804198195077, 16.493017807010524], [-85.83203226031398, 16.485698420452103], [-85.84558587555618, 16.484020171716743], [-85.85221911884712, 16.486271096308656], [-85.848599367106, 16.480658634158385], [-85.85037253140082, 16.47315850069162], [-85.847539098467, 16.46866998852021], [-85.86063199966854, 16.452334381503317], [-85.86757352721854, 16.452661231057153], [-85.8644948900615, 16.453771010538635], [-85.87403657298248, 16.45739273000705], [-85.89032946951947, 16.449028508065545], [-85.89266214209087, 16.444197246198176], [-85.89871825479938, 16.441435062734442], [-85.90369658917517, 16.44242037194857], [-85.89740561487835, 16.438157291916006], [-85.91663095727472, 16.42692289787239], [-85.92066300278012, 16.4211453175818], [-85.92937174013545, 16.41807717349086], [-85.93344689947733, 16.410943706713226], [-85.94377611899611, 16.404532009721457], [-85.95147188503786, 16.402664479365267], [-85.94600769775857, 16.417693562971806], [-85.93679771824706, 16.431287794080284], [-85.93835620128542, 16.436730247082323], [-85.9325206407625, 16.446276075582215], [-85.9308970619206, 16.454131514811937], [-85.9246535485113, 16.45584178575266], [-85.91747440138649, 16.451541951055507], [-85.91464970377666, 16.45272045453857], [-85.91513389454387, 16.46524042948156], [-85.9063346748265, 16.47702855537206], [-85.90762607962549, 16.482279979388668], [-85.89895416519606, 16.48344345313662], [-85.89096825969966, 16.497887919825015], [-85.87795217993914, 16.505016579092715], [-85.86809445239916, 16.500056631780716], [-85.86687983367207, 16.50954164561805], [-85.86225344107439, 16.51330929506569], [-85.86306366063295, 16.51495080926449], [-85.85633819541674, 16.516742137607647], [-85.84194912330759, 16.51388128134719], [-85.84115158497215, 16.50985022270476], [-85.84872970426771, 16.506043972498926], [-85.84514170807425, 16.505205069951927], [-85.84288984603602, 16.50694607833636], [-85.83143252335552, 16.503287288382545], [-85.82467893586814, 16.509472380888806], [-85.82214538600628, 16.508862713923737]]], [[[-85.82677008375165, 16.46873544374529], [-85.82560800868406, 16.468244247250734], [-85.82711114339655, 16.46722002517127], [-85.82677008375165, 16.46873544374529]]], [[[-85.82497987353341, 16.47037492870921], [-85.82414580197988, 16.471120437278618], [-85.82453210103479, 16.469971326870706], [-85.82497987353341, 16.47037492870921]]], [[[-85.82211257336702, 16.480899902060614], [-85.82082011633928, 16.48036952333234], [-85.82134784605007, 16.480043719596036], [-85.82211257336702, 16.480899902060614]]]]}}, {"type": "Feature", "properties": {"code": "R-16", "name": "Santa Bárbara", "level": "subregion", "municipios": ["031400", "032100", "131100", "132000", "160100", "160200", "160300", "160400", "160500", "160600", "160700", "160800", "160900", "161000", "161100", "161200", "161300", "161400", "161500", "161700", "161900", "162000", "162100", "162200", "162300", "162400", "162500", "162600", "162800"], "source": "SINIT/SEPLAN 2016 (Marco Contextual CNI), clasificado a nivel municipio"}, "geometry": {"type": "Polygon", "coordinates": [[[-88.40752831752542, 14.710173434062856], [-88.40347332965459, 14.712383230219034], [-88.40727207559608, 14.711806545491928], [-88.41380709739984, 14.717291921836246], [-88.4189754942385, 14.716364328200923], [-88.42804948460746, 14.719429303179302], [-88.43175247639486, 14.724012962073752], [-88.44260358974417, 14.729217611695722], [-88.44724376788578, 14.72867229358088], [-88.44772335664344, 14.743586969823731], [-88.452888782764, 14.751077233539252], [-88.44673153392696, 14.755358506864654], [-88.44388419204057, 14.754906282226818], [-88.44087589545578, 14.758751923403354], [-88.4374571524575, 14.75837437129738], [-88.43698166535168, 14.76124381316195], [-88.43332691400222, 14.761933141648358], [-88.42776512376375, 14.76758634682323], [-88.43268128114613, 14.770744514976162], [-88.43543422724096, 14.766912966916752], [-88.44000173265373, 14.765610041711343], [-88.44537642597567, 14.768256523762826], [-88.44739243356733, 14.781928838247739], [-88.45736476417328, 14.783068246744577], [-88.46771569525525, 14.796209522733534], [-88.48877223194815, 14.811496905451337], [-88.50802717352347, 14.834637219888625], [-88.53752388564429, 14.882206133335147], [-88.55626522413286, 14.935265286405564], [-88.56167937747594, 14.933154052444577], [-88.58585050459658, 14.938545107799907], [-88.61070068129767, 14.947873872667927], [-88.61382024619644, 14.936725836805703], [-88.61091714439914, 14.93210067496261], [-88.62445847837989, 14.919264434395712], [-88.64502915930909, 14.922942849032866], [-88.67008632251215, 14.912799168388919], [-88.6831954416566, 14.92158744299994], [-88.69024067091661, 14.922855033271924], [-88.70409883178078, 14.954028795152283], [-88.68623398950926, 14.997484522846817], [-88.68169135479728, 15.000915225699005], [-88.67662280123962, 15.046835707021323], [-88.66653886111283, 15.059646614714277], [-88.65592803012356, 15.068412023552842], [-88.64569192865473, 15.06913276453754], [-88.63775272760383, 15.075531535063257], [-88.63681935529416, 15.081953000732227], [-88.6425629434784, 15.089283032162067], [-88.64466165172277, 15.099882896607264], [-88.66421588422065, 15.118490161384452], [-88.66355219224204, 15.139066354572497], [-88.65810100767202, 15.15202721978863], [-88.64765739664495, 15.157287339601767], [-88.66669952653015, 15.171496870985692], [-88.67051622015923, 15.172480839239515], [-88.67427260544575, 15.170344901011374], [-88.68213597339516, 15.17432283822981], [-88.68976436436887, 15.19569871346477], [-88.69779019944639, 15.198347344598071], [-88.70993196683415, 15.213555124718559], [-88.71295526311754, 15.212891293821517], [-88.71973743718588, 15.217223979255877], [-88.72152172257462, 15.21964029595185], [-88.71017340340562, 15.245751842086115], [-88.7582659645767, 15.29487555730585], [-88.67830141695757, 15.342633579355242], [-88.60530897301133, 15.413403180431201], [-88.5919281009201, 15.421622297048161], [-88.58672790272553, 15.422495529906026], [-88.58404681714244, 15.419568291191007], [-88.5760029566708, 15.426014248138962], [-88.5700490692014, 15.427012193706396], [-88.56222122186188, 15.438414661572653], [-88.5619083902767, 15.443966212653262], [-88.55159322198557, 15.447197416948576], [-88.53443981104763, 15.461738214555405], [-88.5222253070579, 15.446583008328874], [-88.52264903586703, 15.410638667293735], [-88.50691139218533, 15.378137034461622], [-88.49272767148777, 15.366166414237659], [-88.49364388184307, 15.35457087511965], [-88.48917072291576, 15.345642658403262], [-88.49040585169338, 15.33930190967094], [-88.48421130553295, 15.335393426923401], [-88.48635624405156, 15.326993785015587], [-88.47898668013772, 15.323610388213266], [-88.47603312620001, 15.30375554929871], [-88.47037304131402, 15.30042939733486], [-88.46833737208792, 15.294780169098733], [-88.46239440860101, 15.292321080399999], [-88.46396153011243, 15.290157416007364], [-88.46097016335881, 15.289155606440039], [-88.46174225501144, 15.287027651271524], [-88.45999788088031, 15.285956619095177], [-88.45503459035534, 15.293216418312486], [-88.45198137064799, 15.294178517031545], [-88.45154071896103, 15.299660980573128], [-88.43958083113188, 15.301870249954472], [-88.43907978624124, 15.30920827029012], [-88.42827007104205, 15.312559736600335], [-88.42095854748914, 15.319325422379945], [-88.41918634356789, 15.326477189577863], [-88.40885188918195, 15.330141138133866], [-88.39915355667124, 15.322557653115721], [-88.37719229306845, 15.331567929700125], [-88.37245196064838, 15.324946845351077], [-88.36398787466852, 15.3207244709666], [-88.36008009766059, 15.32155048787104], [-88.35555575912794, 15.326835203307981], [-88.35077178811026, 15.32513099274781], [-88.33733662368326, 15.329326793351772], [-88.32997035145776, 15.32857535849094], [-88.3238385480187, 15.322789595112788], [-88.3126366636833, 15.320441167676707], [-88.30769174288668, 15.311498970935668], [-88.30814787171131, 15.30466960337429], [-88.30389166777624, 15.300313935080904], [-88.33812742878412, 15.250034982652684], [-88.33194914201847, 15.230218792031524], [-88.36373174971268, 15.186437098371615], [-88.34989095674561, 15.205279481158104], [-88.33494326483424, 15.186401487232422], [-88.28131709829069, 15.22483901797507], [-88.26940123027252, 15.20808813275391], [-88.2504135773922, 15.20864194822134], [-88.25491178698277, 15.221315874702903], [-88.20145235602301, 15.260855817589968], [-88.18124115302933, 15.262262626506391], [-88.16790149729529, 15.258403750579198], [-88.15318301707322, 15.258378229418025], [-88.12630086644721, 15.267363454277803], [-88.11318153465106, 15.249891062554736], [-88.10425376716204, 15.218963134060104], [-88.06042325474063, 15.210915231551686], [-88.06595389653566, 15.204067462338319], [-88.06663460360838, 15.192947585232444], [-88.07526167533307, 15.191210465061012], [-88.08227222802837, 15.1843021578215], [-88.08294320757325, 15.174524721837026], [-88.0916626426392, 15.169653186944721], [-88.09645624716566, 15.158569835223378], [-88.10354505917526, 15.156776463554666], [-88.12072518045605, 15.135368923835829], [-88.1062177123836, 15.110551839076582], [-88.0932050536912, 15.098991085832731], [-88.08756578887035, 15.09062367204701], [-88.07200590761146, 15.08760510591437], [-88.06481020282757, 15.071862227231358], [-88.05496377866949, 15.072065323052417], [-88.04433710474724, 15.05261426829072], [-88.02589354026424, 15.048701561089313], [-88.02757707866041, 15.044893775599524], [-88.0344785643103, 15.041339113698646], [-88.03999969181746, 15.00212679002427], [-88.05018505900948, 14.993469481724647], [-88.06067365353438, 14.93327918525119], [-88.1102934478987, 14.92182177968024], [-88.1100645983846, 14.89639486516968], [-88.10090163284592, 14.878149072048627], [-88.09139937171805, 14.86719849961697], [-88.11243437889667, 14.848884393720983], [-88.12738949020563, 14.824779125055063], [-88.1272754032864, 14.820991859772592], [-88.12330284940585, 14.818454112512594], [-88.08489670465518, 14.819335471654206], [-88.07783924252918, 14.815974092228831], [-88.05817586066657, 14.817877811908122], [-88.0150472686808, 14.813455819105272], [-88.01038489628199, 14.814735165325146], [-88.01077245130595, 14.809948937341307], [-88.00515400240964, 14.797893530598182], [-87.99644766115071, 14.793272206621467], [-87.98438309007123, 14.792833583780785], [-87.97548370401904, 14.803223658271687], [-87.97074581637348, 14.799748453107822], [-87.96707048239794, 14.80038994848453], [-87.95767304487875, 14.814339974043579], [-87.90188505137715, 14.851311144967957], [-87.89850135382333, 14.851597871121244], [-87.89426612349278, 14.84723994979696], [-87.88875928861867, 14.848227509071311], [-87.88080916897005, 14.837955362420859], [-87.88135544199056, 14.809233919864914], [-87.92890904935129, 14.754792201399496], [-87.92377776256647, 14.743385638395258], [-87.90085251526303, 14.72848800837887], [-87.89946713544745, 14.672145975271569], [-87.9190512129005, 14.650680593373938], [-88.02161220975422, 14.652505034660514], [-88.02203352530243, 14.66810338737254], [-88.02196085164101, 14.634555122381528], [-88.04109284965084, 14.640835849255257], [-88.06022335453687, 14.63760013588863], [-88.06653535390622, 14.645891671367973], [-88.0676175804965, 14.65462516863697], [-88.07645717982086, 14.662771414725537], [-88.08908965304045, 14.658113420533692], [-88.10076640250772, 14.642191962540545], [-88.16332004429287, 14.658521210408955], [-88.23281077393298, 14.653773283543556], [-88.2548447116266, 14.643821453284556], [-88.29138376118263, 14.645373000031706], [-88.3916467486717, 14.661081462167374], [-88.41207523674127, 14.674996056022774], [-88.41106453857616, 14.701222426126918], [-88.40752831752542, 14.710173434062856]], [[-88.60124407799272, 15.297230610306524], [-88.60033206284712, 15.297910318836392], [-88.60285408076284, 15.29780806143953], [-88.60124407799272, 15.297230610306524]], [[-88.54359597060326, 15.327830609430906], [-88.57756456507353, 15.314704486403311], [-88.57774470801574, 15.314565516216142], [-88.54359597060326, 15.327830609430906]], [[-88.52672104003182, 15.324692400179341], [-88.53355648656178, 15.331710060574446], [-88.53360140409771, 15.331692703568308], [-88.52672104003182, 15.324692400179341]], [[-88.32052162098546, 15.135563821005167], [-88.3165925886157, 15.123117314203792], [-88.32036335293861, 15.13569573607935], [-88.32052162098546, 15.135563821005167]], [[-88.23442906127266, 15.062846484551411], [-88.22910336597562, 15.063459567658363], [-88.22907002902468, 15.063541664548865], [-88.23442906127266, 15.062846484551411]], [[-88.23584833889237, 15.06165906756113], [-88.23840355630476, 15.045986685910332], [-88.23797005597636, 15.045478065333876], [-88.23584833889237, 15.06165906756113]], [[-88.23298782790765, 15.03796826627388], [-88.23292976511807, 15.038964583614082], [-88.23316212361173, 15.039221129396687], [-88.23298782790765, 15.03796826627388]], [[-88.23960769399645, 15.031720454233444], [-88.23311999799736, 15.035700318880858], [-88.23307452469389, 15.036480609340595], [-88.23960769399645, 15.031720454233444]], [[-88.23983356077696, 15.028904574293458], [-88.23980273460873, 15.028879621324858], [-88.23974653864737, 15.029989478715786], [-88.23983356077696, 15.028904574293458]], [[-88.23334582185281, 15.023652921071609], [-88.2328154104765, 15.023638114277881], [-88.2348079674166, 15.024836489268589], [-88.23334582185281, 15.023652921071609]], [[-88.225293627847, 15.02161654808318], [-88.22672077359692, 15.023414187147976], [-88.22681467207471, 15.023407106867424], [-88.225293627847, 15.02161654808318]], [[-88.22774978653389, 15.01743070277654], [-88.22457165733896, 15.020707150855232], [-88.22460139104685, 15.020744603564495], [-88.22774978653389, 15.01743070277654]], [[-88.23961438524853, 15.014495801958452], [-88.23958727042131, 15.014391257769274], [-88.2384314931385, 15.016313520675915], [-88.23961438524853, 15.014495801958452]], [[-88.23010527768079, 14.997328028356678], [-88.23035204253742, 14.998148497472801], [-88.2375479994209, 15.006528624845924], [-88.23010527768079, 14.997328028356678]], [[-88.22798259689378, 14.99023059108373], [-88.22797532386846, 14.990246139364507], [-88.22805730221447, 14.990518709381169], [-88.22798259689378, 14.99023059108373]], [[-88.23950860502956, 14.988572411498208], [-88.22935514843714, 14.987296349022891], [-88.22927908109003, 14.987458965873545], [-88.23950860502956, 14.988572411498208]], [[-88.24316044911376, 14.985811743821374], [-88.24314324204728, 14.985812535172416], [-88.23950860502956, 14.988572411498208], [-88.24316044911376, 14.985811743821374]], [[-88.25223663413054, 14.985552589218972], [-88.2523323600349, 14.985389928675596], [-88.2434276302737, 14.985799456190051], [-88.25223663413054, 14.985552589218972]], [[-88.25590974819413, 14.979311115362284], [-88.25589727686855, 14.979316735365513], [-88.25580484572981, 14.979489369012247], [-88.25590974819413, 14.979311115362284]], [[-88.26074366902142, 14.977366857060996], [-88.26067760779638, 14.977162555757625], [-88.25616568163757, 14.979195783053047], [-88.26074366902142, 14.977366857060996]], [[-88.2608321328659, 14.965432002401984], [-88.25872367664486, 14.970878684595082], [-88.25877389349577, 14.971031114887818], [-88.2608321328659, 14.965432002401984]], [[-88.26103645163096, 14.964876185734054], [-88.2595432301898, 14.96114776749427], [-88.26102931110684, 14.964895610392967], [-88.26103645163096, 14.964876185734054]], [[-88.26070593042719, 14.958487152081668], [-88.260697499655, 14.958470567355224], [-88.2595432301898, 14.96114776749427], [-88.26070593042719, 14.958487152081668]], [[-88.25904193369057, 14.955213794668643], [-88.2589060971602, 14.955881308906621], [-88.26067568985778, 14.958427663868802], [-88.25904193369057, 14.955213794668643]], [[-88.25906929891266, 14.955079319241987], [-88.25960180301406, 14.954108009404075], [-88.26079986207601, 14.946575159512825], [-88.25906929891266, 14.955079319241987]], [[-88.26089828347457, 14.945956330571052], [-88.25823158402153, 14.93784140725468], [-88.25814063913188, 14.93780668982182], [-88.26089828347457, 14.945956330571052]], [[-88.26247745789405, 14.939500266464067], [-88.26252026154825, 14.939478573176439], [-88.26093285029582, 14.938872592523872], [-88.26247745789405, 14.939500266464067]], [[-88.26906269347376, 14.937440544822485], [-88.26750152630595, 14.93709510101292], [-88.26740472295901, 14.937142257260913], [-88.26906269347376, 14.937440544822485]], [[-88.2777663461589, 14.941376988629003], [-88.27287640203762, 14.938284414743677], [-88.27204908166027, 14.938101351258373], [-88.2777663461589, 14.941376988629003]], [[-88.27835202785599, 14.94171254785575], [-88.28266265403028, 14.941454497151826], [-88.27834739755312, 14.941709894979871], [-88.27835202785599, 14.94171254785575]], [[-88.28674985520107, 14.938375225238048], [-88.28350774949013, 14.93968256034954], [-88.28266265403028, 14.941454497151826], [-88.28674985520107, 14.938375225238048]], [[-88.29458137258494, 14.938894703306124], [-88.29773805958003, 14.937951725821225], [-88.28695361244834, 14.938293062894394], [-88.29458137258494, 14.938894703306124]], [[-88.32077290589152, 14.920722300477827], [-88.31113693218977, 14.919941344636824], [-88.3204392048351, 14.920773384277657], [-88.32077290589152, 14.920722300477827]], [[-88.32803953110633, 14.919609907152202], [-88.32742223391209, 14.919190669518844], [-88.32594482289676, 14.919930570371038], [-88.32803953110633, 14.919609907152202]], [[-88.33039646053656, 14.919249102447175], [-88.33032313149357, 14.917834454419562], [-88.32955867881819, 14.919377352186814], [-88.33039646053656, 14.919249102447175]], [[-88.28241946637998, 14.86840187628849], [-88.2824023471729, 14.86841995015291], [-88.28957703948548, 14.865029636859688], [-88.28241946637998, 14.86840187628849]], [[-88.2792553289493, 14.871742462724516], [-88.27955590203399, 14.871781644492755], [-88.28221970244427, 14.868612780115724], [-88.2792553289493, 14.871742462724516]], [[-88.27539398400609, 14.871207731141055], [-88.27542437508943, 14.871243071548383], [-88.27579861151047, 14.871291855839003], [-88.27539398400609, 14.871207731141055]], [[-88.27218638782193, 14.867552615736987], [-88.27156133797676, 14.867990325676345], [-88.27220713201973, 14.867576531537713], [-88.27218638782193, 14.867552615736987]], [[-88.26480165385576, 14.872723997637964], [-88.26516002570602, 14.87294949328429], [-88.26524291825962, 14.872414988977377], [-88.26480165385576, 14.872723997637964]], [[-88.26396575543166, 14.871817107516303], [-88.26395854641463, 14.872193495431338], [-88.26419882515253, 14.872344684229404], [-88.26396575543166, 14.871817107516303]], [[-88.26413882706646, 14.865743979923366], [-88.2640825376656, 14.865719823880053], [-88.26407698365182, 14.866009802896476], [-88.26413882706646, 14.865743979923366]], [[-88.25467041030561, 14.856003314984289], [-88.2527128574915, 14.858260890553982], [-88.2528523239927, 14.858463564329332], [-88.25467041030561, 14.856003314984289]], [[-88.26454074230038, 14.858700029030501], [-88.25571735233166, 14.854795914231753], [-88.25567616114411, 14.85484341855349], [-88.26454074230038, 14.858700029030501]], [[-88.26726243520612, 14.858617225165773], [-88.26724872870243, 14.85854114759272], [-88.26454074230038, 14.858700029030501], [-88.26726243520612, 14.858617225165773]], [[-88.26433756307723, 14.839205676549778], [-88.26432206243449, 14.839222287377204], [-88.2694194692443, 14.847382831413876], [-88.26433756307723, 14.839205676549778]], [[-88.26789025417015, 14.835389119616325], [-88.26789194819816, 14.835267717756405], [-88.26787892480499, 14.835401198649393], [-88.26789025417015, 14.835389119616325]], [[-88.26889658815742, 14.829504636717092], [-88.26838484978137, 14.830215812878599], [-88.26835364164005, 14.83053567503103], [-88.26889658815742, 14.829504636717092]], [[-88.3058070921183, 14.750863414628746], [-88.30370912523793, 14.757558589908696], [-88.30374163868612, 14.757628336123295], [-88.3058070921183, 14.750863414628746]], [[-88.3074819158485, 14.746114858611312], [-88.3071872738614, 14.74645888433104], [-88.30715485252547, 14.746562349513878], [-88.3074819158485, 14.746114858611312]], [[-88.336737077841, 14.663776671336295], [-88.33312513358585, 14.667131635436348], [-88.32031611582752, 14.685145760275173], [-88.336737077841, 14.663776671336295]], [[-88.54219284966702, 14.982980889833668], [-88.54707968732791, 14.974380482227478], [-88.54705207268196, 14.974258954186642], [-88.54219284966702, 14.982980889833668]], [[-88.54407660549839, 14.984079864440263], [-88.54255677902255, 14.983212767712818], [-88.54410834917006, 14.984201351869869], [-88.54407660549839, 14.984079864440263]], [[-88.54573510060843, 14.990427155013565], [-88.54527048598442, 14.988649010474395], [-88.5457373665166, 14.990461621501112], [-88.54573510060843, 14.990427155013565]], [[-88.54620427214005, 14.997563673131378], [-88.54574627350613, 14.990597104768554], [-88.54536751108557, 14.995766830516928], [-88.54620427214005, 14.997563673131378]], [[-88.55308976660132, 15.001735001900851], [-88.54805595195164, 15.00153993036276], [-88.54707833083596, 15.00151115419986], [-88.55308976660132, 15.001735001900851]], [[-88.54173659205115, 15.004835509790498], [-88.54494225744615, 15.00144827913012], [-88.54490617290526, 15.00144721698589], [-88.54173659205115, 15.004835509790498]], [[-88.46728690008482, 15.004554077174957], [-88.468551783418, 15.006414214810542], [-88.46759606870604, 15.004552763171674], [-88.46728690008482, 15.004554077174957]], [[-88.46553169097662, 15.00456153702169], [-88.46017475667607, 15.008247607718404], [-88.46698797817126, 15.004555347628516], [-88.46553169097662, 15.00456153702169]], [[-88.45022265780077, 15.0048979790892], [-88.45425184882313, 15.004118672659715], [-88.44871270314891, 15.003954639099465], [-88.45022265780077, 15.0048979790892]], [[-88.44734457021403, 15.003914123877552], [-88.4319782690054, 15.013207154163599], [-88.44824678997037, 15.00394084177368], [-88.44734457021403, 15.003914123877552]], [[-88.42749280968901, 15.009915828605537], [-88.43166873977052, 15.01298002882149], [-88.43067486479502, 15.011200824577605], [-88.42749280968901, 15.009915828605537]], [[-88.40953261351439, 15.0144500479227], [-88.41664032930281, 15.013963003976883], [-88.4095283732079, 15.014439963534093], [-88.40953261351439, 15.0144500479227]], [[-88.40484230976111, 15.013924295041772], [-88.40817234697325, 15.011259700935975], [-88.40796283268268, 15.010747046901576], [-88.40484230976111, 15.013924295041772]], [[-88.40445234295949, 15.009882924623827], [-88.40407282985387, 15.010164421073789], [-88.40796283268268, 15.010747046901576], [-88.40445234295949, 15.009882924623827]], [[-88.39401930719959, 15.019937358852218], [-88.39405822222577, 15.019878175289652], [-88.39171305865526, 15.016244387071554], [-88.39401930719959, 15.019937358852218]], [[-88.29672433339663, 15.020106112048092], [-88.3001606158424, 15.015692296289831], [-88.29667631520721, 15.020078368747464], [-88.29672433339663, 15.020106112048092]], [[-88.28506307764336, 15.002602114773868], [-88.29024231491023, 15.011613287332116], [-88.28511313124302, 15.00264370198928], [-88.28506307764336, 15.002602114773868]], [[-88.27318285709399, 14.995856651840356], [-88.27323195579372, 14.995872963874772], [-88.27200230273716, 14.990383140583354], [-88.27318285709399, 14.995856651840356]], [[-88.42424606239206, 14.853203983374305], [-88.42105749385226, 14.847837629355354], [-88.41947157983206, 14.845301719130568], [-88.42424606239206, 14.853203983374305]], [[-88.41305203712727, 14.83503673390675], [-88.41295079140112, 14.834874839838776], [-88.4074056058864, 14.834865088371945], [-88.41305203712727, 14.83503673390675]], [[-88.39847070913167, 14.83782080376209], [-88.40696102900628, 14.834864306562809], [-88.39771809156613, 14.83781618176377], [-88.39847070913167, 14.83782080376209]], [[-88.39494268144519, 14.885920787733014], [-88.39495048665886, 14.885917480210036], [-88.39847070913167, 14.83782080376209], [-88.39494268144519, 14.885920787733014]], [[-88.3461489430253, 14.792474672075667], [-88.34400917857143, 14.791291711148942], [-88.34378176268137, 14.791389597181754], [-88.3461489430253, 14.792474672075667]], [[-88.34030527754413, 14.793818272786915], [-88.3428920654511, 14.791772547257283], [-88.33229761669075, 14.796389650863862], [-88.34030527754413, 14.793818272786915]], [[-88.3233447267593, 14.810650287897053], [-88.3188590024613, 14.818852437586264], [-88.3192036762253, 14.818618478771281], [-88.3233447267593, 14.810650287897053]], [[-88.40525126654167, 14.753507178516749], [-88.40521983302177, 14.753558035181415], [-88.40648458968117, 14.756210270328454], [-88.40525126654167, 14.753507178516749]], [[-88.43603881218154, 14.915078391212091], [-88.43620318350938, 14.914843699659507], [-88.40576090145095, 14.909225148088327], [-88.43603881218154, 14.915078391212091]], [[-88.43151526758004, 14.925763783017194], [-88.43156997781801, 14.925895204202252], [-88.43431690249409, 14.923626619516188], [-88.43151526758004, 14.925763783017194]], [[-88.43253516741663, 14.928213716523487], [-88.43294814142716, 14.92903214910512], [-88.43236930468557, 14.927815292435465], [-88.43253516741663, 14.928213716523487]], [[-88.3902130017425, 14.937221261371421], [-88.39018350909846, 14.937239970120443], [-88.4002127348826, 14.935571621706172], [-88.3902130017425, 14.937221261371421]], [[-88.38722410665326, 14.939117276120557], [-88.3871949556906, 14.939176946016069], [-88.3888464097559, 14.93808816318138], [-88.38722410665326, 14.939117276120557]], [[-88.38575533355097, 14.942123747590383], [-88.38575663003178, 14.942131600461016], [-88.38591251406324, 14.941802010539934], [-88.38575533355097, 14.942123747590383]], [[-88.3061431116534, 14.946108933852113], [-88.30613133338773, 14.94613222572362], [-88.30808110515302, 14.949001714224414], [-88.3061431116534, 14.946108933852113]], [[-88.30151300532916, 14.968522431390912], [-88.30151688713241, 14.968519982109981], [-88.30431931134389, 14.957204896496478], [-88.30151300532916, 14.968522431390912]], [[-88.29737473734416, 14.970863178316431], [-88.29770395961481, 14.97092580488132], [-88.30118550843913, 14.968729070376813], [-88.29737473734416, 14.970863178316431]], [[-88.29459775496663, 14.968028285115524], [-88.29591604238614, 14.970585696922905], [-88.29693657988425, 14.970779829469649], [-88.29459775496663, 14.968028285115524]], [[-88.29112457943417, 14.969751610740143], [-88.29113966099857, 14.969775512396218], [-88.29459775496663, 14.968028285115524], [-88.29112457943417, 14.969751610740143]], [[-88.28708986591147, 14.96329008933766], [-88.2870238477611, 14.963252664379066], [-88.2900195462701, 14.9680003254006], [-88.28708986591147, 14.96329008933766]], [[-88.27321563660907, 14.95698303033004], [-88.27321802107625, 14.957000800564098], [-88.27559139529981, 14.956771733641046], [-88.27321563660907, 14.95698303033004]], [[-88.27255649536477, 14.954155957641122], [-88.2718970296159, 14.95392516174211], [-88.27257256477026, 14.954227488318713], [-88.27255649536477, 14.954155957641122]], [[-88.26894939257384, 14.952893565268376], [-88.26653134335265, 14.955802023228618], [-88.26947180164854, 14.95307639488804], [-88.26894939257384, 14.952893565268376]], [[-88.26633076825327, 14.95593143937312], [-88.26637701028893, 14.955945080714915], [-88.26639593105588, 14.95592754229966], [-88.26633076825327, 14.95593143937312]], [[-88.39015163235379, 14.887951033876044], [-88.39038673382325, 14.887851407710151], [-88.39014148735848, 14.887945805924778], [-88.39015163235379, 14.887951033876044]], [[-88.47757595287592, 14.970362878198905], [-88.47744943550356, 14.971393159497804], [-88.47788466138469, 14.970872531579174], [-88.47757595287592, 14.970362878198905]], [[-88.47575641193423, 14.967358959728513], [-88.47042678528429, 14.963836771716167], [-88.47710050980857, 14.9695779592235], [-88.47575641193423, 14.967358959728513]], [[-88.45937454167549, 14.951856658605362], [-88.46171823323064, 14.952196446624358], [-88.45939627433147, 14.95182161770006], [-88.45937454167549, 14.951856658605362]], [[-88.4610867834089, 14.948983554153859], [-88.46109034061728, 14.94906934149683], [-88.4610944584276, 14.949062853618488], [-88.4610867834089, 14.948983554153859]], [[-88.45923524331687, 14.940670874527784], [-88.46048793429446, 14.942796153692749], [-88.46038541999269, 14.94173696027869], [-88.45923524331687, 14.940670874527784]], [[-88.44708844140838, 14.936875009233013], [-88.45669303992265, 14.938314534957131], [-88.45577895116669, 14.937467276428693], [-88.44708844140838, 14.936875009233013]], [[-88.44695261081402, 14.936865752238033], [-88.43850616042415, 14.940047040406798], [-88.43875025893772, 14.940530795247358], [-88.44695261081402, 14.936865752238033]], [[-88.5858334833141, 15.103463346857357], [-88.58583411962424, 15.103433320414696], [-88.58531758290668, 15.102090021831685], [-88.5858334833141, 15.103463346857357]], [[-88.58306118361872, 15.096222059568364], [-88.58302006963774, 15.09611513909105], [-88.58108034236145, 15.09598521348308], [-88.58306118361872, 15.096222059568364]], [[-88.56613838588548, 15.08560919255435], [-88.56337171105139, 15.082358495811523], [-88.56337045473279, 15.082365492704232], [-88.56613838588548, 15.08560919255435]], [[-88.38990307507771, 15.167877208230594], [-88.38220901692542, 15.168672482099113], [-88.38218488708715, 15.168685544136855], [-88.38990307507771, 15.167877208230594]], [[-88.3818844202866, 15.168848193742884], [-88.37822470700924, 15.170829280910151], [-88.37848317913688, 15.170923379256314], [-88.3818844202866, 15.168848193742884]], [[-88.39710057003158, 15.069124504544305], [-88.38584172671811, 15.086912726679339], [-88.39709722669826, 15.069130784291241], [-88.39710057003158, 15.069124504544305]], [[-88.37932110713471, 15.087545703415076], [-88.37953286088866, 15.088019003019225], [-88.38584172671811, 15.086912726679339], [-88.37932110713471, 15.087545703415076]], [[-88.38343993272002, 15.102354540395687], [-88.38342658779347, 15.102661976192591], [-88.38796957907091, 15.106258755167598], [-88.38343993272002, 15.102354540395687]], [[-88.3922088386554, 15.1175606734036], [-88.39231097569146, 15.117679535910293], [-88.38796957907091, 15.106258755167598], [-88.3922088386554, 15.1175606734036]], [[-88.39274750071755, 15.118187544178825], [-88.39596562177225, 15.121932649286649], [-88.39602420453913, 15.121913178619591], [-88.39274750071755, 15.118187544178825]], [[-88.39772691455393, 15.121356714969794], [-88.39895079992411, 15.121909292110221], [-88.39817773298407, 15.12116875464779], [-88.39772691455393, 15.121356714969794]], [[-88.4609105779729, 15.283748793866158], [-88.46084245496353, 15.283742378643986], [-88.46066198267991, 15.284215527226989], [-88.4609105779729, 15.283748793866158]], [[-88.46406102134907, 15.28403318532303], [-88.46493870106168, 15.283088184854622], [-88.46403980148183, 15.284030881475209], [-88.46406102134907, 15.28403318532303]], [[-88.4671476457494, 15.281601366256444], [-88.46619912867794, 15.281766345484614], [-88.46618005657999, 15.281786346831476], [-88.4671476457494, 15.281601366256444]], [[-88.47118761720823, 15.282045454122814], [-88.47044492345724, 15.281027858042764], [-88.4703186275492, 15.281049825176572], [-88.47118761720823, 15.282045454122814]], [[-88.46883580651598, 15.283451696512245], [-88.46882552748616, 15.283510218332204], [-88.47118761720823, 15.282045454122814], [-88.46883580651598, 15.283451696512245]], [[-88.46839693773425, 15.285950317516578], [-88.46845270754125, 15.28593772170409], [-88.4686172736562, 15.284695874308229], [-88.46839693773425, 15.285950317516578]], [[-88.47714466348424, 15.286346775362588], [-88.47712102803013, 15.28632902916413], [-88.47529502520007, 15.289315852501], [-88.47714466348424, 15.286346775362588]], [[-88.48019822610438, 15.288695977913456], [-88.48025869986098, 15.288684886037299], [-88.47831575157149, 15.287226062958029], [-88.48019822610438, 15.288695977913456]], [[-88.48249873324664, 15.288274027273204], [-88.48255796601856, 15.288054084178], [-88.48085532227586, 15.288575455727209], [-88.48249873324664, 15.288274027273204]], [[-88.49893177364905, 15.267971714600849], [-88.49890384849895, 15.26794516601933], [-88.49279311691794, 15.269327784563213], [-88.49893177364905, 15.267971714600849]], [[-88.51174633222585, 15.25799769699505], [-88.51118319839088, 15.255086618603517], [-88.51171446446342, 15.258002569139427], [-88.51174633222585, 15.25799769699505]], [[-88.51303580872055, 15.237685408635532], [-88.513857072527, 15.238972426668392], [-88.5166601173538, 15.239670922103866], [-88.51303580872055, 15.237685408635532]], [[-88.5040893137411, 15.229378382773255], [-88.50414787557371, 15.229826448687877], [-88.50689090505907, 15.229796760156635], [-88.5040893137411, 15.229378382773255]], [[-88.39656433868991, 15.199114811362117], [-88.39602011429652, 15.199014470243878], [-88.39690681664617, 15.199385032577025], [-88.39656433868991, 15.199114811362117]], [[-88.38943772055462, 15.197800844473392], [-88.38936973168886, 15.19783911690565], [-88.38961961337642, 15.19783438087742], [-88.38943772055462, 15.197800844473392]], [[-88.37959763471511, 15.200761437960365], [-88.38112035016222, 15.201135403213906], [-88.38281407080174, 15.20044086796213], [-88.37959763471511, 15.200761437960365]], [[-88.37385861843832, 15.195532833168379], [-88.3779918903391, 15.20036708154674], [-88.37914670486974, 15.200650693635632], [-88.37385861843832, 15.195532833168379]], [[-88.36567030814932, 15.190746382391065], [-88.36573196254889, 15.190883203391369], [-88.37385861843832, 15.195532833168379], [-88.36567030814932, 15.190746382391065]], [[-88.51442065282475, 15.213272570551966], [-88.51209743019706, 15.210177859354967], [-88.51208148592588, 15.210187021966771], [-88.51442065282475, 15.213272570551966]], [[-88.51596205352541, 15.230795463514944], [-88.5159550362656, 15.230772811650757], [-88.51595421821828, 15.231590418572981], [-88.51596205352541, 15.230795463514944]], [[-88.51592818798999, 15.234231395025557], [-88.51592846641415, 15.234203146649921], [-88.51583076258318, 15.23432294049938], [-88.51592818798999, 15.234231395025557]], [[-88.25971631193651, 14.815429598350976], [-88.26464985069275, 14.815078699965806], [-88.25944889274808, 14.815131394347622], [-88.25971631193651, 14.815429598350976]], [[-88.1689399575934, 14.862632676248731], [-88.17643291287649, 14.867141237016543], [-88.16894065895072, 14.862632517439211], [-88.1689399575934, 14.862632676248731]], [[-88.19757325166145, 14.769137251048871], [-88.19497749917065, 14.778342274866086], [-88.19778846902422, 14.7691084129845], [-88.19757325166145, 14.769137251048871]], [[-88.19057903300617, 14.770024698691858], [-88.19066825083324, 14.770010871284963], [-88.18827577489662, 14.766674342170978], [-88.19057903300617, 14.770024698691858]], [[-88.18748504432938, 14.765571595213911], [-88.17775250617495, 14.766128852775154], [-88.18748620772222, 14.765573217672886], [-88.18748504432938, 14.765571595213911]], [[-88.17624362594242, 14.768000926283165], [-88.17710358942249, 14.766920046194107], [-88.17621169591735, 14.768007489643495], [-88.17624362594242, 14.768000926283165]], [[-88.17170054553229, 14.768934776904054], [-88.17608417628333, 14.76803370187807], [-88.17123028796853, 14.768712723260203], [-88.17170054553229, 14.768934776904054]], [[-88.16517289971851, 14.765852450004012], [-88.16602891124846, 14.76625665504834], [-88.16511782140266, 14.765764966079521], [-88.16517289971851, 14.765852450004012]], [[-88.13740347232837, 14.781030984350913], [-88.13849989010298, 14.778273140031468], [-88.13846328028745, 14.77831491538388], [-88.13740347232837, 14.781030984350913]], [[-88.13128678765598, 14.80418063910351], [-88.1361256273187, 14.794242292192678], [-88.13128998146831, 14.804137638887], [-88.13128678765598, 14.80418063910351]], [[-88.13154593723107, 14.817202407273502], [-88.13053787164097, 14.814263745896461], [-88.1315388849766, 14.817234713369562], [-88.13154593723107, 14.817202407273502]], [[-88.1302828665496, 14.822988483627206], [-88.13152804703672, 14.817284361539386], [-88.12932423634246, 14.823581756937985], [-88.1302828665496, 14.822988483627206]], [[-88.0131068804953, 14.763821178957375], [-88.03000550354933, 14.765919669952826], [-88.01290913651316, 14.763689125235587], [-88.0131068804953, 14.763821178957375]], [[-88.01173284194648, 14.76290359399581], [-88.0013754381781, 14.749151389107075], [-88.01033300254475, 14.761968779186763], [-88.01173284194648, 14.76290359399581]], [[-88.0028823849162, 14.73544658853037], [-87.99747915252165, 14.724780358281192], [-87.99752787508751, 14.725007846879281], [-88.0028823849162, 14.73544658853037]], [[-87.9972990377745, 14.723939391665336], [-87.99612870443761, 14.713909005605307], [-87.99600475296532, 14.717896297842577], [-87.9972990377745, 14.723939391665336]], [[-87.99616483807677, 14.712746652498415], [-88.0205669302399, 14.710623881507495], [-87.99617775177083, 14.712331242570974], [-87.99616483807677, 14.712746652498415]], [[-88.03143657230808, 14.702235547176695], [-88.03146923029949, 14.702188553041708], [-88.02793714545575, 14.69744003295415], [-88.03143657230808, 14.702235547176695]], [[-88.02252025335284, 14.677883337144888], [-88.02249414592589, 14.677833204028405], [-88.02248666083257, 14.677860310717866], [-88.02252025335284, 14.677883337144888]], [[-88.02342941111182, 14.674446213126416], [-88.02408549753994, 14.672137549443368], [-88.0240733712435, 14.672114161062428], [-88.02342941111182, 14.674446213126416]], [[-88.02267785082908, 14.66942257561246], [-88.02203570391411, 14.66818404604655], [-88.02203645338835, 14.66821179380848], [-88.02267785082908, 14.66942257561246]], [[-88.24467506543505, 14.718808052567805], [-88.24191090093127, 14.74270313861734], [-88.24286584505889, 14.739320778731813], [-88.24467506543505, 14.718808052567805]], [[-88.23600381749716, 14.751869523312745], [-88.23866974857646, 14.746467633889397], [-88.24172409779774, 14.743364785102235], [-88.23819764763725, 14.746911976073077], [-88.23600381749716, 14.751869523312745]], [[-88.2330912644658, 14.753990324336339], [-88.23239720279444, 14.75443343723816], [-88.23239487324393, 14.754497407709671], [-88.2330912644658, 14.753990324336339]], [[-88.23158343057051, 14.775919338471304], [-88.23654263429451, 14.767689950848379], [-88.23157603159869, 14.77592232225686], [-88.23158343057051, 14.775919338471304]], [[-88.2284232970939, 14.777388935988382], [-88.22830816741107, 14.777441883062927], [-88.22820981088825, 14.777724095420743], [-88.2284232970939, 14.777388935988382]], [[-88.22608624213504, 14.783817207779496], [-88.22541341695477, 14.785747731297992], [-88.22579239827493, 14.785544601622103], [-88.22608624213504, 14.783817207779496]], [[-88.22170855382022, 14.787733495787348], [-88.22413718766357, 14.786431775678224], [-88.2214495111647, 14.787302116426146], [-88.22170855382022, 14.787733495787348]], [[-88.21912395576189, 14.7845466103773], [-88.21869053387844, 14.78403305709017], [-88.21486260724066, 14.788176461847815], [-88.21912395576189, 14.7845466103773]], [[-88.21097297585384, 14.783888374124112], [-88.20695990776069, 14.782468242930607], [-88.20696468520339, 14.782477714251469], [-88.21097297585384, 14.783888374124112]], [[-88.20621606782152, 14.78099357391311], [-88.20507058408928, 14.778685648747864], [-88.20505520054246, 14.778692144640866], [-88.20621606782152, 14.78099357391311]], [[-88.20830431671293, 14.776471940630762], [-88.20864778691983, 14.776239421801705], [-88.20836290799377, 14.775858352450614], [-88.20830431671293, 14.776471940630762]], [[-88.20810068843821, 14.77550759349042], [-88.20686393008555, 14.773853239096981], [-88.2039506700549, 14.773345274797652], [-88.20810068843821, 14.77550759349042]], [[-88.2031707304353, 14.768520090763406], [-88.20314970805002, 14.768390033416251], [-88.20158754579843, 14.768599355447675], [-88.2031707304353, 14.768520090763406]], [[-88.15105279103531, 14.690889851663625], [-88.16113135481005, 14.759433041493072], [-88.1643787853133, 14.764591114329933], [-88.15105279103531, 14.690889851663625]], [[-88.25598489701571, 14.8112686296707], [-88.25813938927824, 14.81367114319883], [-88.25765540908759, 14.812334659278628], [-88.25598489701571, 14.8112686296707]], [[-88.25249516040064, 14.807377160867071], [-88.25252554800643, 14.80741104663925], [-88.25251443742717, 14.807375101757446], [-88.25249516040064, 14.807377160867071]], [[-88.24223092645684, 14.80042284949251], [-88.24208551762561, 14.800440312320474], [-88.24626002571493, 14.807950142961642], [-88.24223092645684, 14.80042284949251]], [[-88.23579605636448, 14.801176085618765], [-88.23580998131003, 14.8011739929282], [-88.23452700854132, 14.798420154749786], [-88.23579605636448, 14.801176085618765]], [[-88.22829297537207, 14.79327427694664], [-88.22964356108083, 14.796351320470944], [-88.22833730152519, 14.793308537526594], [-88.22829297537207, 14.79327427694664]], [[-88.22279619753282, 14.78954473050088], [-88.22816611226013, 14.79317622188245], [-88.22221456837445, 14.788576153282236], [-88.22279619753282, 14.78954473050088]], [[-88.13722623455162, 15.02591553993454], [-88.11868803867262, 15.000248687341712], [-88.13528551746032, 15.023229147902875], [-88.13722623455162, 15.02591553993454]], [[-88.12425176635715, 15.000562533927944], [-88.08897662027432, 14.99857116413691], [-88.11868803867262, 15.000248687341712], [-88.12425176635715, 15.000562533927944]], [[-88.30208183452004, 14.916014461343508], [-88.30209340525296, 14.916033449872273], [-88.30549195094555, 14.916270587990939], [-88.30208183452004, 14.916014461343508]], [[-88.29850972332365, 14.910259606418345], [-88.29611966089917, 14.91115335104585], [-88.29857312685601, 14.910362187105198], [-88.29850972332365, 14.910259606418345]], [[-88.2947671913238, 14.906938507500707], [-88.29475245612575, 14.906938643009669], [-88.29611966089917, 14.91115335104585], [-88.2947671913238, 14.906938507500707]], [[-88.2853944840458, 14.901151876722988], [-88.28376534367752, 14.89662210775845], [-88.28370761356571, 14.896609523881574], [-88.2853944840458, 14.901151876722988]], [[-88.27290358406869, 14.894254486402962], [-88.27283093012173, 14.89426106719397], [-88.27300611285716, 14.89427683539225], [-88.27290358406869, 14.894254486402962]], [[-88.26377975504165, 14.895080897279733], [-88.26573667176321, 14.895791336593843], [-88.27270324331482, 14.894272632707278], [-88.26377975504165, 14.895080897279733]], [[-88.25547398343801, 14.893695175994642], [-88.25550529579871, 14.893753850220214], [-88.25580394693195, 14.893789093409941], [-88.25547398343801, 14.893695175994642]], [[-88.26972048543855, 14.880102842537436], [-88.26978370059489, 14.878212642221984], [-88.26958671164189, 14.880112639775298], [-88.26972048543855, 14.880102842537436]], [[-88.26986955260351, 14.875645575980686], [-88.26852271024266, 14.875065370193736], [-88.2698607987452, 14.875907325641672], [-88.26986955260351, 14.875645575980686]], [[-88.22450463520114, 14.988107765902482], [-88.22451320958541, 14.988113048783642], [-88.22388275282147, 14.98725367108088], [-88.22450463520114, 14.988107765902482]], [[-88.22039224669291, 14.982459801200289], [-88.22057804402873, 14.982714975727772], [-88.22045300686315, 14.978118887347682], [-88.22039224669291, 14.982459801200289]], [[-88.21874078909698, 14.976091258210309], [-88.22044784528411, 14.977929159170829], [-88.22044724205928, 14.97790698596639], [-88.21874078909698, 14.976091258210309]], [[-88.22728065431798, 15.067948249291408], [-88.22730799381984, 15.067929110592154], [-88.22760440291357, 15.067150973228205], [-88.22728065431798, 15.067948249291408]], [[-88.22275121548485, 15.070806802394245], [-88.22281289451159, 15.071075852410415], [-88.22702425470264, 15.068127738850242], [-88.22275121548485, 15.070806802394245]], [[-88.22392560702963, 15.075929614487649], [-88.22405073699684, 15.075639272312086], [-88.22353990963707, 15.074247164306708], [-88.22392560702963, 15.075929614487649]], [[-88.22205413864256, 15.079764142530085], [-88.22239606365356, 15.079478652030698], [-88.22294738752936, 15.078199401527423], [-88.22205413864256, 15.079764142530085]], [[-88.20443098313663, 15.09026966742465], [-88.20474885010174, 15.094560212803426], [-88.20452366728577, 15.09024483537609], [-88.20443098313663, 15.09026966742465]], [[-88.2048146528519, 15.095821249092877], [-88.19984306278806, 15.100273603283497], [-88.19881350780543, 15.102584752369285], [-88.2048146528519, 15.095821249092877]], [[-88.19844294668428, 15.103416589435586], [-88.19859765733815, 15.103606802253822], [-88.19852800385193, 15.103225652770165], [-88.19844294668428, 15.103416589435586]], [[-88.20405044329324, 15.111077784927236], [-88.20419364372931, 15.110528365595314], [-88.20412342503937, 15.110457623069928], [-88.20405044329324, 15.111077784927236]], [[-88.19175223276405, 15.108222508379406], [-88.20348467195312, 15.113248488594417], [-88.20356792775745, 15.11292905975989], [-88.19175223276405, 15.108222508379406]], [[-88.1978952017644, 15.136057611864592], [-88.18819562135879, 15.158222780941507], [-88.19789537348952, 15.136057548063766], [-88.1978952017644, 15.136057611864592]], [[-88.20475778556361, 15.227888520841619], [-88.2045756944394, 15.22475882127178], [-88.20448190590675, 15.22949396275395], [-88.20475778556361, 15.227888520841619]], [[-88.19950512802882, 15.185068764283908], [-88.19917219340782, 15.18401251096535], [-88.19915405567136, 15.195011726401395], [-88.19950512802882, 15.185068764283908]], [[-88.19783826058278, 15.179780536024003], [-88.19762973538208, 15.179651382670311], [-88.19887997937451, 15.183085445941332], [-88.19783826058278, 15.179780536024003]], [[-88.19307559649548, 15.176830705320997], [-88.18931605363449, 15.176550018599732], [-88.19558791331123, 15.178386748145545], [-88.19307559649548, 15.176830705320997]], [[-88.16414764376601, 15.137328236522675], [-88.16418519932036, 15.137358160103975], [-88.1718560006034, 15.132337717935695], [-88.16414764376601, 15.137328236522675]], [[-88.15882675020592, 15.133575545519275], [-88.15863595818409, 15.133802797331208], [-88.15906819996559, 15.133749619932463], [-88.15882675020592, 15.133575545519275]], [[-88.15554699606766, 15.137482050956352], [-88.15556899316837, 15.137470204353802], [-88.15560095029572, 15.137417786235154], [-88.15554699606766, 15.137482050956352]], [[-88.1449204636941, 15.14287248979282], [-88.14447225907504, 15.143446382765099], [-88.1553905368152, 15.137566312541686], [-88.1449204636941, 15.14287248979282]], [[-88.14113864162758, 15.147004661654732], [-88.13539430382019, 15.146535314052404], [-88.13538249074576, 15.146562862001268], [-88.14113864162758, 15.147004661654732]], [[-88.13346504953596, 15.151034312058561], [-88.13361436661216, 15.154407551814232], [-88.13534371706879, 15.146653281753995], [-88.13346504953596, 15.151034312058561]], [[-88.13341997789735, 15.155279175368342], [-88.12974834762639, 15.158757533366884], [-88.13336762127248, 15.155513938314797], [-88.13341997789735, 15.155279175368342]], [[-88.11469536449209, 15.161425006769454], [-88.12555050623739, 15.160100004868351], [-88.129629305081, 15.158795603224663], [-88.11469536449209, 15.161425006769454]], [[-88.11033064228599, 15.158873375423438], [-88.11371035685644, 15.161545238915698], [-88.11382583464496, 15.161531143448968], [-88.11033064228599, 15.158873375423438]], [[-88.10845602135096, 15.157447900923215], [-88.10800858394245, 15.157386726313145], [-88.10854691858962, 15.157517019801293], [-88.10845602135096, 15.157447900923215]], [[-88.19935476666052, 15.242683431357412], [-88.19892401702839, 15.243069642179886], [-88.19895406682429, 15.243061649720454], [-88.19935476666052, 15.242683431357412]], [[-88.20287961130616, 15.23881828531115], [-88.20269954325633, 15.239526315196096], [-88.20276924951698, 15.239460519841542], [-88.20287961130616, 15.23881828531115]]]}}]}