{"type": "FeatureCollection", "features": [{"type": "Feature", "properties": {"code": "ca-1", "ref": "CA-1", "name": "Carretera Panamericana", "road_class": "primaria", "length_km": 151, "source_name": "OpenStreetMap (ODbL)", "source_url": "https://www.openstreetmap.org/copyright", "retrieved": "2026-10-01"}, "geometry": {"type": "MultiLineString", "coordinates": [[[-87.76898, 13.59145], [-87.76643, 13.59156], [-87.76138, 13.59478]], [[-87.7653, 13.59671], [-87.76658, 13.59736]], [[-87.75957, 13.59484], [-87.7653, 13.59671]], [[-87.7653, 13.59671], [-87.76051, 13.59491]], [[-87.76138, 13.59478], [-87.76048, 13.59487]], [[-87.76051, 13.59491], [-87.76138, 13.59478]], [[-87.76051, 13.59491], [-87.76048, 13.59487]], [[-87.75957, 13.59484], [-87.76051, 13.59491]], [[-87.76048, 13.59487], [-87.75819, 13.59457]], [[-87.75819, 13.59457], [-87.75957, 13.59484]], [[-87.44194, 13.53164], [-87.46043, 13.53351], [-87.47473, 13.54376], [-87.4768, 13.54436], [-87.48302, 13.54286], [-87.50077, 13.53209], [-87.5049, 13.53138], [-87.51317, 13.53357], [-87.51513, 13.53234], [-87.51804, 13.5282], [-87.53656, 13.53516], [-87.542, 13.5353], [-87.5529, 13.53265], [-87.56747, 13.53498], [-87.57558, 13.53434], [-87.58522, 13.53498], [-87.59417, 13.5384], [-87.6095, 13.53919], [-87.61994, 13.54104], [-87.62828, 13.54508], [-87.63246, 13.54558], [-87.6375, 13.54767], [-87.64157, 13.54833], [-87.64646, 13.55119], [-87.65025, 13.55659], [-87.65814, 13.55799], [-87.66283, 13.56257], [-87.66579, 13.56315], [-87.67026, 13.56247], [-87.67222, 13.5697], [-87.67719, 13.57634], [-87.68063, 13.57872], [-87.68392, 13.57882], [-87.68587, 13.57999], [-87.69875, 13.59338], [-87.7071, 13.59571], [-87.71275, 13.59247], [-87.72344, 13.59056], [-87.72758, 13.58813], [-87.73124, 13.5879], [-87.75819, 13.59457]], [[-87.45334, 13.45536], [-87.45356, 13.4554]], [[-87.4534, 13.45593], [-87.45356, 13.4554]], [[-87.45356, 13.4554], [-87.45355, 13.45505]], [[-87.45355, 13.45505], [-87.4534, 13.44708], [-87.44989, 13.43209]], [[-87.45355, 13.45505], [-87.45336, 13.45508]], [[-87.4534, 13.45593], [-87.4527, 13.46362], [-87.44762, 13.46994], [-87.44556, 13.47378], [-87.44515, 13.48217], [-87.43971, 13.51366], [-87.43863, 13.52762]], [[-87.45334, 13.45536], [-87.4534, 13.45593]], [[-87.45336, 13.45508], [-87.45334, 13.45536]], [[-87.44971, 13.43217], [-87.4533, 13.44709], [-87.45336, 13.45508]], [[-87.44971, 13.43217], [-87.44989, 13.43209]], [[-87.44989, 13.43209], [-87.4497, 13.43183]], [[-87.44957, 13.43195], [-87.44971, 13.43217]], [[-87.4497, 13.43183], [-87.44957, 13.43195]], [[-87.4497, 13.43183], [-87.44643, 13.4296], [-87.43801, 13.42901]], [[-87.43801, 13.42901], [-87.44643, 13.4297], [-87.44957, 13.43195]], [[-87.44194, 13.53164], [-87.43988, 13.53047]], [[-87.43988, 13.53047], [-87.44194, 13.53164]], [[-87.43988, 13.53047], [-87.43944, 13.52996]], [[-87.43944, 13.52996], [-87.43863, 13.52762]], [[-87.43863, 13.52762], [-87.43944, 13.52996]], [[-87.43655, 13.42889], [-87.43801, 13.42901]], [[-87.43118, 13.43036], [-87.43655, 13.42889]], [[-87.43655, 13.42889], [-87.43118, 13.43036]], [[-87.25563, 13.34364], [-87.25761, 13.34487], [-87.25943, 13.34863], [-87.26319, 13.35196], [-87.27624, 13.35747], [-87.28007, 13.36], [-87.28808, 13.36789], [-87.29962, 13.37295], [-87.3177, 13.403], [-87.32029, 13.40524], [-87.3469, 13.41041], [-87.36781, 13.41626], [-87.39267, 13.41815], [-87.40763, 13.42644], [-87.42578, 13.43102], [-87.43118, 13.43036]], [[-87.25563, 13.34364], [-87.251, 13.34212]], [[-87.251, 13.34212], [-87.25563, 13.34364]], [[-87.21263, 13.323], [-87.21927, 13.32555], [-87.251, 13.34212]], [[-87.21263, 13.323], [-87.21081, 13.32286]], [[-87.21087, 13.32314], [-87.21263, 13.323]], [[-87.21035, 13.32306], [-87.21087, 13.32314]], [[-87.21087, 13.32314], [-87.21081, 13.32286]], [[-87.21081, 13.32286], [-87.21046, 13.32283]], [[-87.21046, 13.32283], [-87.21035, 13.32306]], [[-87.21046, 13.32283], [-87.20953, 13.32273]], [[-87.20953, 13.32273], [-87.21035, 13.32306]], [[-87.19084, 13.30968], [-87.19287, 13.31411], [-87.19552, 13.31467], [-87.20953, 13.32273]], [[-87.19084, 13.30968], [-87.19071, 13.30928]], [[-87.19063, 13.30937], [-87.19084, 13.30968]], [[-87.19063, 13.30937], [-87.19071, 13.30928]], [[-87.19071, 13.30928], [-87.19054, 13.30921]], [[-87.19054, 13.30935], [-87.19063, 13.30937]], [[-87.19054, 13.30921], [-87.18598, 13.30977]], [[-87.19054, 13.30921], [-87.19054, 13.30935]], [[-87.1859, 13.30985], [-87.19054, 13.30935]], [[-87.1859, 13.30985], [-87.18598, 13.30977]], [[-87.18598, 13.30977], [-87.18575, 13.30969]], [[-87.18579, 13.30984], [-87.1859, 13.30985]], [[-87.17907, 13.31086], [-87.18579, 13.30984]], [[-87.18575, 13.30969], [-87.18579, 13.30984]], [[-87.18575, 13.30969], [-87.17907, 13.31061]], [[-87.17907, 13.31086], [-87.17907, 13.31061]], [[-87.17907, 13.31061], [-87.1787, 13.31064]], [[-87.17878, 13.31091], [-87.17907, 13.31086]], [[-87.15863, 13.31822], [-87.17878, 13.31091]], [[-87.1787, 13.31064], [-87.17878, 13.31091]], [[-87.1787, 13.31064], [-87.1585, 13.31799]], [[-87.15835, 13.31834], [-87.15863, 13.31822]], [[-87.15863, 13.31822], [-87.1585, 13.31799]], [[-87.1585, 13.31799], [-87.15825, 13.31811]], [[-87.15712, 13.31867], [-87.15835, 13.31834]], [[-87.15825, 13.31811], [-87.15835, 13.31834]], [[-87.15825, 13.31811], [-87.15712, 13.31867]], [[-86.72463, 13.44757], [-86.72749, 13.44774], [-86.73128, 13.44439], [-86.73914, 13.44229], [-86.75188, 13.44378], [-86.75456, 13.44537], [-86.75686, 13.44841], [-86.75969, 13.44968], [-86.76689, 13.4484], [-86.76789, 13.44729], [-86.76883, 13.44355], [-86.77428, 13.44255], [-86.78079, 13.44568], [-86.78755, 13.44745], [-86.80083, 13.44057], [-86.80499, 13.43948], [-86.81131, 13.43286], [-86.81589, 13.43239], [-86.82117, 13.43458], [-86.8261, 13.43431], [-86.82722, 13.4331], [-86.82704, 13.43058], [-86.82926, 13.42645], [-86.83473, 13.42351], [-86.83499, 13.42208], [-86.83392, 13.41903], [-86.83437, 13.41766], [-86.8425, 13.41171], [-86.85114, 13.40116], [-86.85782, 13.39755], [-86.86347, 13.39227], [-86.8632, 13.38813], [-86.86687, 13.38516], [-86.8685, 13.38192], [-86.8753, 13.37864], [-86.88074, 13.37749], [-86.88469, 13.378], [-86.88745, 13.37663], [-86.89243, 13.37563], [-86.90136, 13.37573], [-86.90487, 13.37753], [-86.9113, 13.37741], [-86.91464, 13.37833], [-86.9189, 13.37358], [-86.92118, 13.36731], [-86.92309, 13.3663], [-86.92596, 13.36614], [-86.92837, 13.36354], [-86.93003, 13.36391], [-86.93298, 13.36798], [-86.93665, 13.36953], [-86.9395, 13.36961], [-86.94146, 13.3725], [-86.94284, 13.37312], [-86.94714, 13.37311], [-86.95213, 13.36722], [-86.95689, 13.36793], [-86.96129, 13.37166], [-86.96874, 13.37155], [-86.97158, 13.37074], [-86.97285, 13.36979], [-86.97424, 13.36671], [-86.97804, 13.3655], [-86.9799, 13.36125], [-86.98334, 13.35902], [-86.9891, 13.36096], [-86.99313, 13.36557], [-86.99528, 13.36611], [-86.99828, 13.36822], [-86.99839, 13.36938], [-86.99673, 13.37042], [-86.99746, 13.37137], [-87.00145, 13.37068], [-87.00569, 13.36268], [-87.00643, 13.36338], [-87.00542, 13.36513], [-87.00579, 13.36675], [-87.00504, 13.36914], [-87.00561, 13.36972], [-87.00653, 13.36934], [-87.00673, 13.36702], [-87.00746, 13.36646], [-87.01241, 13.36908], [-87.01726, 13.3695], [-87.01908, 13.36606], [-87.02036, 13.36539], [-87.02206, 13.36623], [-87.02419, 13.36588], [-87.02745, 13.36895], [-87.03471, 13.37096], [-87.03765, 13.3712], [-87.04089, 13.36999], [-87.04202, 13.37286], [-87.04578, 13.37514], [-87.0478, 13.37429], [-87.04972, 13.37471], [-87.05301, 13.37075], [-87.0553, 13.37069], [-87.05775, 13.36925], [-87.05878, 13.3696], [-87.05927, 13.37103], [-87.05594, 13.37473], [-87.05609, 13.37658], [-87.05773, 13.37684], [-87.06083, 13.37432], [-87.06521, 13.37446], [-87.06591, 13.37316], [-87.06869, 13.3722], [-87.07274, 13.37375], [-87.07953, 13.36708], [-87.09993, 13.35649], [-87.10841, 13.35053], [-87.11409, 13.34884], [-87.15712, 13.31867]]]}}, {"type": "Feature", "properties": {"code": "ca-10", "ref": "CA-10", "name": "Carretera Ocotepeque - Agua Caliente", "road_class": "primaria", "length_km": 22, "source_name": "OpenStreetMap (ODbL)", "source_url": "https://www.openstreetmap.org/copyright", "retrieved": "2026-10-01"}, "geometry": {"type": "MultiLineString", "coordinates": [[[-89.18521, 14.44213], [-89.18922, 14.44338], [-89.19924, 14.44311], [-89.20476, 14.44656], [-89.20544, 14.44939], [-89.20405, 14.45418], [-89.20584, 14.46102], [-89.20335, 14.4669], [-89.20608, 14.47729], [-89.21218, 14.48648], [-89.21281, 14.49077], [-89.21696, 14.49466], [-89.21935, 14.49932], [-89.22281, 14.49925], [-89.22582, 14.5026], [-89.22765, 14.5059], [-89.22814, 14.50922], [-89.23413, 14.5159], [-89.24453, 14.5181], [-89.24611, 14.52062], [-89.24543, 14.52328], [-89.24591, 14.52408], [-89.25033, 14.52048], [-89.25102, 14.52071], [-89.25127, 14.52256], [-89.25306, 14.52174], [-89.25469, 14.52281], [-89.25729, 14.5228], [-89.25567, 14.52426], [-89.25575, 14.52777], [-89.25664, 14.52774], [-89.25841, 14.52547], [-89.26026, 14.52574], [-89.26398, 14.5323], [-89.26448, 14.53526], [-89.26352, 14.53798], [-89.26657, 14.54113], [-89.26774, 14.54427], [-89.26875, 14.545], [-89.26971, 14.54516], [-89.27156, 14.54341], [-89.27153, 14.54146], [-89.27409, 14.54174], [-89.27635, 14.54058], [-89.27854, 14.53573], [-89.27989, 14.53413], [-89.28211, 14.53337], [-89.28308, 14.53131]], [[-89.18371, 14.44023], [-89.18521, 14.44213]], [[-89.18291, 14.44145], [-89.18521, 14.44213]]]}}, {"type": "Feature", "properties": {"code": "ca-11", "ref": "CA-11", "name": "Carretera La Entrada - Copan Ruinas", "road_class": "secundaria", "length_km": 72, "source_name": "OpenStreetMap (ODbL)", "source_url": "https://www.openstreetmap.org/copyright", "retrieved": "2026-10-01"}, "geometry": {"type": "MultiLineString", "coordinates": [[[-89.22585, 14.85761], [-89.22464, 14.85711]], [[-89.22362, 14.85716], [-89.22464, 14.85711]], [[-89.22464, 14.85711], [-89.22362, 14.85716]], [[-89.22362, 14.85716], [-89.22184, 14.8578], [-89.21865, 14.85707], [-89.217, 14.85309], [-89.21493, 14.85517], [-89.20986, 14.85668], [-89.19968, 14.85546], [-89.19713, 14.84915], [-89.19061, 14.84705], [-89.18916, 14.84535], [-89.18907, 14.84293], [-89.18658, 14.84191], [-89.18609, 14.8405], [-89.18672, 14.83885], [-89.18536, 14.83549], [-89.17999, 14.8395], [-89.17806, 14.83962], [-89.17181, 14.8424], [-89.16407, 14.84218], [-89.16214, 14.83908]], [[-89.16214, 14.83908], [-89.16193, 14.83865]], [[-89.16183, 14.83873], [-89.16214, 14.83908]], [[-89.16183, 14.83873], [-89.16193, 14.83865]], [[-89.16193, 14.83865], [-89.16183, 14.83847]], [[-89.1617, 14.83852], [-89.16183, 14.83873]], [[-89.16183, 14.83847], [-89.16164, 14.83814]], [[-89.16183, 14.83847], [-89.1617, 14.83852]], [[-89.16164, 14.83814], [-89.1617, 14.83852]], [[-89.16164, 14.83814], [-89.15997, 14.83495], [-89.15868, 14.8343], [-89.15256, 14.8353], [-89.15076, 14.83818]], [[-89.15076, 14.83818], [-89.15045, 14.83837]], [[-89.15059, 14.83845], [-89.15076, 14.83818]], [[-89.15043, 14.83856], [-89.15059, 14.83845]], [[-89.15059, 14.83845], [-89.15045, 14.83837]], [[-89.15045, 14.83837], [-89.15043, 14.83838]], [[-89.15043, 14.83838], [-89.14996, 14.83858]], [[-89.15043, 14.83838], [-89.15043, 14.83856]], [[-89.14996, 14.83858], [-89.15043, 14.83856]], [[-89.14996, 14.83858], [-89.14719, 14.83971]], [[-89.14665, 14.83993], [-89.14719, 14.83971]], [[-89.14719, 14.83971], [-89.14665, 14.83993]], [[-88.75327, 15.06016], [-88.75487, 15.06019], [-88.75919, 15.06614], [-88.76526, 15.07007], [-88.77405, 15.069], [-88.77671, 15.0694], [-88.77891, 15.0682], [-88.78407, 15.06761], [-88.78614, 15.06543], [-88.78859, 15.06581], [-88.79094, 15.06494], [-88.80242, 15.04974], [-88.82388, 15.03675], [-88.8266, 15.03244], [-88.83068, 15.0304], [-88.83251, 15.02448], [-88.83145, 15.02263], [-88.83274, 15.02093], [-88.83246, 15.01836], [-88.83534, 15.01492], [-88.83411, 15.01351], [-88.8341, 15.01227], [-88.8362, 15.01028], [-88.83623, 15.00538], [-88.83949, 14.99985], [-88.84323, 14.99746], [-88.84376, 14.998], [-88.84287, 14.99915], [-88.84519, 14.99857], [-88.84474, 14.99732], [-88.84681, 14.99554], [-88.84635, 14.99405], [-88.84747, 14.99263], [-88.84761, 14.9908], [-88.84633, 14.98916], [-88.84794, 14.98785], [-88.85038, 14.98216], [-88.85896, 14.98507], [-88.86158, 14.98446], [-88.86512, 14.98542], [-88.86933, 14.98367], [-88.86991, 14.98188], [-88.87959, 14.98084], [-88.88287, 14.97715], [-88.88478, 14.9769], [-88.89084, 14.97154], [-88.89091, 14.96931], [-88.89247, 14.96889], [-88.89442, 14.96598], [-88.89361, 14.96035], [-88.89548, 14.96036], [-88.89756, 14.95733], [-88.90317, 14.95525], [-88.90707, 14.95794], [-88.90837, 14.95577], [-88.90698, 14.95405], [-88.90851, 14.94911], [-88.91056, 14.94714], [-88.91441, 14.94649], [-88.91565, 14.9407], [-88.91767, 14.93968], [-88.91812, 14.93841], [-88.92166, 14.93529], [-88.93082, 14.93483], [-88.93168, 14.93367], [-88.93307, 14.93365], [-88.93428, 14.93256], [-88.93452, 14.93086], [-88.9377, 14.92868], [-88.93894, 14.93022], [-88.9404, 14.93018], [-88.9429, 14.93206], [-88.94558, 14.93021], [-88.9478, 14.93111], [-88.95019, 14.93044], [-88.9511, 14.93255], [-88.9527, 14.93178], [-88.9539, 14.93384], [-88.95514, 14.9336], [-88.95513, 14.93111], [-88.95579, 14.93065], [-88.9605, 14.93037], [-88.96286, 14.93206], [-88.96438, 14.93178], [-88.96507, 14.93017], [-88.96798, 14.92888], [-88.97013, 14.92923], [-88.97499, 14.92667], [-88.97433, 14.92391], [-88.9778, 14.9206], [-88.98073, 14.92051], [-88.98305, 14.91876], [-89.01106, 14.90664], [-89.01779, 14.90425], [-89.02031, 14.90454], [-89.0213, 14.90347], [-89.02451, 14.9028], [-89.02684, 14.89766], [-89.02832, 14.89733], [-89.03309, 14.89216], [-89.03255, 14.89005], [-89.03676, 14.88371], [-89.04063, 14.88212], [-89.04299, 14.88209], [-89.04372, 14.88035], [-89.04789, 14.87756], [-89.0488, 14.87546], [-89.05139, 14.87296], [-89.05334, 14.87329], [-89.05688, 14.87197], [-89.05984, 14.86946], [-89.06421, 14.87097], [-89.06867, 14.86911], [-89.07253, 14.86928], [-89.07841, 14.87134], [-89.0817, 14.86976], [-89.08387, 14.87098], [-89.08865, 14.86906], [-89.09492, 14.86828], [-89.09722, 14.86901], [-89.09904, 14.86589], [-89.10435, 14.8668], [-89.10945, 14.86417], [-89.11169, 14.86537], [-89.11386, 14.86501], [-89.11579, 14.86661], [-89.11887, 14.86495], [-89.12059, 14.86279], [-89.12197, 14.86063], [-89.12175, 14.85858], [-89.12728, 14.85644], [-89.13339, 14.84735], [-89.13789, 14.84556], [-89.14665, 14.83993]]]}}, {"type": "Feature", "properties": {"code": "ca-11a", "ref": "CA-11A", "name": "Carretera La Esperanza - Gracias", "road_class": "secundaria", "length_km": 154, "source_name": "OpenStreetMap (ODbL)", "source_url": "https://www.openstreetmap.org/copyright", "retrieved": "2026-10-01"}, "geometry": {"type": "MultiLineString", "coordinates": [[[-88.77801, 14.79721], [-88.76976, 14.7971], [-88.76419, 14.79555], [-88.76311, 14.79452], [-88.76261, 14.79242], [-88.75959, 14.79259], [-88.75869, 14.79092], [-88.75384, 14.78952], [-88.75206, 14.78359], [-88.74951, 14.77986], [-88.74716, 14.77868], [-88.74561, 14.77916], [-88.74381, 14.78258], [-88.74169, 14.78163], [-88.74069, 14.78204], [-88.7414, 14.78411], [-88.73993, 14.78548], [-88.74072, 14.78765], [-88.7396, 14.78854], [-88.7339, 14.78372], [-88.73106, 14.78601], [-88.72797, 14.78462], [-88.72549, 14.78595], [-88.7236, 14.78531], [-88.72263, 14.7834], [-88.71652, 14.78347], [-88.71476, 14.78477], [-88.71183, 14.78221], [-88.70414, 14.78112], [-88.70231, 14.77822], [-88.69974, 14.77635], [-88.6965, 14.77555], [-88.69513, 14.77363], [-88.69036, 14.77325], [-88.68977, 14.77116], [-88.68408, 14.76937], [-88.68365, 14.77018], [-88.68536, 14.77062], [-88.68636, 14.77294], [-88.68388, 14.77426], [-88.68248, 14.7741], [-88.68207, 14.77568], [-88.68001, 14.7735], [-88.67769, 14.77635], [-88.67583, 14.77414], [-88.67279, 14.77448], [-88.672, 14.7712], [-88.66952, 14.7693], [-88.66768, 14.76642], [-88.66737, 14.76441], [-88.66911, 14.76277], [-88.66669, 14.76242], [-88.66674, 14.76033], [-88.66564, 14.75836], [-88.66657, 14.75628], [-88.66516, 14.75468], [-88.66491, 14.7515], [-88.66327, 14.74944], [-88.66551, 14.74425], [-88.66533, 14.74257], [-88.66372, 14.74169], [-88.65927, 14.74258], [-88.65686, 14.73974], [-88.65587, 14.73652], [-88.65322, 14.73391], [-88.64931, 14.73209], [-88.64907, 14.73071], [-88.65025, 14.72862], [-88.64726, 14.72548], [-88.64356, 14.72324], [-88.63869, 14.72427], [-88.63535, 14.71539], [-88.63358, 14.71509], [-88.6315, 14.71657], [-88.63006, 14.7163], [-88.62946, 14.71502], [-88.63108, 14.7107], [-88.62779, 14.70627], [-88.61684, 14.69769], [-88.61469, 14.6972], [-88.61114, 14.69245], [-88.6088, 14.69133], [-88.60784, 14.68851], [-88.6045, 14.68735], [-88.60432, 14.68362], [-88.60185, 14.68265], [-88.60162, 14.68089], [-88.60376, 14.67835], [-88.60162, 14.67735], [-88.60241, 14.67441], [-88.59984, 14.67369], [-88.60308, 14.67119], [-88.60228, 14.67059], [-88.60039, 14.67132], [-88.59869, 14.67029], [-88.59887, 14.66725], [-88.59721, 14.66084], [-88.5931, 14.65306], [-88.5901, 14.65028], [-88.59027, 14.64575], [-88.59378, 14.64126], [-88.59147, 14.63787], [-88.58824, 14.63653], [-88.58647, 14.63322], [-88.58927, 14.62443], [-88.58917, 14.61779], [-88.58699, 14.61307], [-88.58438, 14.61117], [-88.58292, 14.60865], [-88.58379, 14.60157], [-88.58183, 14.59816], [-88.58165, 14.59589]], [[-88.5836, 14.58394], [-88.58616, 14.58505], [-88.58649, 14.5885], [-88.58572, 14.59217], [-88.58226, 14.59455], [-88.58165, 14.59589]], [[-88.58165, 14.59589], [-88.58241, 14.59452], [-88.58577, 14.59225], [-88.58657, 14.58852], [-88.58617, 14.58492], [-88.5836, 14.58394]], [[-88.5836, 14.58394], [-88.58107, 14.58568], [-88.57842, 14.58533], [-88.5765, 14.58305], [-88.57456, 14.57827], [-88.5695, 14.57596], [-88.56914, 14.57317], [-88.56485, 14.57128], [-88.56426, 14.5695], [-88.5585, 14.57091], [-88.55587, 14.56954], [-88.55219, 14.57042], [-88.55042, 14.56918], [-88.5462, 14.56912], [-88.54195, 14.56741], [-88.5381, 14.56282], [-88.53668, 14.56452], [-88.53758, 14.56668], [-88.53663, 14.56674], [-88.53488, 14.56334], [-88.53527, 14.56215], [-88.5345, 14.56067], [-88.53271, 14.55849], [-88.53017, 14.55752], [-88.53054, 14.55631], [-88.52916, 14.5553], [-88.52797, 14.55066], [-88.52585, 14.55043], [-88.52545, 14.54783], [-88.5231, 14.54762], [-88.51638, 14.53561], [-88.51672, 14.53126], [-88.51526, 14.5269], [-88.51586, 14.52548], [-88.51515, 14.52015], [-88.51564, 14.51343], [-88.51271, 14.5068], [-88.51196, 14.50239], [-88.50894, 14.50118], [-88.50605, 14.49681], [-88.50195, 14.49453], [-88.5005, 14.49093], [-88.49494, 14.48715], [-88.49291, 14.48483], [-88.49154, 14.48259], [-88.49267, 14.47925], [-88.49148, 14.47767], [-88.48629, 14.47453], [-88.48004, 14.47477], [-88.47728, 14.47408], [-88.47537, 14.47246], [-88.47206, 14.47331], [-88.4701, 14.47249], [-88.46853, 14.47275], [-88.46623, 14.47047], [-88.46422, 14.47075], [-88.46269, 14.46979], [-88.4607, 14.4705], [-88.45779, 14.46525], [-88.45543, 14.46593], [-88.45402, 14.46477], [-88.45014, 14.46486], [-88.44834, 14.4626], [-88.44466, 14.4615], [-88.44332, 14.46208], [-88.44206, 14.45962], [-88.43944, 14.45899], [-88.43748, 14.45651], [-88.43861, 14.45244], [-88.43756, 14.45202], [-88.43505, 14.45306], [-88.43044, 14.44728], [-88.43323, 14.43892], [-88.43604, 14.43721], [-88.43788, 14.43753], [-88.43996, 14.43625], [-88.44067, 14.43172], [-88.43733, 14.42717], [-88.43278, 14.42616], [-88.42298, 14.41852], [-88.42087, 14.4146], [-88.42184, 14.40387], [-88.42125, 14.40042], [-88.40989, 14.39691], [-88.40643, 14.39509], [-88.40231, 14.39562], [-88.39731, 14.39159], [-88.39363, 14.3853], [-88.39096, 14.38315], [-88.39024, 14.38023], [-88.38832, 14.37909], [-88.38663, 14.37987], [-88.38156, 14.37548], [-88.38018, 14.3719], [-88.38182, 14.36955], [-88.37954, 14.36447], [-88.37947, 14.36204], [-88.37716, 14.35992], [-88.37759, 14.35563], [-88.37409, 14.35601], [-88.3707, 14.35809], [-88.36788, 14.35814], [-88.36741, 14.34985], [-88.36879, 14.34428], [-88.3649, 14.33908], [-88.37076, 14.33032], [-88.36925, 14.3277], [-88.3668, 14.32773], [-88.36257, 14.3247], [-88.35902, 14.32383], [-88.35324, 14.31643], [-88.35152, 14.31653], [-88.34653, 14.32074], [-88.34358, 14.32094], [-88.3433, 14.32214], [-88.34525, 14.3261], [-88.34006, 14.32987], [-88.33919, 14.32924], [-88.33936, 14.32696], [-88.33666, 14.32514], [-88.33788, 14.32233], [-88.33577, 14.317], [-88.33174, 14.31524], [-88.32691, 14.31485], [-88.32317, 14.31634], [-88.32127, 14.3155], [-88.32126, 14.3141], [-88.32299, 14.31281], [-88.32436, 14.31038], [-88.32751, 14.30739], [-88.32939, 14.30667], [-88.32828, 14.30524], [-88.32478, 14.30598], [-88.32319, 14.30304], [-88.3218, 14.30351], [-88.32112, 14.30626], [-88.31971, 14.30745], [-88.31598, 14.30747], [-88.31111, 14.30559], [-88.30901, 14.30868], [-88.30468, 14.30857], [-88.30131, 14.31067], [-88.29084, 14.3075], [-88.28633, 14.30844], [-88.28421, 14.30968], [-88.27418, 14.30914], [-88.26853, 14.30968], [-88.26438, 14.3118], [-88.26354, 14.31108], [-88.26361, 14.30901], [-88.25282, 14.29974], [-88.25247, 14.29735], [-88.24937, 14.29658], [-88.24773, 14.29222], [-88.24377, 14.28856], [-88.23912, 14.28615], [-88.23625, 14.28265], [-88.23221, 14.27956], [-88.2274, 14.27837], [-88.22003, 14.27999], [-88.21857, 14.27829], [-88.21551, 14.2784], [-88.21213, 14.2789], [-88.20934, 14.28081], [-88.20872, 14.29206], [-88.20745, 14.29356], [-88.20639, 14.29754], [-88.20123, 14.29841], [-88.20128, 14.30064], [-88.195, 14.30506], [-88.19164, 14.30416], [-88.19015, 14.3046], [-88.18664, 14.30813], [-88.18231, 14.30944], [-88.16765, 14.30828]], [[-88.16161, 14.30856], [-88.16765, 14.30828]], [[-88.16765, 14.30828], [-88.16161, 14.30856]], [[-88.16161, 14.30856], [-88.1554, 14.30969], [-88.1498, 14.30945], [-88.1409, 14.31338], [-88.1307, 14.31133], [-88.12768, 14.30785], [-88.12505, 14.30631], [-88.11842, 14.30613], [-88.11501, 14.30427], [-88.11278, 14.30066], [-88.10752, 14.29611], [-88.10264, 14.29485], [-88.09981, 14.29306], [-88.09316, 14.29166], [-88.09035, 14.28889], [-88.08785, 14.28879], [-88.08621, 14.28961], [-88.08378, 14.28465], [-88.07843, 14.28416], [-88.07419, 14.28264], [-88.07707, 14.27893], [-88.07644, 14.27779], [-88.07103, 14.27527], [-88.07051, 14.27332], [-88.06874, 14.27139], [-88.07006, 14.26522], [-88.06746, 14.2618], [-88.06508, 14.26063], [-88.0643, 14.25903], [-88.05829, 14.25687], [-88.05553, 14.25151], [-88.05566, 14.24929], [-88.05424, 14.24766], [-88.05481, 14.24544], [-88.05332, 14.24159], [-88.04914, 14.24142], [-88.04926, 14.23845], [-88.04788, 14.23712], [-88.04553, 14.23773], [-88.04547, 14.23572], [-88.04241, 14.2326], [-88.04251, 14.23065], [-88.04409, 14.22965], [-88.04428, 14.22792], [-88.04152, 14.22345], [-88.04294, 14.21986], [-88.04009, 14.21743], [-88.03994, 14.21438], [-88.03863, 14.21164], [-88.04049, 14.20843], [-88.0373, 14.20661], [-88.03428, 14.20152], [-88.03343, 14.19729], [-88.03566, 14.19284], [-88.03474, 14.1807], [-88.03559, 14.17835], [-88.03484, 14.17563], [-88.03579, 14.17049], [-88.03363, 14.1665]]]}}, {"type": "Feature", "properties": {"code": "ca-13", "ref": "CA-13", "name": "Carretera El Progreso - Tela", "road_class": "primaria", "length_km": 478, "source_name": "OpenStreetMap (ODbL)", "source_url": "https://www.openstreetmap.org/copyright", "retrieved": "2026-10-01"}, "geometry": {"type": "MultiLineString", "coordinates": [[[-87.95157, 15.80162], [-87.95705, 15.79782], [-87.96505, 15.79819], [-87.975, 15.7934], [-87.97698, 15.79172], [-87.98483, 15.7909], [-87.99193, 15.78814], [-87.99568, 15.78575], [-88.00422, 15.78563], [-88.0077, 15.78337], [-88.01168, 15.78453], [-88.0141, 15.78431], [-88.03432, 15.77637], [-88.03582, 15.77267], [-88.03944, 15.76817], [-88.04561, 15.76468], [-88.05793, 15.75512], [-88.06593, 15.75332], [-88.06873, 15.74921], [-88.0748, 15.74675], [-88.07593, 15.74473], [-88.07617, 15.74212], [-88.07816, 15.74002], [-88.0808, 15.73413], [-88.09457, 15.7157], [-88.09781, 15.70987], [-88.09799, 15.70497], [-88.10006, 15.69934], [-88.13508, 15.67418], [-88.14681, 15.67079], [-88.15689, 15.66405], [-88.17199, 15.66211], [-88.18058, 15.65872], [-88.18619, 15.65834], [-88.18969, 15.65667], [-88.19135, 15.65326], [-88.19978, 15.64908], [-88.20235, 15.64902], [-88.21032, 15.65131], [-88.21336, 15.65075], [-88.28388, 15.61135], [-88.28996, 15.6092], [-88.30025, 15.59639], [-88.30173, 15.59549], [-88.30949, 15.59367], [-88.31974, 15.59603], [-88.33114, 15.58659], [-88.35605, 15.57868], [-88.36078, 15.58106], [-88.36319, 15.58375], [-88.36777, 15.58575], [-88.36982, 15.59034], [-88.37054, 15.59454], [-88.37412, 15.59724]], [[-87.92199, 15.82668], [-87.91535, 15.82823], [-87.90648, 15.82605], [-87.90257, 15.82428], [-87.89159, 15.82201], [-87.88154, 15.82574], [-87.87497, 15.82455], [-87.86743, 15.82613], [-87.85236, 15.82051], [-87.85067, 15.81853], [-87.84978, 15.81428], [-87.85059, 15.80627], [-87.85019, 15.8033], [-87.85131, 15.79839], [-87.85037, 15.78924], [-87.85295, 15.7821], [-87.85334, 15.77483], [-87.86273, 15.76192], [-87.87039, 15.75608], [-87.87309, 15.75202], [-87.87775, 15.75061], [-87.88883, 15.74241], [-87.90325, 15.72547], [-87.90722, 15.72323], [-87.9139, 15.72139], [-87.91985, 15.71648], [-87.92673, 15.70867], [-87.92907, 15.70235], [-87.93378, 15.69956], [-87.93626, 15.69578], [-87.9382, 15.68494], [-87.94397, 15.67537], [-87.9464, 15.66815], [-87.94862, 15.6641], [-87.94989, 15.6576], [-87.94888, 15.65237], [-87.95264, 15.64524], [-87.95216, 15.63912], [-87.94988, 15.6315], [-87.94982, 15.62781], [-87.9508, 15.62309], [-87.95365, 15.61993], [-87.95638, 15.61505], [-87.95695, 15.61174], [-87.95559, 15.60351], [-87.95203, 15.59951], [-87.95092, 15.59163], [-87.95321, 15.57543], [-87.9555, 15.57092], [-87.96111, 15.5658], [-87.96741, 15.56425], [-87.97053, 15.56225], [-87.97567, 15.56376], [-87.97768, 15.56352], [-88.01202, 15.54644], [-88.01447, 15.54354], [-88.02432, 15.52329], [-88.02558, 15.51845]], [[-88.0253, 15.51803], [-88.01689, 15.51745], [-88.01364, 15.51567], [-88.01233, 15.51231], [-88.01366, 15.50531]], [[-88.02528, 15.51843], [-88.02423, 15.52317], [-88.01433, 15.54344], [-88.01247, 15.54586], [-87.97756, 15.56339], [-87.9757, 15.56359], [-87.97069, 15.56208], [-87.96738, 15.56411], [-87.96104, 15.56568], [-87.95547, 15.57072], [-87.95309, 15.57522], [-87.95079, 15.59213], [-87.95195, 15.59977], [-87.955, 15.60276], [-87.95569, 15.60471], [-87.95673, 15.61266], [-87.95499, 15.61724]], [[-88.01352, 15.50529], [-88.01218, 15.51224], [-88.01351, 15.51576], [-88.01663, 15.51752], [-88.02527, 15.5184]], [[-88.01362, 15.50379], [-88.00229, 15.50158], [-87.99256, 15.50202], [-87.98993, 15.50068], [-87.98671, 15.49607], [-87.98383, 15.48959], [-87.96483, 15.46677], [-87.947, 15.4527], [-87.93142, 15.42591], [-87.9268, 15.42223], [-87.92282, 15.4214], [-87.89749, 15.42163], [-87.8949, 15.41982], [-87.89097, 15.41301], [-87.88874, 15.4117], [-87.84655, 15.41183], [-87.81635, 15.40285], [-87.80644, 15.40529]], [[-87.80644, 15.40529], [-87.81635, 15.40299], [-87.84657, 15.41196], [-87.88874, 15.41183], [-87.8911, 15.41335], [-87.89499, 15.42011], [-87.89778, 15.42185], [-87.92298, 15.42152], [-87.92748, 15.4227], [-87.9314, 15.42621], [-87.94673, 15.45259], [-87.96544, 15.46766], [-87.98379, 15.48978], [-87.98638, 15.49583], [-87.98977, 15.50085], [-87.99294, 15.50224], [-88.0014, 15.50166], [-88.01352, 15.50392]], [[-87.95472, 15.6177], [-87.95061, 15.62316], [-87.94972, 15.62753], [-87.94976, 15.63153], [-87.95198, 15.63916], [-87.95249, 15.64462], [-87.94873, 15.65239], [-87.94975, 15.65769], [-87.9485, 15.66397], [-87.94625, 15.66809], [-87.94383, 15.6753], [-87.93806, 15.68492], [-87.93665, 15.6944], [-87.93456, 15.69851], [-87.92899, 15.70223], [-87.92657, 15.70847], [-87.91942, 15.71666], [-87.91351, 15.72143], [-87.90791, 15.72285], [-87.90336, 15.72514], [-87.88871, 15.7423], [-87.87767, 15.75046], [-87.87276, 15.75201], [-87.87027, 15.75596], [-87.86264, 15.76177], [-87.85334, 15.77438], [-87.85283, 15.78209], [-87.85019, 15.78933], [-87.85116, 15.79837], [-87.85004, 15.80331], [-87.85044, 15.80626], [-87.84964, 15.81521], [-87.85055, 15.81857], [-87.85307, 15.82107], [-87.86741, 15.82627], [-87.87532, 15.82469], [-87.88158, 15.82587], [-87.89131, 15.82218], [-87.90283, 15.82457], [-87.90701, 15.82643], [-87.91587, 15.8284], [-87.92245, 15.8266], [-87.92291, 15.82515]], [[-87.95157, 15.80162], [-87.94829, 15.80462], [-87.93733, 15.8069], [-87.9356, 15.81121], [-87.92982, 15.81889], [-87.92577, 15.82245], [-87.92354, 15.82335]], [[-87.92354, 15.82335], [-87.92601, 15.82242], [-87.93017, 15.81862], [-87.9356, 15.81134], [-87.93769, 15.80676], [-87.94808, 15.80478], [-87.95026, 15.80358], [-87.95157, 15.80162]], [[-87.9323, 15.84385], [-87.93266, 15.84187]], [[-87.93166, 15.8417], [-87.93132, 15.84367]], [[-87.92779, 15.82939], [-87.92614, 15.82939]], [[-87.92613, 15.82949], [-87.92765, 15.82978]], [[-87.92354, 15.82335], [-87.92291, 15.82515]], [[-87.92291, 15.82515], [-87.92186, 15.82594]], [[-87.80644, 15.40529], [-87.781, 15.46917], [-87.77822, 15.47401], [-87.7745, 15.47812], [-87.76991, 15.48141], [-87.75012, 15.4923], [-87.716, 15.49598], [-87.68703, 15.5091], [-87.66982, 15.51409], [-87.66558, 15.51356], [-87.6613, 15.52082], [-87.65382, 15.52795], [-87.65092, 15.55176], [-87.64322, 15.55481], [-87.6409, 15.55408], [-87.6299, 15.55452], [-87.62006, 15.5621], [-87.61815, 15.57132], [-87.61128, 15.58466], [-87.6114, 15.58909], [-87.60838, 15.59489], [-87.61854, 15.62623], [-87.61835, 15.62746], [-87.61587, 15.63024], [-87.61737, 15.64155], [-87.61155, 15.64983], [-87.61021, 15.65879], [-87.59212, 15.68077], [-87.5848, 15.70566], [-87.57836, 15.71612], [-87.57017, 15.72525], [-87.56565, 15.72647], [-87.5631, 15.7305], [-87.55383, 15.73756], [-87.52488, 15.73798], [-87.52188, 15.7387], [-87.51912, 15.74074], [-87.51524, 15.74657], [-87.51114, 15.74931], [-87.51001, 15.75236], [-87.50546, 15.75465], [-87.5031, 15.75754], [-87.49542, 15.75701], [-87.46875, 15.76581], [-87.4535, 15.76951], [-87.44986, 15.77254], [-87.42678, 15.78575], [-87.42029, 15.78575], [-87.41411, 15.78752], [-87.41162, 15.78988], [-87.40894, 15.79728], [-87.40708, 15.79844], [-87.40327, 15.79854], [-87.39996, 15.79629], [-87.39838, 15.79266], [-87.39962, 15.78963], [-87.39935, 15.78833], [-87.39304, 15.78535], [-87.38889, 15.78181], [-87.38622, 15.77779], [-87.37563, 15.7738], [-87.35839, 15.75955], [-87.35003, 15.75995], [-87.32432, 15.74121], [-87.32538, 15.73804], [-87.33008, 15.73512], [-87.33333, 15.73093], [-87.3344, 15.72549], [-87.33184, 15.71995], [-87.32954, 15.71043], [-87.32393, 15.70711], [-87.32281, 15.70374], [-87.32416, 15.69726], [-87.32606, 15.6943], [-87.32729, 15.68934], [-87.33245, 15.68647], [-87.33172, 15.68323], [-87.33671, 15.65962], [-87.33392, 15.6512], [-87.32418, 15.64015], [-87.32172, 15.63856], [-87.31846, 15.63874], [-87.31563, 15.63749], [-87.3137, 15.63523], [-87.31138, 15.63426], [-87.30692, 15.63501], [-87.3053, 15.63633], [-87.30379, 15.6362], [-87.30229, 15.63481], [-87.29463, 15.63728], [-87.28949, 15.63707], [-87.28834, 15.63632], [-87.28688, 15.63291], [-87.28382, 15.63336], [-87.28176, 15.63154], [-87.27496, 15.63089], [-87.27426, 15.62823], [-87.26967, 15.62732], [-87.26626, 15.62429], [-87.26514, 15.61917], [-87.26681, 15.61246], [-87.26369, 15.6068], [-87.23444, 15.59691], [-87.18712, 15.60095], [-87.18349, 15.60286], [-87.17938, 15.60385], [-87.16325, 15.60591], [-87.15984, 15.60891], [-87.15676, 15.61017], [-87.14948, 15.61099], [-87.1458, 15.61228], [-87.1352, 15.61244], [-87.1306, 15.616], [-87.11982, 15.61673], [-87.10774, 15.615], [-87.08564, 15.62327], [-87.07098, 15.63036], [-87.06916, 15.63037], [-87.0671, 15.62866], [-87.06565, 15.62861], [-87.06392, 15.62987], [-87.0621, 15.63325], [-87.00675, 15.66243], [-86.9928, 15.67411], [-86.9844, 15.67909], [-86.98299, 15.68128], [-86.98117, 15.69663], [-86.97948, 15.69879], [-86.89874, 15.7137], [-86.88329, 15.73415], [-86.86796, 15.74555], [-86.86389, 15.74612]], [[-86.85888, 15.74625], [-86.84443, 15.74969], [-86.83064, 15.75651], [-86.82535, 15.75711], [-86.8226, 15.75862], [-86.81674, 15.75829], [-86.81324, 15.76066], [-86.81171, 15.76359], [-86.81005, 15.76485], [-86.79934, 15.76969], [-86.79345, 15.76979]], [[-86.79244, 15.76951], [-86.79345, 15.76979]], [[-86.79345, 15.76979], [-86.79244, 15.76951]], [[-86.79244, 15.76951], [-86.78746, 15.76587], [-86.78576, 15.76248], [-86.78156, 15.76213], [-86.77906, 15.7656], [-86.77165, 15.76815], [-86.75481, 15.77053], [-86.74297, 15.76919], [-86.73516, 15.77081], [-86.72041, 15.7794], [-86.71684, 15.78052], [-86.71059, 15.78082], [-86.70644, 15.77781], [-86.70453, 15.77734], [-86.67949, 15.78056], [-86.63586, 15.78939], [-86.58244, 15.78334], [-86.57729, 15.78208], [-86.51919, 15.74515], [-86.51593, 15.74162], [-86.50797, 15.73712], [-86.50439, 15.73684], [-86.50399, 15.73299], [-86.50256, 15.7302], [-86.49616, 15.72647], [-86.49647, 15.72538], [-86.50311, 15.72237], [-86.50253, 15.72016], [-86.4962, 15.71833], [-86.49357, 15.71659], [-86.49952, 15.70735], [-86.50264, 15.70384], [-86.50277, 15.69835], [-86.50507, 15.6941], [-86.49941, 15.68783], [-86.49817, 15.68516], [-86.4987, 15.68114], [-86.49817, 15.67715], [-86.49051, 15.66716], [-86.48872, 15.66666], [-86.47887, 15.66872], [-86.45283, 15.6606], [-86.44334, 15.65284], [-86.43937, 15.65201], [-86.4349, 15.64856], [-86.43144, 15.64698], [-86.42422, 15.63992], [-86.42086, 15.63327], [-86.41313, 15.62874], [-86.41126, 15.62486], [-86.40542, 15.62194], [-86.40321, 15.61879], [-86.39903, 15.61645], [-86.3951, 15.61645], [-86.38964, 15.61385], [-86.38657, 15.60952], [-86.37877, 15.60504], [-86.37803, 15.60354], [-86.37822, 15.59927], [-86.37538, 15.59708], [-86.37696, 15.59318], [-86.37648, 15.59235], [-86.37317, 15.5944], [-86.37104, 15.59294], [-86.36531, 15.59392], [-86.36218, 15.59195], [-86.3533, 15.58938], [-86.34429, 15.58461], [-86.32708, 15.58125], [-86.31808, 15.57243], [-86.30739, 15.56855], [-86.26834, 15.5508], [-86.25076, 15.54665], [-86.23895, 15.54194], [-86.23235, 15.53233], [-86.2261, 15.52035], [-86.22488, 15.52464], [-86.22236, 15.52733], [-86.19962, 15.54302], [-86.09571, 15.60449], [-86.00652, 15.65165]], [[-86.00652, 15.65165], [-86.00118, 15.65451], [-85.9925, 15.662]], [[-85.9925, 15.662], [-86.00128, 15.65453], [-86.00652, 15.65165]], [[-85.9925, 15.662], [-85.98422, 15.66826], [-85.9608, 15.67002], [-85.95725, 15.67202], [-85.94456, 15.67593], [-85.93518, 15.68042], [-85.91757, 15.69237], [-85.90319, 15.70833], [-85.90542, 15.71229], [-85.90402, 15.71536], [-85.89059, 15.72577], [-85.88772, 15.73127], [-85.88617, 15.73861], [-85.84416, 15.73913], [-85.79807, 15.76385], [-85.79647, 15.76617], [-85.78593, 15.80627], [-85.78174, 15.81359], [-85.78401, 15.8194], [-85.78817, 15.8259], [-85.79372, 15.83924], [-85.82219, 15.86701], [-85.83414, 15.89489], [-85.83982, 15.9024], [-85.90293, 15.93813], [-85.91244, 15.94118], [-85.91811, 15.94572], [-85.91823, 15.94867], [-85.91274, 15.95461], [-85.91108, 15.95746], [-85.90684, 15.97076], [-85.90548, 15.98082], [-85.90663, 15.98626], [-85.9097, 15.99287], [-85.91728, 16.00331], [-85.92919, 16.01424], [-85.93755, 16.01571], [-85.94086, 16.01534], [-85.94602, 16.01132], [-85.95647, 16.0101], [-85.96068, 16.01048], [-85.96833, 16.00851]]]}}, {"type": "Feature", "properties": {"code": "ca-2", "ref": "CA-2", "name": "Canal Seco", "road_class": "primaria", "length_km": 94, "source_name": "OpenStreetMap (ODbL)", "source_url": "https://www.openstreetmap.org/copyright", "retrieved": "2026-10-01"}, "geometry": {"type": "MultiLineString", "coordinates": [[[-87.75304, 13.59451], [-87.7503, 13.59908], [-87.75005, 13.60804], [-87.74624, 13.61132], [-87.74535, 13.61302], [-87.74389, 13.62551], [-87.74419, 13.63524], [-87.74168, 13.64417], [-87.73911, 13.64951], [-87.73805, 13.65494], [-87.73802, 13.65721], [-87.73991, 13.66132], [-87.73985, 13.66289], [-87.73432, 13.66948], [-87.72868, 13.68184], [-87.716, 13.69336], [-87.71564, 13.69803], [-87.71413, 13.70251], [-87.70743, 13.70942], [-87.70609, 13.71295], [-87.70658, 13.71493], [-87.71051, 13.71864], [-87.71005, 13.7265], [-87.71684, 13.72944], [-87.72017, 13.73763], [-87.71758, 13.74561], [-87.71573, 13.74846], [-87.71589, 13.75339], [-87.7135, 13.75737], [-87.70962, 13.75915], [-87.70627, 13.76664], [-87.70234, 13.77014], [-87.69939, 13.776], [-87.69928, 13.78804], [-87.70457, 13.79371], [-87.70498, 13.7996], [-87.70628, 13.80306], [-87.70496, 13.81032], [-87.70832, 13.81191], [-87.70891, 13.81333], [-87.70777, 13.81657], [-87.69864, 13.81933], [-87.69684, 13.8213], [-87.6959, 13.82686], [-87.69743, 13.83065], [-87.69562, 13.83597], [-87.69686, 13.83787], [-87.69706, 13.84459], [-87.69554, 13.84655], [-87.69189, 13.8476], [-87.6914, 13.84862], [-87.69287, 13.85054], [-87.69792, 13.85206], [-87.69862, 13.85599], [-87.69675, 13.85808], [-87.69771, 13.85946], [-87.69685, 13.86177], [-87.69794, 13.86361], [-87.69641, 13.86472], [-87.6961, 13.86603], [-87.69794, 13.86716], [-87.70051, 13.86742], [-87.70162, 13.87193], [-87.70415, 13.87284], [-87.70827, 13.87594], [-87.70824, 13.88188], [-87.71034, 13.8888], [-87.70999, 13.89096], [-87.7087, 13.89231], [-87.70114, 13.89442], [-87.6995, 13.90036], [-87.69626, 13.90266], [-87.69539, 13.90434], [-87.69581, 13.90629], [-87.70148, 13.9125], [-87.70218, 13.91434], [-87.70163, 13.91711], [-87.69907, 13.92027], [-87.69805, 13.92924], [-87.69666, 13.93234], [-87.69715, 13.93391], [-87.7015, 13.93635], [-87.70205, 13.93756], [-87.70041, 13.94613], [-87.69799, 13.94936], [-87.6993, 13.95351], [-87.699, 13.96044], [-87.69137, 13.96964], [-87.68508, 13.9741], [-87.68312, 13.98131], [-87.68614, 13.9921], [-87.68298, 13.99519], [-87.68195, 13.99848], [-87.67375, 14.00728], [-87.67581, 14.01154], [-87.67437, 14.02141], [-87.67821, 14.02602], [-87.68019, 14.03373], [-87.67999, 14.03586], [-87.67562, 14.04197], [-87.66804, 14.04379], [-87.66721, 14.04599], [-87.66476, 14.04764], [-87.66571, 14.05167], [-87.66492, 14.05448], [-87.66077, 14.05821], [-87.65481, 14.06158], [-87.65361, 14.07605], [-87.65078, 14.08269], [-87.64934, 14.09673], [-87.6449, 14.1038], [-87.64746, 14.10999], [-87.64767, 14.114], [-87.64055, 14.13923], [-87.64083, 14.14362], [-87.63945, 14.14751], [-87.64014, 14.15134], [-87.63718, 14.15442], [-87.63818, 14.15714], [-87.6378, 14.15878], [-87.63354, 14.16385], [-87.63206, 14.16709], [-87.63415, 14.18735], [-87.63234, 14.19266], [-87.62604, 14.20088], [-87.62435, 14.21107], [-87.624, 14.2368], [-87.62237, 14.24688], [-87.61312, 14.26283], [-87.61386, 14.27216], [-87.6131, 14.28131], [-87.61548, 14.30525], [-87.60788, 14.3129], [-87.59104, 14.31756], [-87.58423, 14.31749]], [[-87.58423, 14.31749], [-87.5914, 14.3177], [-87.6077, 14.31311], [-87.61005, 14.31162], [-87.61561, 14.30547], [-87.61324, 14.28148], [-87.61401, 14.27228], [-87.61325, 14.26288], [-87.62257, 14.24658], [-87.62413, 14.23676], [-87.6245, 14.21097], [-87.62611, 14.20116], [-87.63238, 14.19287], [-87.63425, 14.18754], [-87.63224, 14.16689], [-87.63368, 14.16388], [-87.63791, 14.15882], [-87.6383, 14.15698], [-87.63731, 14.15446], [-87.6403, 14.15144], [-87.63961, 14.14744], [-87.641, 14.14339], [-87.64075, 14.13897], [-87.64779, 14.1142], [-87.64754, 14.10968], [-87.64505, 14.10377], [-87.64941, 14.0971], [-87.65091, 14.0827], [-87.6537, 14.07637], [-87.6549, 14.06181], [-87.65577, 14.06066], [-87.65997, 14.05897], [-87.66487, 14.05479], [-87.66586, 14.05189], [-87.66488, 14.04779], [-87.66733, 14.04607], [-87.66823, 14.04376], [-87.67572, 14.04207], [-87.68014, 14.0359], [-87.68039, 14.03371], [-87.67847, 14.02621], [-87.67453, 14.0214], [-87.67596, 14.01151], [-87.67405, 14.00852], [-87.67399, 14.00688], [-87.68152, 13.99925], [-87.68298, 13.99541], [-87.68616, 13.9924], [-87.68629, 13.99048], [-87.68318, 13.98058], [-87.68516, 13.97412], [-87.69146, 13.96968], [-87.69914, 13.96017], [-87.69939, 13.95352], [-87.69811, 13.94905], [-87.70057, 13.94588], [-87.70217, 13.93785], [-87.70177, 13.9365], [-87.69736, 13.93396], [-87.69673, 13.93243], [-87.69818, 13.92926], [-87.69927, 13.92022], [-87.70156, 13.91756], [-87.70237, 13.91475], [-87.70159, 13.91246], [-87.69595, 13.90626], [-87.69547, 13.90444], [-87.69626, 13.90287], [-87.69966, 13.90047], [-87.70115, 13.8946], [-87.70876, 13.89247], [-87.71029, 13.89086], [-87.71065, 13.88891], [-87.70844, 13.88185], [-87.70845, 13.87593], [-87.70432, 13.87278], [-87.70163, 13.87179], [-87.70058, 13.86728], [-87.69765, 13.86699], [-87.69612, 13.86589], [-87.69801, 13.86356], [-87.69694, 13.86187], [-87.6978, 13.85957], [-87.6968, 13.85806], [-87.69868, 13.85626], [-87.69796, 13.8519], [-87.69292, 13.85042], [-87.69151, 13.84875], [-87.69202, 13.84761], [-87.69578, 13.84653], [-87.6972, 13.84462], [-87.69696, 13.8377], [-87.69574, 13.83597], [-87.69754, 13.83064], [-87.69604, 13.82687], [-87.69696, 13.82138], [-87.69876, 13.81942], [-87.70254, 13.81791], [-87.70601, 13.81776], [-87.70821, 13.81639], [-87.70904, 13.81334], [-87.70834, 13.81176], [-87.70506, 13.81016], [-87.70649, 13.8041], [-87.70519, 13.79986], [-87.70492, 13.79424], [-87.69932, 13.78784], [-87.69963, 13.7758], [-87.70245, 13.77025], [-87.70632, 13.76683], [-87.70954, 13.75957], [-87.71383, 13.75725], [-87.71609, 13.75334], [-87.71596, 13.7487], [-87.71775, 13.74569], [-87.72031, 13.7377], [-87.71683, 13.72924], [-87.71123, 13.72744], [-87.71009, 13.7264], [-87.71059, 13.71862], [-87.70675, 13.71487], [-87.70627, 13.71252], [-87.70757, 13.70952], [-87.71427, 13.7026], [-87.7158, 13.69805], [-87.71615, 13.69344], [-87.72879, 13.68194], [-87.73444, 13.66956], [-87.74, 13.6629], [-87.73805, 13.65602], [-87.73929, 13.64956], [-87.74207, 13.64354], [-87.74448, 13.63528], [-87.74405, 13.62541], [-87.74553, 13.61325], [-87.74631, 13.61156], [-87.75025, 13.60796], [-87.75053, 13.59915], [-87.75272, 13.5955]], [[-87.58423, 14.31749], [-87.58242, 14.31825]]]}}, {"type": "Feature", "properties": {"code": "ca-3", "ref": "CA-3", "name": "Carretera Guasaule - San Jeronimo", "road_class": "primaria", "length_km": 44, "source_name": "OpenStreetMap (ODbL)", "source_url": "https://www.openstreetmap.org/copyright", "retrieved": "2026-10-01"}, "geometry": {"type": "MultiLineString", "coordinates": [[[-87.17902, 13.31056], [-87.17863, 13.28753]], [[-87.17863, 13.28753], [-87.17873, 13.3106]], [[-87.17852, 13.27953], [-87.17863, 13.28753]], [[-87.17852, 13.27953], [-87.17849, 13.27885]], [[-87.17811, 13.27901], [-87.17852, 13.27953]], [[-87.1785, 13.27727], [-87.17812, 13.2782]], [[-87.17848, 13.27834], [-87.1785, 13.27727]], [[-86.96394, 13.06519], [-86.97259, 13.06882], [-86.99525, 13.07114], [-86.99703, 13.07276], [-87.00421, 13.08386], [-87.00665, 13.0854], [-87.03467, 13.09265], [-87.04241, 13.09163], [-87.05933, 13.09549], [-87.06896, 13.10306], [-87.07245, 13.10326], [-87.07579, 13.10492], [-87.07887, 13.10422], [-87.08198, 13.10145], [-87.08471, 13.10164], [-87.11424, 13.11563], [-87.13364, 13.12586], [-87.13453, 13.12734], [-87.13439, 13.12884], [-87.12955, 13.13334], [-87.12818, 13.13811], [-87.13113, 13.14567], [-87.13111, 13.15622], [-87.13536, 13.17988], [-87.13621, 13.18101], [-87.14566, 13.18616], [-87.15126, 13.19127], [-87.15599, 13.20091], [-87.1564, 13.20329], [-87.15459, 13.22111], [-87.17794, 13.25418], [-87.1785, 13.27727]], [[-86.96394, 13.06519], [-86.95775, 13.06245], [-86.95526, 13.06224]], [[-86.95526, 13.06224], [-86.9582, 13.06413], [-86.96394, 13.06519]], [[-86.95431, 13.06222], [-86.95526, 13.06224]]]}}, {"type": "Feature", "properties": {"code": "ca-4", "ref": "CA-4", "name": "Carretera de Occidente", "road_class": "secundaria", "length_km": 244, "source_name": "OpenStreetMap (ODbL)", "source_url": "https://www.openstreetmap.org/copyright", "retrieved": "2026-10-01"}, "geometry": {"type": "MultiLineString", "coordinates": [[[-88.77345, 14.77085], [-88.77092, 14.76861], [-88.77326, 14.76784], [-88.77277, 14.76557], [-88.77396, 14.76461], [-88.77679, 14.75818], [-88.77568, 14.75507], [-88.77761, 14.75444], [-88.77902, 14.75254], [-88.77806, 14.75204], [-88.77677, 14.75351], [-88.77336, 14.75256], [-88.77096, 14.74791], [-88.77432, 14.7476], [-88.77834, 14.74393], [-88.77417, 14.74201], [-88.77402, 14.74069], [-88.7754, 14.73814], [-88.77306, 14.73652], [-88.77364, 14.73298], [-88.76779, 14.72913], [-88.76713, 14.72435], [-88.76977, 14.72532], [-88.77044, 14.72204], [-88.77351, 14.71801], [-88.77689, 14.71698], [-88.78087, 14.71401], [-88.78625, 14.71487], [-88.79055, 14.71234], [-88.79454, 14.70675], [-88.79455, 14.70189], [-88.79557, 14.70056], [-88.79669, 14.70047], [-88.79924, 14.70313], [-88.80036, 14.7028], [-88.80035, 14.70027], [-88.7989, 14.69805], [-88.79636, 14.69641], [-88.7981, 14.69448], [-88.80396, 14.69614], [-88.80702, 14.6991], [-88.80785, 14.69904], [-88.80603, 14.69181], [-88.81216, 14.69075], [-88.81287, 14.68901], [-88.81545, 14.6871], [-88.81517, 14.6839], [-88.81719, 14.68288], [-88.81875, 14.68092], [-88.82072, 14.68087], [-88.82145, 14.68006], [-88.82117, 14.6792], [-88.81655, 14.67798], [-88.81495, 14.67641], [-88.81766, 14.67647], [-88.82029, 14.67474], [-88.82612, 14.6743], [-88.82756, 14.67492], [-88.83951, 14.67222], [-88.84241, 14.66907], [-88.84691, 14.67027], [-88.85145, 14.66934], [-88.8552, 14.67051], [-88.85773, 14.66921], [-88.86457, 14.66883], [-88.8708, 14.66385], [-88.87242, 14.65815], [-88.87526, 14.65469], [-88.87601, 14.65196], [-88.88004, 14.64869], [-88.88137, 14.64844], [-88.88321, 14.6497], [-88.88695, 14.65057], [-88.88924, 14.64953], [-88.8908, 14.6429], [-88.89502, 14.6317], [-88.89895, 14.62594], [-88.90083, 14.61669], [-88.90387, 14.61271], [-88.90612, 14.60536], [-88.91076, 14.60306], [-88.91718, 14.59764], [-88.92304, 14.597], [-88.92399, 14.59583], [-88.92417, 14.59295], [-88.92799, 14.591], [-88.92838, 14.58823], [-88.92722, 14.58455], [-88.93044, 14.57795], [-88.92994, 14.57473], [-88.93108, 14.56788], [-88.93549, 14.56055], [-88.93917, 14.55919], [-88.93966, 14.55533], [-88.94548, 14.54791], [-88.94594, 14.54109], [-88.95144, 14.52913], [-88.95139, 14.52685], [-88.94891, 14.52213], [-88.95196, 14.51434], [-88.9538, 14.51226], [-88.96132, 14.50799], [-88.97377, 14.49329], [-88.97635, 14.4882], [-88.98081, 14.48395], [-88.98274, 14.48258], [-88.98789, 14.48219], [-88.99541, 14.48492], [-89.00119, 14.48849], [-89.00377, 14.48864], [-89.01276, 14.48085], [-89.01873, 14.47837], [-89.02116, 14.47626], [-89.02354, 14.47813], [-89.02513, 14.47792], [-89.02535, 14.4794], [-89.02721, 14.48087], [-89.02666, 14.48235], [-89.02813, 14.48318], [-89.02738, 14.48398], [-89.02814, 14.48586], [-89.03025, 14.48689], [-89.02993, 14.48814], [-89.03162, 14.48982], [-89.03353, 14.48952], [-89.03256, 14.48694], [-89.03408, 14.48743], [-89.0353, 14.48637], [-89.03763, 14.49002], [-89.03919, 14.49068], [-89.04268, 14.48949], [-89.04534, 14.48963], [-89.04623, 14.48821], [-89.04817, 14.48874], [-89.05035, 14.48825], [-89.0523, 14.48617], [-89.05406, 14.4863], [-89.05662, 14.48441], [-89.05657, 14.48352], [-89.05412, 14.4843], [-89.05356, 14.48364], [-89.05836, 14.48137], [-89.05825, 14.48071], [-89.05586, 14.48157], [-89.05312, 14.48086], [-89.05137, 14.48172], [-89.05062, 14.48084], [-89.05507, 14.47866], [-89.05498, 14.4772], [-89.05775, 14.47657], [-89.05893, 14.4735], [-89.06033, 14.47343], [-89.06102, 14.47215], [-89.06346, 14.47284], [-89.06589, 14.47103], [-89.0677, 14.46642], [-89.06834, 14.46806], [-89.06985, 14.46826], [-89.07001, 14.46569], [-89.07169, 14.46569], [-89.07289, 14.46476], [-89.0746, 14.46578], [-89.07986, 14.46625], [-89.087, 14.46843], [-89.09443, 14.4685], [-89.09565, 14.46659], [-89.09325, 14.4637], [-89.094, 14.46312], [-89.09635, 14.46369], [-89.09672, 14.46168], [-89.09482, 14.4597], [-89.09895, 14.45819], [-89.09986, 14.45858], [-89.10061, 14.46117], [-89.10451, 14.46104], [-89.10974, 14.46378], [-89.11361, 14.46358], [-89.1161, 14.46201], [-89.11742, 14.45794], [-89.11937, 14.45602], [-89.12081, 14.45861], [-89.12385, 14.45896], [-89.127, 14.46137], [-89.1296, 14.46138], [-89.12942, 14.4591], [-89.13222, 14.45914], [-89.13335, 14.45698], [-89.13527, 14.45631], [-89.13559, 14.45423], [-89.14057, 14.45018], [-89.1414, 14.45088], [-89.1411, 14.45472], [-89.14567, 14.4562], [-89.14724, 14.45549], [-89.15056, 14.45598], [-89.15528, 14.46004], [-89.15749, 14.45885], [-89.15823, 14.46155], [-89.16031, 14.46002], [-89.1608, 14.46091], [-89.15904, 14.46252], [-89.15945, 14.46351], [-89.16089, 14.46362], [-89.16279, 14.46183], [-89.16364, 14.46007], [-89.16294, 14.45746], [-89.16371, 14.45661], [-89.16986, 14.45943], [-89.17083, 14.45815], [-89.17034, 14.45431], [-89.16849, 14.45224], [-89.16855, 14.45123], [-89.17761, 14.443], [-89.18365, 14.44091], [-89.1829, 14.43823], [-89.183, 14.42781], [-89.18844, 14.42064], [-89.19395, 14.41721], [-89.19609, 14.40215], [-89.20697, 14.38599], [-89.2095, 14.37396]], [[-88.77969, 14.78114], [-88.78039, 14.78634], [-88.77951, 14.78933], [-88.77951, 14.79411], [-88.77872, 14.79557]], [[-88.77969, 14.78114], [-88.77947, 14.77869], [-88.77345, 14.77085]], [[-88.77345, 14.77085], [-88.77934, 14.77868], [-88.77969, 14.78114]], [[-88.77872, 14.79557], [-88.77799, 14.79713]], [[-88.77799, 14.79713], [-88.77872, 14.79557]], [[-88.75496, 15.05637], [-88.75567, 15.05321], [-88.75529, 15.05128], [-88.76275, 15.04486], [-88.76451, 15.04214], [-88.76445, 15.03989], [-88.76597, 15.03722], [-88.7647, 15.03063], [-88.76772, 15.02084], [-88.76561, 15.01159], [-88.7626, 15.00835], [-88.76294, 15.00586], [-88.76722, 15.00058], [-88.76807, 14.99792], [-88.77019, 14.99633], [-88.77, 14.99309], [-88.77102, 14.98928], [-88.7744, 14.98578], [-88.77562, 14.98338], [-88.77919, 14.98129], [-88.77967, 14.97907], [-88.78204, 14.97738], [-88.78205, 14.97437], [-88.78319, 14.97299], [-88.78337, 14.97119], [-88.78188, 14.96775], [-88.77924, 14.96698], [-88.77792, 14.96517], [-88.77273, 14.96166], [-88.76978, 14.95719], [-88.76975, 14.95421], [-88.76652, 14.95195], [-88.76472, 14.94558], [-88.76589, 14.9432], [-88.76432, 14.94174], [-88.76574, 14.93969], [-88.76445, 14.93692], [-88.7656, 14.92669], [-88.76165, 14.91904], [-88.75897, 14.91663], [-88.7539, 14.91518], [-88.75416, 14.91162], [-88.75252, 14.91116], [-88.75189, 14.909], [-88.75495, 14.90418], [-88.75535, 14.90167], [-88.7571, 14.9006], [-88.75615, 14.89845], [-88.75828, 14.89763], [-88.76258, 14.89169], [-88.7705, 14.88562], [-88.77126, 14.88389], [-88.77418, 14.88201], [-88.77559, 14.88206], [-88.777, 14.87963], [-88.77855, 14.87997], [-88.78, 14.87897], [-88.78013, 14.87773], [-88.77722, 14.87524], [-88.77789, 14.87365], [-88.7843, 14.87075], [-88.78526, 14.86775], [-88.7869, 14.86642], [-88.78748, 14.86427], [-88.79086, 14.86017], [-88.79654, 14.8582], [-88.79672, 14.8556], [-88.79858, 14.85499], [-88.80172, 14.84976], [-88.79949, 14.8482], [-88.79818, 14.84415], [-88.79714, 14.84341], [-88.79311, 14.84234], [-88.78721, 14.84247], [-88.78761, 14.8411], [-88.78696, 14.83956], [-88.78476, 14.8373], [-88.78531, 14.83547], [-88.78407, 14.83329], [-88.78687, 14.82802], [-88.78716, 14.82573], [-88.78549, 14.82211], [-88.78197, 14.82331], [-88.77782, 14.82057], [-88.77681, 14.81583], [-88.77746, 14.81312], [-88.77814, 14.81216], [-88.78144, 14.81106], [-88.78179, 14.80925], [-88.77992, 14.80846], [-88.77758, 14.81078], [-88.77446, 14.80486], [-88.77641, 14.79959], [-88.77819, 14.79835], [-88.77799, 14.79713]], [[-88.75496, 15.05637], [-88.75373, 15.05901], [-88.74571, 15.06702]], [[-88.74571, 15.06702], [-88.75375, 15.05916], [-88.75496, 15.05637]], [[-88.25492, 15.31315], [-88.25873, 15.31182], [-88.26223, 15.31287], [-88.26414, 15.31561], [-88.26885, 15.3182], [-88.27093, 15.32193], [-88.27334, 15.32373], [-88.27705, 15.32382], [-88.28323, 15.32133], [-88.28591, 15.32597], [-88.29225, 15.32732], [-88.29728, 15.33167], [-88.30288, 15.32986], [-88.30526, 15.32594], [-88.30856, 15.32541], [-88.31301, 15.32188], [-88.31823, 15.32595], [-88.32669, 15.32728], [-88.33225, 15.33006], [-88.34138, 15.33106], [-88.35277, 15.33565], [-88.35888, 15.34079], [-88.36645, 15.344], [-88.38904, 15.34294], [-88.4145, 15.33514], [-88.42015, 15.33037], [-88.42539, 15.31983], [-88.42959, 15.31538], [-88.43185, 15.31411], [-88.4385, 15.31287], [-88.44042, 15.30825], [-88.44257, 15.30541], [-88.4452, 15.30379], [-88.45074, 15.30453], [-88.45385, 15.30381], [-88.45849, 15.29616], [-88.46876, 15.29713], [-88.4735, 15.29939], [-88.47933, 15.30004], [-88.50044, 15.28829], [-88.5021, 15.28843], [-88.50643, 15.29092], [-88.50865, 15.29076], [-88.55195, 15.25384], [-88.55846, 15.24527], [-88.5738, 15.24597], [-88.57627, 15.24522], [-88.57849, 15.24272], [-88.58036, 15.2367], [-88.58806, 15.23394], [-88.58845, 15.2271], [-88.58942, 15.22564], [-88.59647, 15.22065], [-88.60009, 15.22011], [-88.60294, 15.21654], [-88.60937, 15.21463], [-88.61224, 15.21179], [-88.61396, 15.212], [-88.61556, 15.21123], [-88.61679, 15.20931], [-88.62794, 15.20213], [-88.62926, 15.1995], [-88.63318, 15.19761], [-88.63472, 15.19551], [-88.6385, 15.19535], [-88.64213, 15.19245], [-88.64299, 15.19065], [-88.64223, 15.18301], [-88.65079, 15.17498], [-88.65589, 15.1649], [-88.66605, 15.15063], [-88.66832, 15.14181], [-88.67599, 15.12444], [-88.67761, 15.12227], [-88.70581, 15.10062], [-88.71176, 15.09761], [-88.73048, 15.08202], [-88.74571, 15.06702]], [[-88.25237, 15.31335], [-88.25492, 15.31315]], [[-88.25492, 15.31315], [-88.25237, 15.31335]], [[-88.02251, 15.43077], [-88.02722, 15.42758], [-88.03061, 15.42628], [-88.03214, 15.42677], [-88.03374, 15.42913], [-88.03713, 15.42967], [-88.04054, 15.42457], [-88.04436, 15.42262], [-88.04633, 15.42334], [-88.04886, 15.42585], [-88.05162, 15.42594], [-88.05421, 15.42402], [-88.05682, 15.41911], [-88.05839, 15.41818], [-88.06566, 15.41782], [-88.06937, 15.41894], [-88.07558, 15.41616], [-88.10093, 15.415], [-88.10852, 15.40945], [-88.11825, 15.41072], [-88.12851, 15.40997], [-88.13221, 15.40774], [-88.1375, 15.40678], [-88.14217, 15.40741], [-88.16758, 15.3996], [-88.179, 15.38971], [-88.18843, 15.37193], [-88.19496, 15.35037], [-88.20109, 15.34647], [-88.20306, 15.34145], [-88.21048, 15.3374], [-88.21437, 15.32758], [-88.22486, 15.32558], [-88.23043, 15.33036], [-88.23249, 15.33058], [-88.23953, 15.32713], [-88.2399, 15.32386], [-88.24243, 15.31833], [-88.24781, 15.31634], [-88.24986, 15.31436], [-88.25237, 15.31335]], [[-88.02251, 15.43077], [-88.02121, 15.4316]], [[-88.02173, 15.43185], [-88.02251, 15.43077]]]}}, {"type": "Feature", "properties": {"code": "ca-5", "ref": "CA-5", "name": "Carretera CA-5", "road_class": "primaria", "length_km": 333, "source_name": "OpenStreetMap (ODbL)", "source_url": "https://www.openstreetmap.org/copyright", "retrieved": "2026-10-01"}, "geometry": {"type": "MultiLineString", "coordinates": [[[-88.0373, 15.50699], [-88.03733, 15.50676]], [[-88.03733, 15.50676], [-88.03766, 15.49961], [-88.03649, 15.49788], [-88.03417, 15.49671]], [[-88.03733, 15.50676], [-88.0371, 15.50674]], [[-88.03708, 15.50697], [-88.0373, 15.50699]], [[-88.02561, 15.51842], [-88.02952, 15.51811], [-88.03136, 15.51596], [-88.03533, 15.51393], [-88.03661, 15.51179], [-88.0373, 15.50699]], [[-88.0371, 15.50674], [-88.03708, 15.50697]], [[-88.03409, 15.49698], [-88.03623, 15.49789], [-88.03757, 15.49979], [-88.0371, 15.50674]], [[-88.03708, 15.50697], [-88.03642, 15.51191], [-88.03529, 15.51375], [-88.0316, 15.51533], [-88.02927, 15.51808], [-88.02563, 15.51803]], [[-88.03409, 15.49698], [-88.03417, 15.49671]], [[-88.03417, 15.49671], [-88.03414, 15.49664]], [[-88.03414, 15.49664], [-88.03526, 15.4948], [-88.03328, 15.46685], [-88.03175, 15.46361], [-88.02351, 15.45328], [-88.02088, 15.44314], [-88.02111, 15.43285], [-88.02305, 15.42923], [-88.02323, 15.42635], [-88.02007, 15.42309], [-88.01164, 15.40902], [-87.99651, 15.39744], [-87.99219, 15.39065], [-87.98936, 15.3795], [-87.98629, 15.37309], [-87.98545, 15.36573], [-87.9862, 15.35671], [-87.98322, 15.34865], [-87.98669, 15.34035], [-87.99155, 15.33355], [-87.99284, 15.32659], [-87.98949, 15.31211], [-87.98048, 15.29632], [-87.97845, 15.29097], [-87.97756, 15.28524], [-87.97784, 15.27123], [-87.97624, 15.26939], [-87.96146, 15.26271], [-87.95499, 15.24982], [-87.96011, 15.22651], [-87.96301, 15.21707], [-87.96279, 15.21236], [-87.96025, 15.20465], [-87.9593, 15.19736], [-87.961, 15.19352], [-87.96208, 15.18008], [-87.96085, 15.17656], [-87.95778, 15.17276], [-87.94964, 15.1672], [-87.94759, 15.16142], [-87.94902, 15.15561], [-87.95199, 15.15214], [-87.95026, 15.13261], [-87.93293, 15.1153], [-87.93073, 15.11089], [-87.92718, 15.00941], [-87.93138, 14.999], [-87.93108, 14.99166], [-87.92908, 14.98468], [-87.93097, 14.98212], [-87.93212, 14.97663], [-87.93532, 14.9688], [-87.93512, 14.96542], [-87.92921, 14.95872]], [[-88.03414, 15.49664], [-88.03394, 15.49646]], [[-88.03394, 15.49646], [-88.03352, 15.49691], [-88.03409, 15.49698]], [[-87.92921, 14.95872], [-87.93023, 14.96068], [-87.93503, 14.96542], [-87.93524, 14.96876], [-87.93201, 14.97669], [-87.9309, 14.98208], [-87.929, 14.98449], [-87.93096, 14.99151], [-87.93128, 14.99892], [-87.92707, 15.00939], [-87.93064, 15.1109], [-87.93287, 15.11535], [-87.94998, 15.13221], [-87.95189, 15.15214], [-87.94855, 15.15611], [-87.94748, 15.16144], [-87.94955, 15.16724], [-87.95768, 15.1728], [-87.96102, 15.17708], [-87.96201, 15.18062], [-87.96084, 15.19388], [-87.95921, 15.19736], [-87.9603, 15.2053], [-87.96265, 15.21238], [-87.96285, 15.21706], [-87.95997, 15.22649], [-87.95485, 15.24983], [-87.9614, 15.2628], [-87.97618, 15.26947], [-87.9779, 15.27175], [-87.97732, 15.28417], [-87.97824, 15.29101], [-87.98081, 15.29739], [-87.9894, 15.31219], [-87.99267, 15.32652], [-87.99139, 15.33337], [-87.98627, 15.34073], [-87.98303, 15.3484], [-87.98596, 15.35652], [-87.98525, 15.3659], [-87.98607, 15.373], [-87.98934, 15.3802], [-87.99203, 15.39076], [-87.99639, 15.39752], [-88.01165, 15.40923], [-88.01998, 15.42316], [-88.02316, 15.42653], [-88.02292, 15.42924], [-88.02104, 15.43278], [-88.02066, 15.4427], [-88.02353, 15.45362], [-88.03166, 15.4637], [-88.03304, 15.46647], [-88.03514, 15.49474], [-88.03394, 15.49646]], [[-88.02561, 15.51842], [-88.02563, 15.51803]], [[-88.02563, 15.51803], [-88.02561, 15.51842]], [[-87.96404, 14.73242], [-87.96475, 14.73857], [-87.95879, 14.75022], [-87.95889, 14.75894], [-87.95774, 14.76507], [-87.95934, 14.76697]], [[-87.95934, 14.76697], [-87.95785, 14.76507], [-87.95896, 14.75896], [-87.95888, 14.75022], [-87.96483, 14.73861], [-87.96404, 14.73242]], [[-87.86497, 14.59516], [-87.868, 14.5963], [-87.87003, 14.59935], [-87.87886, 14.60483], [-87.88242, 14.60942], [-87.8885, 14.61217], [-87.89789, 14.61848], [-87.89962, 14.62038], [-87.90611, 14.62401], [-87.90879, 14.62333], [-87.91313, 14.62908], [-87.92022, 14.63095], [-87.92208, 14.63528], [-87.9247, 14.63644], [-87.92421, 14.64022], [-87.92634, 14.64221], [-87.92677, 14.64562], [-87.92979, 14.6479], [-87.93355, 14.6474], [-87.93424, 14.65205], [-87.93623, 14.65251], [-87.93721, 14.65405], [-87.93923, 14.65477], [-87.94355, 14.65871], [-87.94858, 14.66183], [-87.9521, 14.66581], [-87.95146, 14.66704], [-87.94676, 14.66656], [-87.94426, 14.6673], [-87.94237, 14.67098], [-87.94249, 14.67384], [-87.94549, 14.67534], [-87.949, 14.67357], [-87.95536, 14.67668], [-87.95821, 14.67314], [-87.95963, 14.67336], [-87.95966, 14.67451], [-87.95815, 14.67594], [-87.95757, 14.6783], [-87.95376, 14.68417], [-87.9503, 14.68379], [-87.94918, 14.68718], [-87.94689, 14.68769], [-87.94498, 14.68978], [-87.9448, 14.69169], [-87.94567, 14.6935], [-87.94736, 14.69446], [-87.96001, 14.69505], [-87.96279, 14.69713], [-87.96344, 14.70335], [-87.96307, 14.71001], [-87.96616, 14.71491], [-87.96473, 14.71986], [-87.96483, 14.7259], [-87.96331, 14.72854], [-87.96404, 14.73242]], [[-87.92921, 14.95872], [-87.92744, 14.95634], [-87.92728, 14.95402], [-87.9287, 14.94983], [-87.92753, 14.94554], [-87.92841, 14.94438], [-87.93081, 14.94369], [-87.93219, 14.94171], [-87.93155, 14.93901], [-87.93562, 14.93537], [-87.93604, 14.93279], [-87.93337, 14.92908], [-87.93108, 14.92232], [-87.93186, 14.92138], [-87.93448, 14.92179], [-87.93666, 14.92083], [-87.93766, 14.91577], [-87.9396, 14.91447], [-87.93948, 14.91333], [-87.93768, 14.91203], [-87.93719, 14.90806], [-87.94115, 14.90174], [-87.9431, 14.89433], [-87.94251, 14.89222], [-87.93848, 14.8891], [-87.93748, 14.88506], [-87.93815, 14.88228], [-87.94808, 14.8717], [-87.95093, 14.8626], [-87.95447, 14.85633], [-87.95598, 14.85139], [-87.95802, 14.84854], [-87.9622, 14.81877], [-87.96624, 14.81499], [-87.97108, 14.81362], [-87.97039, 14.80942], [-87.97159, 14.8068], [-87.97665, 14.80028], [-87.97764, 14.79633], [-87.98146, 14.79438], [-87.98208, 14.79299], [-87.98199, 14.79124], [-87.97945, 14.78813], [-87.97713, 14.78664], [-87.97304, 14.78554], [-87.96474, 14.77721], [-87.96106, 14.76802], [-87.95934, 14.76697]], [[-87.95499, 15.61724], [-87.95472, 15.6177]], [[-87.86497, 14.59516], [-87.86066, 14.59165], [-87.83432, 14.57633]], [[-87.83432, 14.57633], [-87.86066, 14.59176], [-87.8634, 14.59462], [-87.86497, 14.59516]], [[-87.80401, 14.5318], [-87.80495, 14.53024], [-87.80608, 14.53003], [-87.80827, 14.53327], [-87.81062, 14.53325], [-87.81203, 14.53557], [-87.81661, 14.53752], [-87.81793, 14.53997], [-87.82094, 14.54106], [-87.82134, 14.54337], [-87.81957, 14.55017], [-87.82154, 14.5525], [-87.82051, 14.55434], [-87.82447, 14.55478], [-87.82433, 14.55665], [-87.8254, 14.55808], [-87.82585, 14.56123], [-87.83015, 14.56506], [-87.82952, 14.568], [-87.83138, 14.57382], [-87.83432, 14.57633]], [[-87.80401, 14.5318], [-87.80309, 14.53285]], [[-87.80309, 14.53285], [-87.80401, 14.5318]], [[-87.70637, 14.48367], [-87.70911, 14.48496], [-87.71057, 14.48469], [-87.71311, 14.48136], [-87.71424, 14.48114], [-87.71559, 14.48357], [-87.71952, 14.48358], [-87.71897, 14.4867], [-87.72157, 14.48629], [-87.7264, 14.48698], [-87.73477, 14.49285], [-87.73945, 14.49843], [-87.73971, 14.50127], [-87.74106, 14.50275], [-87.74293, 14.5083], [-87.74465, 14.50971], [-87.74606, 14.51246], [-87.74906, 14.51315], [-87.7488, 14.5151], [-87.75044, 14.5166], [-87.75137, 14.51969], [-87.75287, 14.52086], [-87.75578, 14.52166], [-87.75882, 14.51888], [-87.75977, 14.52111], [-87.76081, 14.52148], [-87.76108, 14.51674], [-87.7621, 14.51518], [-87.76373, 14.51483], [-87.76795, 14.5208], [-87.77021, 14.51895], [-87.77251, 14.51991], [-87.77518, 14.51904], [-87.7798, 14.51919], [-87.78225, 14.52151], [-87.78301, 14.52473], [-87.78511, 14.52479], [-87.78636, 14.52669], [-87.78903, 14.52727], [-87.78985, 14.53012], [-87.79266, 14.52937], [-87.79439, 14.53133], [-87.79666, 14.53106], [-87.80102, 14.53327], [-87.80309, 14.53285]], [[-87.70637, 14.48367], [-87.69979, 14.47774], [-87.67104, 14.46317], [-87.66673, 14.45792], [-87.65729, 14.43728], [-87.63266, 14.42449], [-87.62688, 14.41934], [-87.61729, 14.39854], [-87.57126, 14.29102], [-87.56012, 14.27508], [-87.5567, 14.27313], [-87.5534, 14.27259], [-87.54533, 14.2673], [-87.54138, 14.2657], [-87.53799, 14.26544], [-87.53364, 14.26834], [-87.53076, 14.27244], [-87.52776, 14.27362], [-87.51654, 14.27207], [-87.51398, 14.27256], [-87.51198, 14.27392], [-87.51018, 14.27762], [-87.50789, 14.27945], [-87.50837, 14.28432], [-87.50698, 14.2875], [-87.50609, 14.28757], [-87.50436, 14.28575], [-87.50191, 14.28876], [-87.49904, 14.28845], [-87.4968, 14.28919], [-87.49663, 14.28824], [-87.49913, 14.28695], [-87.49998, 14.28415], [-87.50123, 14.28284], [-87.50114, 14.28119], [-87.49944, 14.2807], [-87.49861, 14.28148], [-87.49827, 14.28392], [-87.49697, 14.28497], [-87.49265, 14.28438], [-87.4904, 14.28728], [-87.49139, 14.29087], [-87.48901, 14.29114], [-87.4864, 14.29367], [-87.48467, 14.29353], [-87.48287, 14.29188], [-87.48261, 14.2889], [-87.48126, 14.28623], [-87.47941, 14.28481], [-87.47882, 14.28211], [-87.47388, 14.27965], [-87.47266, 14.28014], [-87.47082, 14.28307], [-87.46749, 14.2812], [-87.46521, 14.28441], [-87.4615, 14.2846], [-87.45998, 14.28572], [-87.45751, 14.2857], [-87.45596, 14.28432], [-87.45439, 14.28566], [-87.44761, 14.28502], [-87.44597, 14.28768], [-87.4414, 14.28992], [-87.43127, 14.29225], [-87.41977, 14.28948], [-87.41591, 14.29051], [-87.4132, 14.28905], [-87.40929, 14.28879], [-87.40343, 14.28231], [-87.40548, 14.27583], [-87.4043, 14.27218], [-87.39888, 14.26664], [-87.39382, 14.26446], [-87.39133, 14.26219], [-87.39014, 14.2605], [-87.39033, 14.25836], [-87.38937, 14.25624], [-87.38732, 14.25574], [-87.38388, 14.25257], [-87.38005, 14.25138], [-87.3777, 14.25198], [-87.37591, 14.25052], [-87.37576, 14.24814], [-87.37708, 14.2457], [-87.38249, 14.24298], [-87.38779, 14.23669], [-87.38845, 14.23453], [-87.38789, 14.23321], [-87.38616, 14.23264], [-87.37711, 14.23397], [-87.37215, 14.23209], [-87.35399, 14.21453], [-87.35219, 14.20945], [-87.34565, 14.20092], [-87.34299, 14.19872], [-87.33801, 14.19722], [-87.32201, 14.19579], [-87.31965, 14.19458], [-87.31477, 14.18834], [-87.31132, 14.18222], [-87.31203, 14.17629], [-87.314, 14.17039], [-87.31334, 14.1682], [-87.31124, 14.16725], [-87.30527, 14.16914], [-87.30344, 14.16856], [-87.30101, 14.16258], [-87.29508, 14.15884], [-87.29428, 14.15607], [-87.29492, 14.15162], [-87.2919, 14.14522], [-87.29059, 14.14437], [-87.2873, 14.14412], [-87.28362, 14.13999], [-87.2825, 14.13746], [-87.28004, 14.13723], [-87.27744, 14.13842], [-87.27258, 14.13707], [-87.26862, 14.13712], [-87.26816, 14.13424], [-87.26563, 14.13309], [-87.26509, 14.13206], [-87.26567, 14.13077], [-87.26801, 14.12916], [-87.26774, 14.12732], [-87.25995, 14.12088], [-87.25686, 14.12059], [-87.25579, 14.11862], [-87.25021, 14.11435], [-87.24398, 14.10557], [-87.24141, 14.1036], [-87.23828, 14.08961], [-87.23388, 14.08708], [-87.23015, 14.0868], [-87.22557, 14.08515], [-87.21876, 14.08515], [-87.21773, 14.08146], [-87.21364, 14.07438]], [[-87.21363, 14.07502], [-87.21758, 14.08145], [-87.21782, 14.08409], [-87.2187, 14.08523], [-87.22555, 14.08526], [-87.22966, 14.08681], [-87.23381, 14.08717], [-87.23819, 14.08968], [-87.24134, 14.1037], [-87.24403, 14.10583], [-87.24996, 14.11449], [-87.25568, 14.11881], [-87.25673, 14.12063], [-87.26005, 14.12107], [-87.26767, 14.1274], [-87.26788, 14.12913], [-87.26563, 14.13065], [-87.26497, 14.13206], [-87.26556, 14.13322], [-87.26795, 14.13412], [-87.26861, 14.13727], [-87.27274, 14.13732], [-87.27731, 14.13867], [-87.28004, 14.13736], [-87.28242, 14.13761], [-87.28351, 14.14008], [-87.2871, 14.14423], [-87.29047, 14.14457], [-87.29196, 14.1456], [-87.29479, 14.15165], [-87.2941, 14.15574], [-87.29476, 14.15853], [-87.29648, 14.16036], [-87.30092, 14.16265], [-87.30333, 14.16866], [-87.30518, 14.16932], [-87.31085, 14.16744], [-87.31298, 14.16806], [-87.31383, 14.17015], [-87.31195, 14.17586], [-87.31117, 14.1822], [-87.31479, 14.1886], [-87.31954, 14.19466], [-87.322, 14.1959], [-87.33766, 14.19733], [-87.3428, 14.19877], [-87.34521, 14.20065], [-87.35183, 14.20919], [-87.35398, 14.21471], [-87.37228, 14.23233], [-87.37706, 14.23408], [-87.38639, 14.2327], [-87.38782, 14.23327], [-87.38839, 14.23459], [-87.38788, 14.23644], [-87.38243, 14.24292], [-87.37702, 14.24564], [-87.37564, 14.24829], [-87.37583, 14.25049], [-87.37766, 14.25205], [-87.38001, 14.25146], [-87.38383, 14.25265], [-87.38727, 14.25582], [-87.38933, 14.25632], [-87.39025, 14.25845], [-87.39005, 14.26042], [-87.39128, 14.26226], [-87.3938, 14.26453], [-87.39882, 14.26671], [-87.40436, 14.27238], [-87.4054, 14.27582], [-87.40339, 14.28249], [-87.40905, 14.28876], [-87.41317, 14.28914], [-87.41569, 14.29058], [-87.41976, 14.28955], [-87.43128, 14.29232], [-87.44141, 14.28999], [-87.44619, 14.2876], [-87.44759, 14.28511], [-87.45437, 14.28575], [-87.45595, 14.2844], [-87.45735, 14.28574], [-87.45973, 14.28581], [-87.46156, 14.28466], [-87.46506, 14.28456], [-87.46755, 14.28127], [-87.4684, 14.2821], [-87.46762, 14.28444], [-87.46926, 14.28541], [-87.47014, 14.28798], [-87.47334, 14.28931], [-87.4737, 14.28861], [-87.47269, 14.28696], [-87.47352, 14.28654], [-87.48353, 14.29351], [-87.48641, 14.29374], [-87.48905, 14.29121], [-87.49145, 14.29092], [-87.49048, 14.28729], [-87.4927, 14.28443], [-87.497, 14.28503], [-87.49834, 14.28395], [-87.49946, 14.28077], [-87.50108, 14.28123], [-87.50115, 14.28281], [-87.49991, 14.28411], [-87.49907, 14.28689], [-87.49656, 14.2882], [-87.49675, 14.28926], [-87.49904, 14.28853], [-87.50195, 14.28882], [-87.50438, 14.28582], [-87.50605, 14.28763], [-87.50702, 14.28756], [-87.50845, 14.28433], [-87.50796, 14.27949], [-87.51024, 14.27766], [-87.51203, 14.27397], [-87.51402, 14.27262], [-87.51654, 14.27214], [-87.52778, 14.27368], [-87.53081, 14.2725], [-87.5337, 14.26839], [-87.53802, 14.26553], [-87.54136, 14.26578], [-87.54529, 14.26738], [-87.55337, 14.27266], [-87.55667, 14.2732], [-87.56016, 14.27522], [-87.57126, 14.29128], [-87.60878, 14.37953], [-87.62674, 14.41948], [-87.63236, 14.42454], [-87.65711, 14.4374], [-87.66651, 14.45802], [-87.67047, 14.463], [-87.70032, 14.47826], [-87.70637, 14.48367]], [[-87.43772, 13.53153], [-87.4388, 13.52863]], [[-87.43859, 13.5286], [-87.43772, 13.53153]], [[-87.23359, 13.92737], [-87.23896, 13.93048], [-87.24025, 13.93032], [-87.24158, 13.92892], [-87.24245, 13.92588], [-87.24196, 13.92364], [-87.24474, 13.92001], [-87.24205, 13.91721], [-87.24064, 13.9125], [-87.24327, 13.91148], [-87.24452, 13.90594], [-87.24665, 13.90605], [-87.24939, 13.90753], [-87.25171, 13.90642], [-87.25056, 13.89771], [-87.24769, 13.89357], [-87.24736, 13.8902], [-87.24603, 13.88755], [-87.2463, 13.88575], [-87.24391, 13.8791], [-87.24699, 13.87346], [-87.24561, 13.85402], [-87.24691, 13.85], [-87.24523, 13.846], [-87.24769, 13.83959], [-87.24798, 13.83667], [-87.25284, 13.83233], [-87.2555, 13.82831], [-87.25519, 13.82418], [-87.25375, 13.82048], [-87.25382, 13.8144], [-87.25575, 13.8116], [-87.25798, 13.81108], [-87.25644, 13.80537], [-87.25987, 13.80331], [-87.26335, 13.80463], [-87.26386, 13.8065], [-87.26648, 13.80817], [-87.27305, 13.80784], [-87.27618, 13.80902], [-87.27814, 13.80546], [-87.27988, 13.80624], [-87.28095, 13.80431], [-87.28687, 13.80403], [-87.28864, 13.80241], [-87.29385, 13.80014], [-87.298, 13.80051], [-87.2991, 13.7978], [-87.31151, 13.7928], [-87.31318, 13.78878], [-87.31094, 13.7846], [-87.30791, 13.78249], [-87.30818, 13.78099], [-87.30678, 13.77838], [-87.30775, 13.77638], [-87.30713, 13.77428], [-87.30944, 13.77084], [-87.31282, 13.77117], [-87.31351, 13.77043], [-87.30818, 13.76757], [-87.3097, 13.76727], [-87.31201, 13.76816], [-87.31569, 13.76604], [-87.31644, 13.76253], [-87.31905, 13.75992], [-87.31922, 13.7584], [-87.3207, 13.75708], [-87.32277, 13.75704], [-87.3237, 13.75313], [-87.32141, 13.75167], [-87.32262, 13.74954], [-87.32178, 13.74744], [-87.32508, 13.74576], [-87.32588, 13.73976], [-87.32409, 13.73433], [-87.32231, 13.73228], [-87.32302, 13.72976], [-87.32183, 13.72857], [-87.3222, 13.72706], [-87.31997, 13.72518], [-87.31913, 13.72196], [-87.31758, 13.72135], [-87.31583, 13.71891], [-87.31845, 13.71759], [-87.31676, 13.71536], [-87.31716, 13.71315], [-87.31845, 13.71231], [-87.31792, 13.71033], [-87.31877, 13.70866], [-87.31738, 13.70678], [-87.31562, 13.70649], [-87.31646, 13.70492], [-87.31588, 13.70056], [-87.32148, 13.69989], [-87.32238, 13.69849], [-87.32847, 13.69416], [-87.3302, 13.68958], [-87.33376, 13.68824], [-87.33543, 13.68595], [-87.34408, 13.6864], [-87.35471, 13.68495], [-87.35694, 13.68362], [-87.35508, 13.68016], [-87.35324, 13.67907], [-87.35533, 13.6766], [-87.35494, 13.67384], [-87.35319, 13.67186], [-87.35829, 13.66923], [-87.36023, 13.66712], [-87.36078, 13.66314], [-87.3645, 13.6577], [-87.36566, 13.65236], [-87.36506, 13.65064], [-87.36797, 13.64971], [-87.36926, 13.6384], [-87.36897, 13.6331], [-87.37264, 13.62683], [-87.37424, 13.62247], [-87.37011, 13.61761], [-87.37021, 13.60803], [-87.36488, 13.59436], [-87.35803, 13.58941], [-87.35683, 13.58621], [-87.35747, 13.58316], [-87.36151, 13.5821], [-87.36345, 13.57996], [-87.37407, 13.57957], [-87.3769, 13.57769], [-87.37749, 13.57617], [-87.38219, 13.57655], [-87.38902, 13.57563], [-87.3901, 13.57446], [-87.3895, 13.57225], [-87.39101, 13.56902], [-87.39587, 13.56786], [-87.43772, 13.53153]], [[-87.23359, 13.92737], [-87.23269, 13.92811]], [[-87.23269, 13.92811], [-87.23359, 13.92737]], [[-87.20519, 13.97491], [-87.21024, 13.96392], [-87.21348, 13.95911], [-87.21097, 13.95342], [-87.20998, 13.95364], [-87.20782, 13.95721], [-87.20612, 13.95652], [-87.20623, 13.95429], [-87.20905, 13.95153], [-87.21006, 13.94748], [-87.21655, 13.94366], [-87.23269, 13.92811]], [[-87.21249, 14.07296], [-87.21402, 14.07233], [-87.21433, 14.07034], [-87.21573, 14.06913], [-87.21671, 14.06618], [-87.21898, 14.06429], [-87.22052, 14.05892]], [[-87.22046, 14.05886], [-87.21891, 14.06421], [-87.21689, 14.06571], [-87.21568, 14.06897], [-87.21408, 14.07016], [-87.21391, 14.0723]], [[-87.21372, 14.04978], [-87.21284, 14.04822]], [[-87.21284, 14.04822], [-87.21194, 14.04572]], [[-87.21185, 14.04575], [-87.21284, 14.04822]], [[-87.21185, 14.04575], [-87.21194, 14.04572]], [[-87.21194, 14.04572], [-87.21189, 14.0456]], [[-87.21189, 14.0456], [-87.21177, 14.04546]], [[-87.21189, 14.0456], [-87.2118, 14.04564]], [[-87.2118, 14.04564], [-87.21185, 14.04575]], [[-87.21177, 14.04546], [-87.2118, 14.04564]], [[-87.21177, 14.04546], [-87.21105, 14.04178], [-87.2076, 14.03433], [-87.20894, 14.03112], [-87.20696, 14.02952], [-87.20717, 14.02413], [-87.20508, 14.02176], [-87.20277, 14.02177], [-87.20311, 14.01913], [-87.20033, 14.01673], [-87.19634, 14.01623], [-87.19511, 14.01505], [-87.19549, 14.01413], [-87.19715, 14.01463], [-87.19794, 14.0139], [-87.19649, 14.0112], [-87.19806, 14.00926], [-87.19739, 14.00555], [-87.19623, 14.00444], [-87.19387, 14.00456], [-87.1927, 14.00138], [-87.195, 14.00139], [-87.19565, 14.00021], [-87.18994, 13.99516], [-87.19871, 13.98819], [-87.20397, 13.97755]], [[-87.20519, 13.97491], [-87.20397, 13.97755]], [[-87.20397, 13.97755], [-87.20519, 13.97491]]]}}, {"type": "Feature", "properties": {"code": "ca-6", "ref": "CA-6", "name": "Carretera Tegucigalpa - Danli", "road_class": "primaria", "length_km": 124, "source_name": "OpenStreetMap (ODbL)", "source_url": "https://www.openstreetmap.org/copyright", "retrieved": "2026-10-01"}, "geometry": {"type": "MultiLineString", "coordinates": [[[-87.21364, 14.07438], [-87.21234, 14.07222], [-87.20586, 14.07173], [-87.19769, 14.07632], [-87.19364, 14.07606], [-87.18946, 14.07454], [-87.18117, 14.07489], [-87.17508, 14.06987], [-87.17215, 14.06534], [-87.16935, 14.06447], [-87.16557, 14.06069], [-87.15892, 14.05701], [-87.15553, 14.04794], [-87.15266, 14.04689], [-87.14823, 14.04375]], [[-87.14823, 14.04375], [-87.15253, 14.04693], [-87.15558, 14.04814], [-87.15875, 14.05696], [-87.16542, 14.06068], [-87.16918, 14.06448], [-87.17205, 14.06542], [-87.17524, 14.07021], [-87.18105, 14.07495], [-87.18939, 14.07465], [-87.19363, 14.07614], [-87.19737, 14.07647], [-87.20586, 14.07187], [-87.21232, 14.07235], [-87.21363, 14.07502]], [[-87.14823, 14.04375], [-87.14178, 14.04056], [-87.14147, 14.03936], [-87.14282, 14.03588], [-87.14363, 14.03038], [-87.14258, 14.02897], [-87.13989, 14.02824], [-87.13743, 14.02966], [-87.13528, 14.02985], [-87.12942, 14.03498], [-87.12271, 14.03369], [-87.11567, 14.03429], [-87.11305, 14.04231], [-87.11391, 14.04486], [-87.1134, 14.04592], [-87.10972, 14.04549], [-87.10503, 14.04208], [-87.10351, 14.0442], [-87.10104, 14.04344], [-87.09963, 14.04563], [-87.09444, 14.04642], [-87.09311, 14.04816], [-87.09249, 14.05111], [-87.08932, 14.0518], [-87.08694, 14.05368], [-87.08436, 14.04875], [-87.08117, 14.0474], [-87.07971, 14.0422], [-87.07625, 14.04108], [-87.0734, 14.04316], [-87.07152, 14.04354], [-87.06719, 14.04033], [-87.06307, 14.03992], [-87.05975, 14.04163], [-87.05743, 14.0441], [-87.05623, 14.0434], [-87.0562, 14.0417], [-87.05911, 14.03948], [-87.059, 14.03823], [-87.05696, 14.03802], [-87.05445, 14.04024], [-87.05284, 14.03996], [-87.05247, 14.03908], [-87.05349, 14.03641], [-87.05305, 14.03448], [-87.05135, 14.03318], [-87.04788, 14.03256], [-87.04759, 14.02996], [-87.0452, 14.02687], [-87.04598, 14.0201], [-87.04194, 14.01764], [-87.04114, 14.01384], [-87.04264, 14.01179], [-87.04102, 14.01005], [-87.04354, 14.0082], [-87.04272, 14.00647], [-87.03892, 14.0083], [-87.03709, 14.00541], [-87.0353, 14.00493], [-87.02204, 14.01198], [-86.98681, 14.0095], [-86.97829, 14.00744], [-86.97206, 14.00797], [-86.96827, 14.01157], [-86.96318, 14.0104], [-86.96169, 14.01131], [-86.96144, 14.01291], [-86.96328, 14.02047], [-86.95945, 14.02505], [-86.95716, 14.02576], [-86.94732, 14.02451], [-86.94099, 14.0274], [-86.93608, 14.02794], [-86.93025, 14.03205], [-86.93032, 14.03434], [-86.92935, 14.03582], [-86.9274, 14.03513], [-86.92688, 14.03562], [-86.92844, 14.03969], [-86.92659, 14.04409], [-86.92562, 14.04383], [-86.92404, 14.03898], [-86.92014, 14.03682], [-86.91893, 14.03751], [-86.91767, 14.04058], [-86.91623, 14.04165], [-86.90898, 14.04288], [-86.90337, 14.04206], [-86.89126, 14.04453], [-86.8869, 14.04803], [-86.88389, 14.04948], [-86.88097, 14.04979], [-86.87941, 14.05226], [-86.87699, 14.05302], [-86.87511, 14.05802], [-86.87308, 14.05984], [-86.86587, 14.0613], [-86.85535, 14.05867], [-86.85294, 14.0593], [-86.85071, 14.06249], [-86.85364, 14.07188], [-86.8519, 14.07563], [-86.84177, 14.07684], [-86.82616, 14.07419], [-86.82452, 14.07544], [-86.82375, 14.07867], [-86.82516, 14.08313], [-86.82415, 14.08364], [-86.8217, 14.08292]], [[-86.8217, 14.08292], [-86.8162, 14.0857]], [[-86.8162, 14.0857], [-86.8217, 14.08292]], [[-86.8162, 14.0857], [-86.81303, 14.08694], [-86.80839, 14.08595], [-86.80385, 14.08637], [-86.80182, 14.0873], [-86.79463, 14.08741], [-86.7928, 14.08676], [-86.79332, 14.08487], [-86.79212, 14.08336], [-86.78217, 14.08281], [-86.77984, 14.08186], [-86.77374, 14.08641], [-86.77023, 14.08611], [-86.77015, 14.08489], [-86.77591, 14.08194], [-86.77582, 14.0809], [-86.77435, 14.08057], [-86.77206, 14.07787], [-86.76747, 14.07892], [-86.75785, 14.07446], [-86.75475, 14.0739], [-86.74974, 14.0679], [-86.74816, 14.06697], [-86.73855, 14.06823], [-86.73532, 14.06434], [-86.73022, 14.06348], [-86.72529, 14.0646], [-86.72325, 14.06412], [-86.71672, 14.05407], [-86.71285, 14.05403], [-86.70635, 14.04766], [-86.70476, 14.04349], [-86.70205, 14.04234], [-86.70116, 14.04007], [-86.69564, 14.03801], [-86.68578, 14.0274], [-86.67862, 14.02413], [-86.67529, 14.02091], [-86.67117, 14.02173], [-86.66755, 14.02016], [-86.66347, 14.02052], [-86.66031, 14.01689], [-86.65465, 14.01451], [-86.65144, 14.01421], [-86.64816, 14.01517], [-86.64571, 14.01854], [-86.64405, 14.01596], [-86.63776, 14.01505], [-86.63531, 14.01263], [-86.63408, 14.01247], [-86.6327, 14.01361], [-86.63119, 14.01868], [-86.62978, 14.01978], [-86.62248, 14.01843], [-86.6154, 14.02147], [-86.60424, 14.02063], [-86.58842, 14.02323], [-86.58268, 14.02725], [-86.57495, 14.02853]], [[-86.56923, 14.01405], [-86.56939, 13.99601], [-86.56632, 13.97582], [-86.56252, 13.96108], [-86.55877, 13.94101], [-86.55392, 13.87102], [-86.55509, 13.86985], [-86.5692, 13.86491], [-86.57478, 13.86403], [-86.57772, 13.86201], [-86.583, 13.84788], [-86.58388, 13.84191], [-86.58638, 13.83749], [-86.58908, 13.83587], [-86.59002, 13.83146], [-86.59253, 13.8296], [-86.59353, 13.82531], [-86.59491, 13.82305], [-86.59379, 13.82141], [-86.59408, 13.81927], [-86.59324, 13.81746], [-86.59052, 13.81407], [-86.58856, 13.813], [-86.58878, 13.80837], [-86.58757, 13.80542], [-86.58492, 13.80488], [-86.58376, 13.80318], [-86.58028, 13.80149], [-86.57371, 13.7954], [-86.57061, 13.79353]]]}}, {"type": "Feature", "properties": {"code": "ca-7", "ref": "CA-7", "name": "Carretera La Paz - Marcala", "road_class": "secundaria", "length_km": 75, "source_name": "OpenStreetMap (ODbL)", "source_url": "https://www.openstreetmap.org/copyright", "retrieved": "2026-10-01"}, "geometry": {"type": "MultiLineString", "coordinates": [[[-87.67304, 14.32064], [-87.67534, 14.28071], [-87.6831, 14.27071], [-87.68646, 14.26856], [-87.69029, 14.263], [-87.69855, 14.25724], [-87.70211, 14.25368], [-87.70321, 14.25379], [-87.70627, 14.25701], [-87.70904, 14.25784], [-87.70895, 14.25946], [-87.7097, 14.25992], [-87.71216, 14.25485], [-87.71384, 14.25551], [-87.717, 14.25297], [-87.7195, 14.2537], [-87.72195, 14.25248], [-87.72749, 14.25401], [-87.72812, 14.25311], [-87.72679, 14.24981], [-87.72727, 14.24899], [-87.73199, 14.2489], [-87.73337, 14.24971], [-87.73682, 14.2492], [-87.73676, 14.2473], [-87.74105, 14.24247], [-87.74326, 14.24431], [-87.74948, 14.24531], [-87.75085, 14.2449], [-87.75143, 14.24344], [-87.75405, 14.24312], [-87.75523, 14.24575], [-87.75652, 14.24657], [-87.76255, 14.24577], [-87.76784, 14.2474], [-87.7708, 14.24579], [-87.77426, 14.24742], [-87.77546, 14.24934], [-87.78075, 14.24883], [-87.782, 14.25061], [-87.78582, 14.2526], [-87.79063, 14.25491], [-87.79288, 14.25493], [-87.79952, 14.25855], [-87.80242, 14.2622], [-87.80472, 14.26144], [-87.80627, 14.26153], [-87.80758, 14.26261], [-87.8103, 14.26229], [-87.81173, 14.26471], [-87.81605, 14.26612], [-87.8188, 14.26505], [-87.82269, 14.26628], [-87.82489, 14.26492], [-87.82885, 14.2643], [-87.83041, 14.26192], [-87.8326, 14.26131], [-87.83542, 14.25906], [-87.83624, 14.25575], [-87.83913, 14.25616], [-87.84057, 14.25499], [-87.84204, 14.25597], [-87.84627, 14.263], [-87.84428, 14.26706], [-87.84494, 14.26867], [-87.84687, 14.269], [-87.85228, 14.27501], [-87.85572, 14.27718], [-87.85615, 14.27858], [-87.858, 14.27794], [-87.86162, 14.27448], [-87.86664, 14.27426], [-87.86854, 14.27719], [-87.87053, 14.27815], [-87.87151, 14.2816], [-87.87447, 14.28238], [-87.87451, 14.27883], [-87.87857, 14.27609], [-87.87945, 14.27396], [-87.88186, 14.27276], [-87.88429, 14.26931], [-87.88763, 14.26788], [-87.88997, 14.26538], [-87.88937, 14.26324], [-87.89025, 14.26122], [-87.89015, 14.25898], [-87.89268, 14.25764], [-87.89308, 14.25657], [-87.88991, 14.25307], [-87.89325, 14.25171], [-87.89636, 14.24902], [-87.90066, 14.23925], [-87.89992, 14.23683], [-87.90188, 14.23421], [-87.90742, 14.23327], [-87.90937, 14.23421], [-87.91057, 14.23073], [-87.91639, 14.23029], [-87.9186, 14.22529], [-87.91795, 14.22304], [-87.9186, 14.2211], [-87.92154, 14.21935], [-87.92543, 14.21942], [-87.93014, 14.21799], [-87.93379, 14.21248], [-87.93627, 14.21384], [-87.93966, 14.21236], [-87.94052, 14.21011], [-87.9428, 14.21064], [-87.94875, 14.20965], [-87.94952, 14.21108], [-87.94938, 14.21388], [-87.95157, 14.21526], [-87.95695, 14.21356], [-87.95806, 14.21159], [-87.96233, 14.20922], [-87.96335, 14.20706], [-87.9652, 14.20686], [-87.96641, 14.20786], [-87.96821, 14.20798], [-87.97476, 14.20725], [-87.97777, 14.20607], [-87.97921, 14.20681], [-87.98418, 14.20514], [-87.98618, 14.20367], [-87.98906, 14.20527], [-87.99094, 14.2051], [-87.99163, 14.20229], [-87.99313, 14.2014], [-87.99293, 14.19983], [-87.99463, 14.19915], [-87.99579, 14.19718], [-87.9954, 14.19385], [-87.99697, 14.1924], [-87.99732, 14.19081], [-87.99382, 14.18658], [-87.9955, 14.18302], [-87.99526, 14.18167], [-87.99636, 14.18101], [-87.99845, 14.18122], [-87.99864, 14.17721], [-88.00335, 14.17148], [-88.00465, 14.17091], [-88.0127, 14.15709], [-88.01644, 14.15669], [-88.02089, 14.15851], [-88.02251, 14.15844], [-88.02312, 14.16034], [-88.02656, 14.1611], [-88.02733, 14.16478], [-88.02849, 14.16619], [-88.03502, 14.16651], [-88.03728, 14.15992], [-88.03656, 14.15629], [-88.0351, 14.15627], [-88.03338, 14.15236]], [[-87.67301, 14.32074], [-87.67307, 14.32075]], [[-87.67256, 14.33087], [-87.67307, 14.32075]], [[-87.67307, 14.32075], [-87.67304, 14.32064]], [[-87.67304, 14.32064], [-87.67301, 14.32074]], [[-87.67301, 14.32074], [-87.67237, 14.33087]], [[-87.67237, 14.33116], [-87.67256, 14.33087]], [[-87.67256, 14.33087], [-87.67237, 14.33087]], [[-87.67237, 14.33087], [-87.67229, 14.33099]], [[-87.67229, 14.33099], [-87.67237, 14.33116]], [[-87.67217, 14.33113], [-87.67237, 14.33116]], [[-87.67229, 14.33099], [-87.67217, 14.33113]], [[-87.59876, 14.34766], [-87.61188, 14.34039], [-87.62797, 14.34567], [-87.63082, 14.34557], [-87.67217, 14.33113]], [[-87.59876, 14.34766], [-87.5982, 14.34784]], [[-87.59835, 14.34808], [-87.59876, 14.34766]], [[-87.59821, 14.34817], [-87.59835, 14.34808]], [[-87.59835, 14.34808], [-87.5982, 14.34784]], [[-87.5976, 14.34838], [-87.59821, 14.34817]], [[-87.59803, 14.34806], [-87.59821, 14.34817]], [[-87.5982, 14.34784], [-87.59809, 14.34787]], [[-87.59809, 14.34787], [-87.59739, 14.34795]], [[-87.59809, 14.34787], [-87.59802, 14.34801]], [[-87.59803, 14.34806], [-87.5976, 14.34838]], [[-87.59802, 14.34801], [-87.59803, 14.34806]], [[-87.59739, 14.34795], [-87.59802, 14.34801]], [[-87.5976, 14.34838], [-87.59719, 14.34858]], [[-87.59739, 14.34795], [-87.59702, 14.34796]]]}}, {"type": "Feature", "properties": {"code": "rn-15", "ref": "RN-15", "name": "Carretera Campamento - Juticalpa", "road_class": "secundaria", "length_km": 216, "source_name": "OpenStreetMap (ODbL)", "source_url": "https://www.openstreetmap.org/copyright", "retrieved": "2026-10-01"}, "geometry": {"type": "MultiLineString", "coordinates": [[[-87.24102, 14.10215], [-87.24207, 14.10253]], [[-87.24102, 14.10215], [-87.239, 14.10189], [-87.234, 14.10631], [-87.23299, 14.10558]], [[-87.23279, 14.1058], [-87.23401, 14.10637], [-87.23905, 14.10194], [-87.24102, 14.10215]], [[-87.23279, 14.1058], [-87.23299, 14.10558]], [[-87.23299, 14.10558], [-87.23242, 14.1056]], [[-87.23264, 14.10581], [-87.23279, 14.1058]], [[-87.23242, 14.1056], [-87.23264, 14.10581]], [[-87.23235, 14.10587], [-87.23264, 14.10581]], [[-87.23242, 14.1056], [-87.23235, 14.10587]], [[-86.67646, 14.55094], [-86.68077, 14.5462], [-86.68243, 14.54292], [-86.68497, 14.54124], [-86.69394, 14.54085], [-86.69799, 14.53986], [-86.70537, 14.54116], [-86.71135, 14.53831], [-86.71329, 14.53907], [-86.71497, 14.54176], [-86.71687, 14.54239], [-86.72328, 14.54097], [-86.72678, 14.53838], [-86.72913, 14.53964], [-86.7323, 14.53787], [-86.73688, 14.54021], [-86.73916, 14.54239], [-86.74201, 14.54245], [-86.74576, 14.54435], [-86.76106, 14.54118], [-86.76774, 14.54673], [-86.7819, 14.55392], [-86.78576, 14.55509], [-86.79202, 14.55524], [-86.80419, 14.55311], [-86.85613, 14.55927], [-86.8693, 14.55779], [-86.8882, 14.54692], [-86.89701, 14.53771], [-86.90187, 14.53453], [-86.90676, 14.53429], [-86.91667, 14.53899], [-86.92006, 14.53935], [-86.924, 14.53771], [-86.9289, 14.53286], [-86.93996, 14.5271], [-86.94388, 14.52274], [-86.95052, 14.5088], [-86.95372, 14.50715], [-86.96106, 14.50773], [-86.96353, 14.50624], [-86.96438, 14.49883], [-86.97254, 14.48817], [-86.97465, 14.47863], [-86.97743, 14.47678], [-86.98249, 14.47661], [-86.98374, 14.47392], [-86.98455, 14.46804], [-86.98706, 14.46543], [-86.99413, 14.46417], [-86.99824, 14.4618], [-86.99916, 14.45733], [-87.00338, 14.45082], [-87.00486, 14.44397], [-87.0113, 14.44163], [-87.01738, 14.4373], [-87.01993, 14.43408], [-87.02318, 14.43361], [-87.0265, 14.43548], [-87.03343, 14.43537], [-87.03571, 14.43488], [-87.03996, 14.43191], [-87.04206, 14.43136], [-87.05226, 14.43241], [-87.05475, 14.43029], [-87.05663, 14.42319], [-87.05941, 14.42076], [-87.1023, 14.41663], [-87.11206, 14.41528], [-87.11504, 14.41361], [-87.12399, 14.40547], [-87.1252, 14.39994], [-87.1288, 14.39312], [-87.1319, 14.3912], [-87.13402, 14.38872], [-87.13716, 14.37812], [-87.13648, 14.37165], [-87.13706, 14.36849], [-87.14032, 14.36581], [-87.14246, 14.36503], [-87.14288, 14.36396], [-87.14218, 14.36169], [-87.14277, 14.36047], [-87.14942, 14.35881], [-87.15084, 14.35688], [-87.15665, 14.35293], [-87.16103, 14.35238], [-87.16713, 14.3457], [-87.16971, 14.33425], [-87.17391, 14.33143], [-87.17581, 14.32861], [-87.17984, 14.32667], [-87.18506, 14.32663], [-87.20815, 14.32031], [-87.21223, 14.31718], [-87.21894, 14.30802], [-87.22992, 14.30371], [-87.24092, 14.29531], [-87.24263, 14.29234], [-87.24398, 14.28315], [-87.24344, 14.28002], [-87.24514, 14.25949], [-87.24417, 14.25623], [-87.24113, 14.25173], [-87.23868, 14.24087], [-87.23758, 14.23879], [-87.23575, 14.23702], [-87.22962, 14.23416], [-87.22798, 14.23077], [-87.2283, 14.22725], [-87.23142, 14.22234], [-87.23118, 14.21693], [-87.22903, 14.2147], [-87.22505, 14.21609], [-87.21987, 14.21386], [-87.21694, 14.20743], [-87.21104, 14.20563], [-87.21063, 14.20445], [-87.21181, 14.20196], [-87.20673, 14.19719], [-87.20626, 14.19436], [-87.20414, 14.19143], [-87.20376, 14.18724], [-87.20421, 14.18479], [-87.20361, 14.18291], [-87.20518, 14.17992], [-87.20401, 14.17579], [-87.20794, 14.17305], [-87.20507, 14.1669], [-87.20311, 14.16451], [-87.20524, 14.15217], [-87.2073, 14.15066], [-87.21336, 14.14987], [-87.21467, 14.14617], [-87.21644, 14.14481], [-87.22086, 14.14458], [-87.22328, 14.1457], [-87.22619, 14.14354], [-87.23031, 14.14453], [-87.23131, 14.14381], [-87.23018, 14.14043], [-87.23332, 14.13756], [-87.23394, 14.13485], [-87.23278, 14.13304], [-87.2285, 14.13101], [-87.22464, 14.12555], [-87.2244, 14.12413], [-87.22585, 14.12148], [-87.223, 14.11667], [-87.22424, 14.11439], [-87.22902, 14.11267], [-87.22944, 14.10932], [-87.23235, 14.10587]], [[-86.67646, 14.55094], [-86.67177, 14.55021]], [[-86.67177, 14.55021], [-86.67646, 14.55094]], [[-86.65634, 14.55377], [-86.66188, 14.54972], [-86.66558, 14.54864], [-86.66882, 14.54998], [-86.67177, 14.55021]], [[-86.65634, 14.55377], [-86.65425, 14.55505], [-86.65185, 14.55464]], [[-86.65185, 14.55464], [-86.6542, 14.55511], [-86.65634, 14.55377]], [[-86.21671, 14.64968], [-86.21995, 14.63512], [-86.22326, 14.62947], [-86.23914, 14.61594], [-86.24423, 14.60946], [-86.25927, 14.60348], [-86.26958, 14.60296], [-86.27231, 14.60383], [-86.27782, 14.60805], [-86.28169, 14.6075], [-86.29044, 14.60966], [-86.30139, 14.6103], [-86.30512, 14.61151], [-86.31585, 14.6061], [-86.32759, 14.60631], [-86.33915, 14.60381], [-86.34311, 14.60576], [-86.35144, 14.60635], [-86.35449, 14.6074], [-86.36055, 14.61071], [-86.36123, 14.61368], [-86.3621, 14.61424], [-86.3683, 14.6128], [-86.36943, 14.61014], [-86.37106, 14.60927], [-86.37521, 14.61335], [-86.37649, 14.61649], [-86.39609, 14.62336], [-86.41864, 14.62107], [-86.42327, 14.62149], [-86.42876, 14.62], [-86.43327, 14.62023], [-86.45801, 14.6121], [-86.46652, 14.61218], [-86.47469, 14.60934], [-86.48204, 14.60452], [-86.54057, 14.58576], [-86.54318, 14.58367], [-86.54675, 14.57769], [-86.55166, 14.56518], [-86.55494, 14.56181], [-86.55588, 14.55584], [-86.55765, 14.55409], [-86.57434, 14.55806], [-86.58297, 14.5579], [-86.58867, 14.55622], [-86.60034, 14.55498], [-86.60549, 14.55603], [-86.60703, 14.55652], [-86.61599, 14.56568], [-86.621, 14.56675], [-86.62497, 14.56994], [-86.62704, 14.57051], [-86.63194, 14.56814], [-86.63607, 14.56399], [-86.64363, 14.56226], [-86.64864, 14.55798], [-86.64993, 14.55506], [-86.65185, 14.55464]], [[-86.21671, 14.64968], [-86.21452, 14.66191], [-86.2119, 14.66781]], [[-86.2119, 14.66781], [-86.21459, 14.66199], [-86.21671, 14.64968]], [[-86.2119, 14.66781], [-86.208, 14.67299], [-86.20585, 14.67901], [-86.20386, 14.6817], [-86.14448, 14.7208], [-86.03642, 14.75837], [-86.02176, 14.76037], [-85.99393, 14.77502], [-85.98959, 14.7805], [-85.98246, 14.78338], [-85.93731, 14.82062], [-85.93019, 14.82388], [-85.90299, 14.84422]], [[-85.90299, 14.84422], [-85.90218, 14.84483]], [[-85.90229, 14.84497], [-85.90299, 14.84422]], [[-85.902, 14.84496], [-85.90229, 14.84497]], [[-85.90229, 14.84497], [-85.90218, 14.84483]], [[-85.90218, 14.84483], [-85.90204, 14.84486]], [[-85.90204, 14.84486], [-85.8859, 14.8472]], [[-85.90204, 14.84486], [-85.902, 14.84496]], [[-85.8859, 14.8472], [-85.902, 14.84496]], [[-85.83616, 14.82912], [-85.84623, 14.83024], [-85.84919, 14.8316], [-85.85261, 14.83079], [-85.86044, 14.83597], [-85.87043, 14.83925], [-85.8859, 14.8472]]]}}, {"type": "Feature", "properties": {"code": "rn-21", "ref": "RN-21", "name": "Carretera La Barca - Santa Rita", "road_class": "secundaria", "length_km": 38, "source_name": "OpenStreetMap (ODbL)", "source_url": "https://www.openstreetmap.org/copyright", "retrieved": "2026-10-01"}, "geometry": {"type": "MultiLineString", "coordinates": [[[-87.93013, 15.10757], [-87.92687, 15.10885], [-87.91149, 15.13198]], [[-87.91149, 15.13198], [-87.92693, 15.10898], [-87.92832, 15.10794], [-87.93009, 15.10801]], [[-87.89186, 15.1895], [-87.88922, 15.18192], [-87.88912, 15.17898], [-87.88958, 15.16549], [-87.8924, 15.15527], [-87.90381, 15.14341], [-87.91149, 15.13198]], [[-87.89337, 15.19384], [-87.89451, 15.19754], [-87.89376, 15.19995], [-87.87946, 15.2072], [-87.87773, 15.20935], [-87.87709, 15.21951], [-87.87547, 15.22895], [-87.87898, 15.24203], [-87.87897, 15.24446], [-87.86922, 15.26105], [-87.85997, 15.28197], [-87.84085, 15.3043], [-87.83018, 15.31904], [-87.81822, 15.33198], [-87.80277, 15.37203], [-87.80615, 15.39062], [-87.80774, 15.39374]], [[-87.89337, 15.19384], [-87.89186, 15.1895]], [[-87.89186, 15.1895], [-87.89337, 15.19384]], [[-87.81438, 15.40316], [-87.81216, 15.39581], [-87.80774, 15.39374]], [[-87.80774, 15.39374], [-87.81207, 15.39591], [-87.81404, 15.40246]]]}}, {"type": "Feature", "properties": {"code": "rn-22", "ref": "RN-22", "name": "Carretera La Esperanza - Siguatepeque", "road_class": "secundaria", "length_km": 65, "source_name": "OpenStreetMap (ODbL)", "source_url": "https://www.openstreetmap.org/copyright", "retrieved": "2026-10-01"}, "geometry": {"type": "MultiLineString", "coordinates": [[[-88.16782, 14.30828], [-88.16037, 14.31426], [-88.15452, 14.32063], [-88.15673, 14.3335], [-88.15882, 14.33597], [-88.1576, 14.34136], [-88.15162, 14.34488], [-88.14936, 14.34809], [-88.14685, 14.34878], [-88.14255, 14.35186], [-88.13625, 14.35961], [-88.13439, 14.35893], [-88.13204, 14.35489], [-88.12844, 14.35584], [-88.12476, 14.35846], [-88.12382, 14.35738], [-88.12441, 14.35306], [-88.11543, 14.35323], [-88.11347, 14.35215], [-88.11308, 14.35004], [-88.1112, 14.35044], [-88.11035, 14.35428], [-88.10859, 14.35281], [-88.10617, 14.35555], [-88.10658, 14.36], [-88.10558, 14.36209], [-88.10489, 14.36945], [-88.10312, 14.37118], [-88.1002, 14.3724], [-88.09679, 14.37792], [-88.09236, 14.37833], [-88.09011, 14.37726], [-88.08644, 14.37832], [-88.08236, 14.37673], [-88.08565, 14.38275], [-88.08342, 14.384], [-88.08163, 14.38283], [-88.08139, 14.38504], [-88.07971, 14.386], [-88.07747, 14.38596], [-88.07771, 14.38762], [-88.07619, 14.38831], [-88.07591, 14.39028], [-88.07428, 14.3929], [-88.07297, 14.39352], [-88.07283, 14.39503], [-88.06829, 14.39628], [-88.06723, 14.39883], [-88.06561, 14.39813], [-88.06481, 14.39447], [-88.06294, 14.3928], [-88.06201, 14.393], [-88.0635, 14.39545], [-88.06282, 14.40075], [-88.06428, 14.40161], [-88.0649, 14.4034], [-88.06339, 14.40423], [-88.06113, 14.41248], [-88.05957, 14.413], [-88.05665, 14.41799], [-88.05073, 14.42267], [-88.04358, 14.43558], [-88.04054, 14.43707], [-88.03883, 14.43573], [-88.03783, 14.43591], [-88.03311, 14.44328], [-88.0148, 14.46126], [-88.00488, 14.46345], [-88.00014, 14.4659], [-87.99912, 14.47089], [-87.99086, 14.47871], [-87.99067, 14.48856], [-87.98903, 14.49251], [-87.98126, 14.50173], [-87.98125, 14.50441], [-87.97901, 14.50656], [-87.97895, 14.50893], [-87.97212, 14.50961], [-87.9726, 14.51145], [-87.97422, 14.51043], [-87.97515, 14.51067], [-87.97942, 14.51796], [-87.97747, 14.51908], [-87.97184, 14.5195], [-87.97057, 14.52305], [-87.97108, 14.52498], [-87.97052, 14.52654], [-87.97139, 14.52828], [-87.97082, 14.53071], [-87.97705, 14.5362], [-87.97889, 14.53682], [-87.97865, 14.53833], [-87.98016, 14.53983], [-87.97989, 14.54281], [-87.98058, 14.54454], [-87.97907, 14.54744], [-87.98075, 14.54821], [-87.98156, 14.54983], [-87.98316, 14.55033], [-87.98265, 14.55284], [-87.98549, 14.55416], [-87.99102, 14.55429], [-87.99272, 14.5558], [-87.99255, 14.55713], [-87.98983, 14.55769], [-87.98804, 14.55602], [-87.984, 14.55742], [-87.97965, 14.55687], [-87.97574, 14.56058], [-87.96343, 14.55954], [-87.95972, 14.56094], [-87.95855, 14.56257], [-87.95508, 14.56382], [-87.95241, 14.56624], [-87.94504, 14.5677], [-87.94381, 14.57051], [-87.94172, 14.57049], [-87.93916, 14.57176], [-87.93343, 14.57649], [-87.93039, 14.57695], [-87.92534, 14.576], [-87.92238, 14.57768], [-87.91576, 14.57809], [-87.91253, 14.57933], [-87.90706, 14.57942], [-87.90229, 14.58145], [-87.89938, 14.58654], [-87.88776, 14.58868], [-87.88227, 14.59241], [-87.87721, 14.59094], [-87.8738, 14.59145], [-87.87119, 14.59284], [-87.86651, 14.59101], [-87.86278, 14.5932]], [[-87.86278, 14.5932], [-87.86237, 14.59345]], [[-87.86242, 14.59351], [-87.86278, 14.5932]]]}}, {"type": "Feature", "properties": {"code": "rn-23", "ref": "RN-23", "name": "Carretera Olanchito - Sabá", "road_class": "secundaria", "length_km": 196, "source_name": "OpenStreetMap (ODbL)", "source_url": "https://www.openstreetmap.org/copyright", "retrieved": "2026-10-01"}, "geometry": {"type": "MultiLineString", "coordinates": [[[-87.88099, 15.20644], [-87.88013, 15.20533], [-87.87661, 15.20395], [-87.87502, 15.20202], [-87.87206, 15.20188], [-87.87084, 15.20098], [-87.86786, 15.20263], [-87.86791, 15.2045], [-87.86711, 15.20488], [-87.86619, 15.20354], [-87.86453, 15.20311], [-87.8644, 15.20097], [-87.86167, 15.19835], [-87.85718, 15.19724], [-87.85372, 15.19851], [-87.85227, 15.20246], [-87.85133, 15.20302], [-87.84685, 15.20238], [-87.84337, 15.20007], [-87.84113, 15.20123], [-87.84074, 15.19882], [-87.8357, 15.19902], [-87.83326, 15.19782], [-87.83338, 15.19273], [-87.82949, 15.1905], [-87.82591, 15.18103], [-87.82322, 15.17769], [-87.82416, 15.17483], [-87.82316, 15.17373], [-87.82226, 15.17393], [-87.82157, 15.17606], [-87.82032, 15.17672], [-87.81772, 15.17483], [-87.81492, 15.17494], [-87.81287, 15.1733], [-87.80232, 15.17385], [-87.79386, 15.17104], [-87.78834, 15.17475], [-87.77839, 15.17963], [-87.76053, 15.18426], [-87.75657, 15.18249], [-87.74984, 15.18616], [-87.74512, 15.186], [-87.74228, 15.18808], [-87.74146, 15.19202], [-87.74301, 15.1974], [-87.73494, 15.21359], [-87.73374, 15.21947], [-87.72834, 15.22304], [-87.72679, 15.22668], [-87.72166, 15.22994], [-87.71773, 15.235], [-87.71116, 15.24908], [-87.70233, 15.2914], [-87.70091, 15.29351], [-87.69821, 15.29406], [-87.65319, 15.28671], [-87.64812, 15.28526], [-87.62748, 15.28663], [-87.58735, 15.31573], [-87.58513, 15.31602], [-87.57615, 15.31412], [-87.536, 15.32315], [-87.53367, 15.32249], [-87.52511, 15.31694], [-87.52447, 15.31473], [-87.52687, 15.31087], [-87.52479, 15.30805], [-87.52196, 15.3063], [-87.52122, 15.30453], [-87.51414, 15.30255], [-87.51197, 15.29906], [-87.51026, 15.29792], [-87.49898, 15.2935], [-87.49396, 15.29272], [-87.4894, 15.2887], [-87.48556, 15.28378], [-87.4838, 15.28365], [-87.48103, 15.28725], [-87.47661, 15.28682], [-87.46388, 15.27965], [-87.45629, 15.27682], [-87.45174, 15.27544], [-87.44581, 15.27604], [-87.44346, 15.2734], [-87.43737, 15.26969], [-87.43462, 15.2692], [-87.4327, 15.26647], [-87.43105, 15.26645], [-87.42853, 15.26782], [-87.42362, 15.26754], [-87.41842, 15.26545], [-87.41472, 15.2652], [-87.41209, 15.26278], [-87.40671, 15.26181], [-87.40316, 15.25996], [-87.40204, 15.25847], [-87.39747, 15.25714], [-87.39533, 15.2575], [-87.39369, 15.25884], [-87.39322, 15.25819], [-87.39433, 15.2556], [-87.39082, 15.25319], [-87.38901, 15.2537], [-87.38839, 15.25317], [-87.38902, 15.25168], [-87.38823, 15.24969], [-87.39006, 15.2492], [-87.38979, 15.24758], [-87.38475, 15.24704], [-87.37815, 15.24401], [-87.37604, 15.24211], [-87.37161, 15.24174], [-87.36578, 15.23794], [-87.35962, 15.2315], [-87.35557, 15.23052], [-87.35294, 15.22879], [-87.34359, 15.22518], [-87.33753, 15.22094], [-87.33281, 15.21979], [-87.32765, 15.21683], [-87.31862, 15.2164], [-87.30826, 15.20951], [-87.3059, 15.20575], [-87.28494, 15.19447], [-87.27662, 15.19184], [-87.2737, 15.18669], [-87.27008, 15.18294], [-87.26245, 15.18557], [-87.25771, 15.18169], [-87.24976, 15.17987], [-87.24639, 15.17987], [-87.24362, 15.17726], [-87.23873, 15.16542], [-87.2345, 15.15896], [-87.22707, 15.15742], [-87.21914, 15.14915], [-87.21685, 15.14403], [-87.20219, 15.13679], [-87.19721, 15.13093], [-87.19172, 15.12832], [-87.18068, 15.11394], [-87.17863, 15.11392], [-87.15746, 15.12226], [-87.1416, 15.13409], [-87.13013, 15.14533], [-87.12798, 15.14571]], [[-86.56736, 15.47029], [-86.58986, 15.48129], [-86.60186, 15.48019], [-86.66391, 15.48531], [-86.67084, 15.48321], [-86.68916, 15.47128], [-86.69654, 15.46246], [-86.74692, 15.42941], [-86.77685, 15.42302], [-86.81635, 15.42914], [-86.83786, 15.41866], [-86.84412, 15.41731], [-86.94221, 15.41742], [-86.94907, 15.41436], [-86.97009, 15.41902], [-86.9711, 15.41855], [-86.97482, 15.41298], [-86.97936, 15.41233]], [[-86.56736, 15.47029], [-86.56711, 15.47013]], [[-86.56708, 15.47029], [-86.56736, 15.47029]], [[-86.56708, 15.47029], [-86.56711, 15.47013]], [[-86.56711, 15.47013], [-86.5669, 15.47007]], [[-86.56683, 15.47021], [-86.56708, 15.47029]], [[-86.5669, 15.47007], [-86.56683, 15.47021]], [[-86.5669, 15.47007], [-86.56661, 15.46997]], [[-86.56661, 15.46997], [-86.56683, 15.47021]], [[-86.22639, 15.52049], [-86.2262, 15.51827], [-86.22717, 15.51716], [-86.28582, 15.47695], [-86.33362, 15.46821], [-86.36136, 15.45609], [-86.37449, 15.44547], [-86.4168, 15.43885], [-86.42871, 15.43591], [-86.45093, 15.43862], [-86.46084, 15.43623], [-86.48869, 15.44285], [-86.54464, 15.46929], [-86.55196, 15.46563], [-86.55641, 15.46516], [-86.56661, 15.46997]]]}}, {"type": "Feature", "properties": {"code": "rn-35", "ref": "RN-35", "name": "Carretera Principal de la Isla de Roatán", "road_class": "secundaria", "length_km": 21, "source_name": "OpenStreetMap (ODbL)", "source_url": "https://www.openstreetmap.org/copyright", "retrieved": "2026-10-01"}, "geometry": {"type": "MultiLineString", "coordinates": [[[-86.48318, 16.33765], [-86.48702, 16.33538], [-86.48974, 16.33523], [-86.49342, 16.33353], [-86.49646, 16.33465], [-86.5001, 16.33391], [-86.50244, 16.33129], [-86.50286, 16.32778], [-86.50424, 16.32641], [-86.50443, 16.32398], [-86.50826, 16.32327], [-86.51558, 16.32471], [-86.51853, 16.32426], [-86.52152, 16.31982], [-86.52462, 16.3199], [-86.5326, 16.31656], [-86.53586, 16.31699], [-86.53868, 16.32169], [-86.53636, 16.32513], [-86.53835, 16.32851], [-86.5379, 16.33044], [-86.53999, 16.33319], [-86.5401, 16.33771], [-86.54105, 16.34091], [-86.54058, 16.3439], [-86.54217, 16.34458], [-86.54671, 16.34367], [-86.54716, 16.34177], [-86.55212, 16.34035], [-86.55498, 16.3386], [-86.55567, 16.33676], [-86.55988, 16.33514], [-86.56136, 16.33222], [-86.56658, 16.33046], [-86.56699, 16.32889], [-86.56985, 16.32721], [-86.57439, 16.32206], [-86.57995, 16.31836], [-86.57894, 16.3142], [-86.57996, 16.3128], [-86.58417, 16.31227], [-86.58527, 16.30925], [-86.58744, 16.30674], [-86.58883, 16.30667], [-86.59089, 16.30509], [-86.59205, 16.30544], [-86.59184, 16.30407], [-86.58998, 16.30213], [-86.58597, 16.3004], [-86.58335, 16.30053], [-86.58234, 16.29955]], [[-86.4827, 16.33775], [-86.48318, 16.33765]], [[-86.48318, 16.33765], [-86.48271, 16.33764]], [[-86.4827, 16.33775], [-86.48271, 16.33764]], [[-86.48271, 16.33764], [-86.4825, 16.33766]], [[-86.48252, 16.33776], [-86.4827, 16.33775]], [[-86.4825, 16.33766], [-86.48252, 16.33776]], [[-86.48211, 16.33773], [-86.48252, 16.33776]], [[-86.4825, 16.33766], [-86.48211, 16.33773]], [[-86.47333, 16.34275], [-86.47596, 16.34204], [-86.47668, 16.33933], [-86.48211, 16.33773]]]}}, {"type": "Feature", "properties": {"code": "rn-39", "ref": "RN-39", "name": "Carretera El Carbon - Bonito Oriental", "road_class": "secundaria", "length_km": 187, "source_name": "OpenStreetMap (ODbL)", "source_url": "https://www.openstreetmap.org/copyright", "retrieved": "2026-10-01"}, "geometry": {"type": "MultiLineString", "coordinates": [[[-86.13796, 14.72338], [-86.1384, 14.72499], [-86.13707, 14.73059], [-86.13836, 14.73491], [-86.13613, 14.74484], [-86.137, 14.74693], [-86.13588, 14.75428], [-86.13843, 14.75726], [-86.14116, 14.7657], [-86.14103, 14.76763], [-86.14285, 14.76781], [-86.14435, 14.76949], [-86.14451, 14.77119], [-86.14334, 14.77445], [-86.14396, 14.7767], [-86.14857, 14.78407], [-86.15098, 14.78609], [-86.14918, 14.78939], [-86.14932, 14.79056], [-86.17182, 14.80243], [-86.17319, 14.80782], [-86.1753, 14.8115], [-86.19249, 14.83302], [-86.19344, 14.83575], [-86.19043, 14.85301], [-86.1837, 14.86751], [-86.18314, 14.87056], [-86.17909, 14.8726], [-86.17776, 14.88284], [-86.17281, 14.88353], [-86.16809, 14.88249], [-86.16756, 14.88371], [-86.16828, 14.88494], [-86.16697, 14.88962], [-86.16124, 14.89247], [-86.16137, 14.89389], [-86.16571, 14.89765], [-86.16533, 14.89894], [-86.16647, 14.90224], [-86.16634, 14.90437], [-86.16791, 14.90777], [-86.1656, 14.91831], [-86.16395, 14.91989], [-86.16522, 14.92329], [-86.16366, 14.92448], [-86.16163, 14.92279], [-86.15803, 14.9236], [-86.15365, 14.92266], [-86.15205, 14.92132], [-86.14944, 14.92263], [-86.15042, 14.92558], [-86.15018, 14.92927], [-86.14824, 14.93121], [-86.14796, 14.93295], [-86.14641, 14.93315], [-86.14581, 14.93463], [-86.14666, 14.93826], [-86.14852, 14.93912], [-86.14835, 14.94238], [-86.15028, 14.94378], [-86.15001, 14.94715], [-86.15183, 14.94644], [-86.15252, 14.9471], [-86.15222, 14.94906], [-86.14997, 14.9511], [-86.15092, 14.95534], [-86.15, 14.95698], [-86.15003, 14.95901], [-86.13946, 14.95823], [-86.13659, 14.9552], [-86.13352, 14.95466], [-86.132, 14.95582], [-86.12794, 14.95304], [-86.12366, 14.9542], [-86.12153, 14.95832], [-86.11423, 14.9662], [-86.11421, 14.96777], [-86.11133, 14.97084], [-86.11071, 14.976], [-86.10712, 14.97762], [-86.1041, 14.9778], [-86.09674, 14.98517], [-86.0931, 14.9851], [-86.09167, 14.98833], [-86.089, 14.98893], [-86.08657, 14.98646], [-86.08333, 14.98702], [-86.08358, 14.98926], [-86.08249, 14.99035], [-86.08231, 14.99458], [-86.08559, 14.99664], [-86.08625, 14.99926], [-86.07842, 15.02214], [-86.07562, 15.02565], [-86.07059, 15.02728], [-86.06563, 15.03471], [-86.06338, 15.03529], [-86.05392, 15.03413], [-86.04764, 15.03064], [-86.02704, 15.03097], [-86.01825, 15.03356], [-86.01405, 15.03589], [-86.01162, 15.03487], [-86.00993, 15.03157], [-86.00842, 15.03079], [-85.99005, 15.03303], [-85.97545, 15.03197], [-85.97341, 15.03384], [-85.9727, 15.03693], [-85.97338, 15.04584], [-85.96774, 15.05028], [-85.96505, 15.05409], [-85.96098, 15.05394], [-85.95834, 15.05482], [-85.95382, 15.05345], [-85.95172, 15.05384], [-85.94867, 15.05305], [-85.94719, 15.05521], [-85.94322, 15.05784], [-85.94099, 15.05805], [-85.93997, 15.06046], [-85.93855, 15.06064], [-85.93672, 15.06219], [-85.93288, 15.06279], [-85.92737, 15.06671], [-85.92504, 15.06653], [-85.92387, 15.06859], [-85.91979, 15.0691], [-85.91684, 15.0725], [-85.91523, 15.07176], [-85.91214, 15.07364], [-85.91022, 15.07327], [-85.89836, 15.07659], [-85.85756, 15.09445], [-85.78925, 15.14992], [-85.78742, 15.1524], [-85.77273, 15.18606]], [[-85.79351, 15.77508], [-85.79421, 15.77483]], [[-85.79351, 15.77508], [-85.79393, 15.77592]], [[-85.77253, 15.18651], [-85.77107, 15.19055], [-85.77245, 15.19903], [-85.77203, 15.20344], [-85.77003, 15.20941], [-85.76534, 15.21878], [-85.73471, 15.25756], [-85.70485, 15.27578], [-85.70244, 15.28602], [-85.69108, 15.30181], [-85.68124, 15.30607], [-85.67618, 15.30585], [-85.66869, 15.31129], [-85.66467, 15.31263], [-85.66099, 15.31651], [-85.65967, 15.32022], [-85.64964, 15.32463], [-85.64718, 15.32889], [-85.64499, 15.3311], [-85.64305, 15.33187], [-85.64238, 15.33444], [-85.63873, 15.33511], [-85.6339, 15.33955], [-85.63131, 15.34068], [-85.63039, 15.34346], [-85.62825, 15.34536], [-85.62436, 15.34753], [-85.62195, 15.34734], [-85.61916, 15.34858], [-85.61547, 15.35173], [-85.61473, 15.35428], [-85.61529, 15.35743], [-85.61374, 15.36013], [-85.61431, 15.36272], [-85.61582, 15.36442], [-85.6154, 15.36748], [-85.61656, 15.36928], [-85.61772, 15.37896], [-85.61469, 15.38393], [-85.61359, 15.38828], [-85.60903, 15.39092], [-85.60629, 15.39396], [-85.60432, 15.39391], [-85.60283, 15.39531], [-85.60069, 15.39268], [-85.60218, 15.38779], [-85.59801, 15.3882], [-85.59623, 15.39122], [-85.59579, 15.39494], [-85.59081, 15.40485], [-85.59011, 15.40846], [-85.58754, 15.41429], [-85.58386, 15.41623], [-85.58286, 15.42129], [-85.57936, 15.42204], [-85.57866, 15.42495], [-85.58254, 15.43296], [-85.5806, 15.4364], [-85.58115, 15.43949], [-85.58012, 15.44204], [-85.5813, 15.44497], [-85.58147, 15.44864], [-85.58305, 15.44966], [-85.59309, 15.45184], [-85.5981, 15.45771], [-85.59931, 15.46187], [-85.60868, 15.46562], [-85.6093, 15.47039], [-85.61403, 15.47126], [-85.6165, 15.47601], [-85.62143, 15.4761], [-85.62375, 15.4791], [-85.6293, 15.48226], [-85.63462, 15.48116], [-85.64137, 15.48168], [-85.64653, 15.48085], [-85.6594, 15.48115], [-85.66099, 15.48247], [-85.66222, 15.48595], [-85.66349, 15.48704], [-85.67776, 15.49074], [-85.67937, 15.49276], [-85.67911, 15.49387], [-85.67685, 15.49554], [-85.67776, 15.49788], [-85.68121, 15.49744], [-85.68393, 15.49923], [-85.6878, 15.50451], [-85.68999, 15.50418], [-85.69338, 15.50552], [-85.69533, 15.51031], [-85.69829, 15.51247], [-85.70045, 15.5178], [-85.70076, 15.5216], [-85.70342, 15.53094], [-85.70037, 15.53922], [-85.69757, 15.54011], [-85.69683, 15.54402], [-85.69446, 15.54514], [-85.69409, 15.54615], [-85.69511, 15.54734], [-85.69914, 15.54856], [-85.69935, 15.55195], [-85.70123, 15.5556], [-85.70348, 15.55718], [-85.70499, 15.56292], [-85.70614, 15.56424], [-85.70598, 15.56667], [-85.70873, 15.57016], [-85.70713, 15.57238], [-85.70729, 15.57508], [-85.70838, 15.57667], [-85.70756, 15.57801], [-85.70759, 15.58043], [-85.70906, 15.58434], [-85.70942, 15.59091], [-85.70792, 15.59252], [-85.70794, 15.59468], [-85.70523, 15.59807], [-85.7046, 15.6005], [-85.70251, 15.60359], [-85.7042, 15.60444], [-85.70728, 15.60134], [-85.71364, 15.59917], [-85.71617, 15.60097], [-85.71853, 15.6046], [-85.72035, 15.62683], [-85.72361, 15.64424], [-85.7211, 15.65392], [-85.72339, 15.67095], [-85.72095, 15.68537], [-85.73172, 15.71343], [-85.73178, 15.72222], [-85.73404, 15.73677], [-85.73762, 15.7414], [-85.74436, 15.75724], [-85.75057, 15.7594], [-85.75373, 15.7568], [-85.75666, 15.75667], [-85.7656, 15.76011], [-85.77884, 15.76306], [-85.79351, 15.77508]]]}}, {"type": "Feature", "properties": {"code": "rn-41", "ref": "RN-41", "name": "Carretera La Union - Mame", "road_class": "secundaria", "length_km": 145, "source_name": "OpenStreetMap (ODbL)", "source_url": "https://www.openstreetmap.org/copyright", "retrieved": "2026-10-01"}, "geometry": {"type": "MultiLineString", "coordinates": [[[-86.46613, 15.43714], [-86.46552, 15.43065], [-86.46326, 15.42622], [-86.45988, 15.42348], [-86.46338, 15.41875], [-86.46439, 15.41422], [-86.46102, 15.41289], [-86.45732, 15.41348], [-86.45655, 15.41135], [-86.45913, 15.40899], [-86.46321, 15.40763], [-86.46478, 15.40515], [-86.47083, 15.40657], [-86.47533, 15.40641], [-86.47623, 15.40389], [-86.47408, 15.40142], [-86.47541, 15.39845], [-86.48265, 15.39638], [-86.49015, 15.39294], [-86.49088, 15.38959], [-86.48472, 15.38692], [-86.48792, 15.38096], [-86.49132, 15.37773], [-86.49078, 15.37604], [-86.48893, 15.37636], [-86.48814, 15.37471], [-86.4926, 15.37224], [-86.49277, 15.3708], [-86.49142, 15.36944], [-86.49261, 15.36845], [-86.48933, 15.36414], [-86.49288, 15.36369], [-86.49393, 15.36267], [-86.49732, 15.3642], [-86.50009, 15.36198], [-86.50013, 15.36115], [-86.49844, 15.35997], [-86.50071, 15.35742], [-86.50173, 15.35481], [-86.50152, 15.35317], [-86.50027, 15.35226], [-86.50038, 15.34823], [-86.50301, 15.34601], [-86.50778, 15.3455], [-86.50881, 15.34421], [-86.50412, 15.34106], [-86.50542, 15.33793], [-86.50385, 15.33713], [-86.50304, 15.3349], [-86.50327, 15.33269], [-86.50481, 15.32991], [-86.50786, 15.33024], [-86.5103, 15.32859], [-86.50877, 15.32081], [-86.50714, 15.31984], [-86.50522, 15.31694], [-86.50579, 15.31284], [-86.50717, 15.31164], [-86.50295, 15.30444], [-86.50068, 15.30512], [-86.49912, 15.3029], [-86.49903, 15.2995], [-86.49571, 15.2977], [-86.49565, 15.29598], [-86.49295, 15.29448], [-86.49282, 15.29182], [-86.49149, 15.28964], [-86.49277, 15.2878], [-86.49706, 15.2877], [-86.50204, 15.29012], [-86.50471, 15.29024], [-86.50622, 15.28446], [-86.50615, 15.28253], [-86.50488, 15.281], [-86.50666, 15.28007], [-86.50813, 15.28077], [-86.51102, 15.27707], [-86.51433, 15.28003], [-86.51569, 15.27721], [-86.5114, 15.2736], [-86.5114, 15.27219], [-86.51293, 15.26999], [-86.51215, 15.26941], [-86.51093, 15.27017], [-86.50905, 15.26892], [-86.50954, 15.26634], [-86.50735, 15.26702], [-86.50506, 15.26571], [-86.50256, 15.26596], [-86.50152, 15.26401], [-86.49836, 15.26176], [-86.50043, 15.25403], [-86.50362, 15.25242], [-86.50477, 15.24903], [-86.50449, 15.24731], [-86.50288, 15.24523], [-86.50478, 15.24182], [-86.50219, 15.24083], [-86.50125, 15.2395], [-86.50002, 15.23946], [-86.49718, 15.23637], [-86.49694, 15.2328], [-86.49849, 15.23212], [-86.50087, 15.22876], [-86.50085, 15.22574], [-86.5032, 15.22516], [-86.50303, 15.22419], [-86.50102, 15.22349], [-86.49978, 15.22158], [-86.50025, 15.21925], [-86.50134, 15.2187], [-86.50234, 15.21519], [-86.51399, 15.20942], [-86.5195, 15.20305], [-86.52387, 15.20065], [-86.5327, 15.19073], [-86.53505, 15.19105], [-86.53803, 15.18899], [-86.5385, 15.18542], [-86.54165, 15.18386], [-86.5392, 15.18019], [-86.53857, 15.17675], [-86.54275, 15.1721], [-86.54362, 15.17038], [-86.54319, 15.16911], [-86.54765, 15.16431], [-86.55154, 15.15814], [-86.55331, 15.15739], [-86.55339, 15.15624], [-86.55771, 15.15052], [-86.55719, 15.14896], [-86.55396, 15.14713], [-86.55309, 15.14284], [-86.55104, 15.14145], [-86.55046, 15.14009], [-86.54762, 15.13871], [-86.54663, 15.13542], [-86.54711, 15.13417], [-86.54517, 15.13331], [-86.54302, 15.13091], [-86.54249, 15.12869], [-86.54099, 15.12775], [-86.54095, 15.12592], [-86.54197, 15.12521], [-86.54633, 15.12516], [-86.54629, 15.12117], [-86.54743, 15.11919], [-86.55127, 15.11655], [-86.55604, 15.11521], [-86.56205, 15.11098], [-86.56502, 15.11013], [-86.56575, 15.10641], [-86.56754, 15.10613], [-86.56869, 15.10375], [-86.57145, 15.10108], [-86.57155, 15.09761], [-86.5726, 15.09616], [-86.57322, 15.09286], [-86.57607, 15.09048], [-86.57557, 15.08778], [-86.57378, 15.08549], [-86.57431, 15.08358], [-86.57316, 15.08096], [-86.57459, 15.07763], [-86.58147, 15.07362], [-86.58372, 15.06988], [-86.58604, 15.07061], [-86.58774, 15.06928], [-86.58859, 15.06728], [-86.59189, 15.0653], [-86.59253, 15.06096], [-86.59588, 15.05749], [-86.59686, 15.05535], [-86.59846, 15.05464], [-86.59944, 15.05191], [-86.60244, 15.04822], [-86.60215, 15.0465], [-86.60368, 15.04316], [-86.60689, 15.04173], [-86.6074, 15.03927], [-86.60889, 15.03779], [-86.61213, 15.03772], [-86.61537, 15.0363], [-86.61699, 15.03132], [-86.62162, 15.02725], [-86.63288, 15.02317], [-86.63464, 15.02111], [-86.64127, 15.01824], [-86.64309, 15.01564], [-86.64759, 15.01289], [-86.64966, 15.01389], [-86.65289, 15.01113], [-86.65421, 15.00873], [-86.65845, 15.00546], [-86.66587, 15.0036], [-86.67042, 15.00144], [-86.67437, 15.00275], [-86.68765, 14.99982], [-86.69138, 14.99982], [-86.69439, 15.00298], [-86.69673, 15.00418], [-86.70069, 15.00475], [-86.70268, 15.0063], [-86.70714, 15.00641], [-86.71108, 15.00522], [-86.71248, 15.00572], [-86.71401, 15.00238], [-86.71426, 14.99674], [-86.71526, 14.99344], [-86.71764, 14.99164], [-86.71876, 14.98826], [-86.72197, 14.98646], [-86.72238, 14.98186], [-86.71915, 14.97958], [-86.71912, 14.97743], [-86.71729, 14.97514], [-86.71757, 14.97353], [-86.71457, 14.97328], [-86.71279, 14.97033], [-86.71398, 14.9672], [-86.71807, 14.96769], [-86.71751, 14.96648], [-86.71804, 14.96568], [-86.72032, 14.9648], [-86.7204, 14.95952], [-86.72271, 14.95838], [-86.7242, 14.95654], [-86.72402, 14.9536], [-86.72571, 14.94818], [-86.72404, 14.94571], [-86.72531, 14.94066], [-86.72486, 14.9398], [-86.72274, 14.93683], [-86.71977, 14.93744], [-86.71848, 14.93673], [-86.71809, 14.93433], [-86.71459, 14.93157], [-86.71388, 14.92769], [-86.70997, 14.92098], [-86.70484, 14.91589], [-86.70371, 14.91119], [-86.70096, 14.90859], [-86.70082, 14.90173], [-86.69146, 14.89959], [-86.68688, 14.89768], [-86.6741, 14.88945], [-86.67137, 14.8847], [-86.6694, 14.88418], [-86.66821, 14.88197], [-86.66299, 14.87877], [-86.65778, 14.86863], [-86.65371, 14.86599], [-86.65124, 14.86204], [-86.64738, 14.86114], [-86.64512, 14.86175], [-86.64134, 14.85486], [-86.63888, 14.85231], [-86.63907, 14.85043], [-86.63681, 14.846], [-86.62683, 14.83385], [-86.62903, 14.83118], [-86.62682, 14.82685], [-86.61913, 14.82338], [-86.61582, 14.81976], [-86.61174, 14.81759], [-86.6115, 14.81603], [-86.61017, 14.8173], [-86.60975, 14.81555], [-86.60536, 14.81498], [-86.6049, 14.81391], [-86.60654, 14.80938], [-86.60482, 14.80685], [-86.60169, 14.80461], [-86.59019, 14.80516], [-86.57971, 14.80356], [-86.58418, 14.80052], [-86.58465, 14.79436], [-86.58739, 14.79367], [-86.58978, 14.78991], [-86.59053, 14.78545], [-86.59741, 14.77306], [-86.59337, 14.76339], [-86.58471, 14.73143], [-86.57371, 14.71829], [-86.56561, 14.70308], [-86.56108, 14.69875], [-86.56045, 14.69723], [-86.55893, 14.68951], [-86.56057, 14.68734], [-86.56019, 14.6861], [-86.56194, 14.685], [-86.56093, 14.68214], [-86.56184, 14.68048], [-86.56525, 14.67857], [-86.56625, 14.67485], [-86.56596, 14.67065], [-86.56493, 14.66881], [-86.56576, 14.66506], [-86.56203, 14.65985], [-86.55678, 14.66074], [-86.55715, 14.65744], [-86.5546, 14.65602], [-86.55318, 14.65404], [-86.54968, 14.65353], [-86.54882, 14.65007], [-86.54669, 14.64729], [-86.54705, 14.64504], [-86.54604, 14.644], [-86.54672, 14.64041], [-86.54572, 14.63709], [-86.54039, 14.62867], [-86.53641, 14.58706]], [[-86.46613, 15.43714], [-86.4664, 15.43753]], [[-86.46581, 15.43739], [-86.46613, 15.43714]]]}}, {"type": "Feature", "properties": {"code": "rn-43", "ref": "RN-43", "name": "Carretera El Porvenir - Cedros", "road_class": "secundaria", "length_km": 75, "source_name": "OpenStreetMap (ODbL)", "source_url": "https://www.openstreetmap.org/copyright", "retrieved": "2026-10-01"}, "geometry": {"type": "MultiLineString", "coordinates": [[[-87.19462, 14.75008], [-87.2046, 14.73699], [-87.2089, 14.73445], [-87.21046, 14.7285], [-87.21615, 14.72453], [-87.21646, 14.7213], [-87.2132, 14.7183], [-87.21267, 14.71691], [-87.21256, 14.71496], [-87.21474, 14.70989], [-87.21419, 14.70357], [-87.20729, 14.69707], [-87.19933, 14.6944], [-87.18985, 14.68857], [-87.17919, 14.68457], [-87.17502, 14.67812], [-87.16984, 14.67517], [-87.16693, 14.6679], [-87.16275, 14.66528], [-87.16084, 14.66303], [-87.15739, 14.66187], [-87.14325, 14.65376], [-87.14499, 14.64483], [-87.14438, 14.63422], [-87.1424, 14.62651], [-87.13478, 14.61609], [-87.13493, 14.61368], [-87.13268, 14.61019], [-87.13298, 14.60769], [-87.13109, 14.60489], [-87.12854, 14.60308], [-87.13281, 14.59771], [-87.13185, 14.59462], [-87.13422, 14.58906], [-87.13966, 14.58377], [-87.14106, 14.57401], [-87.13743, 14.56871], [-87.13411, 14.56646], [-87.13095, 14.56661], [-87.1269, 14.56405], [-87.1204, 14.56352], [-87.11104, 14.55727], [-87.09606, 14.55272], [-87.09367, 14.55077], [-87.08458, 14.53968], [-87.08416, 14.52735], [-87.07954, 14.51895], [-87.07607, 14.51474], [-87.07346, 14.50652], [-87.07342, 14.49435], [-87.07446, 14.48238], [-87.07415, 14.47987], [-87.07135, 14.47378], [-87.06964, 14.46515], [-87.07006, 14.45386], [-87.06944, 14.44828], [-87.06649, 14.44039], [-87.05475, 14.43029]], [[-87.1757, 14.75398], [-87.17349, 14.7539], [-87.17103, 14.75212], [-87.16767, 14.75381], [-87.1673, 14.75285], [-87.16895, 14.75052], [-87.16765, 14.74931], [-87.16463, 14.75076], [-87.16434, 14.75553], [-87.16204, 14.75824], [-87.156, 14.75694], [-87.16033, 14.76147], [-87.16089, 14.76304], [-87.15923, 14.76556], [-87.15338, 14.76877], [-87.15525, 14.77493], [-87.15384, 14.77804], [-87.1563, 14.78058], [-87.15566, 14.78543], [-87.15418, 14.78761], [-87.15541, 14.79002], [-87.15113, 14.79206], [-87.15047, 14.79665], [-87.15168, 14.79969], [-87.1498, 14.80161], [-87.14876, 14.80468], [-87.14458, 14.80794], [-87.14246, 14.81199], [-87.14405, 14.81731], [-87.14351, 14.82061], [-87.14459, 14.82304], [-87.14437, 14.8258], [-87.14575, 14.83125], [-87.14477, 14.83785], [-87.14612, 14.83906], [-87.15225, 14.83907], [-87.15284, 14.84234], [-87.15031, 14.84297], [-87.14791, 14.84611], [-87.14604, 14.84753], [-87.14303, 14.84828], [-87.14205, 14.85068], [-87.13934, 14.85193], [-87.13996, 14.85321], [-87.14191, 14.85388], [-87.14216, 14.85497], [-87.13906, 14.85982], [-87.1348, 14.8623], [-87.13122, 14.86824], [-87.13182, 14.87131], [-87.13065, 14.87407], [-87.13057, 14.877], [-87.13337, 14.87709], [-87.13591, 14.87919], [-87.13915, 14.8782], [-87.14703, 14.88203], [-87.14845, 14.88491], [-87.15015, 14.88578], [-87.15303, 14.88473], [-87.15659, 14.88739], [-87.1638, 14.88879], [-87.16774, 14.88786], [-87.17722, 14.8911], [-87.17877, 14.89411], [-87.17541, 14.90158], [-87.18129, 14.90545]]]}}, {"type": "Feature", "properties": {"code": "rn-53", "ref": "RN-53", "name": "Carretera Danli - El Empalme", "road_class": "secundaria", "length_km": 115, "source_name": "OpenStreetMap (ODbL)", "source_url": "https://www.openstreetmap.org/copyright", "retrieved": "2026-10-01"}, "geometry": {"type": "MultiLineString", "coordinates": [[[-86.56017, 14.04655], [-86.56758, 14.04478], [-86.57322, 14.04145], [-86.57407, 14.03967], [-86.57767, 14.03707], [-86.57805, 14.03366], [-86.58026, 14.0281]], [[-86.57997, 14.02812], [-86.57791, 14.03371], [-86.57755, 14.037], [-86.574, 14.03959], [-86.57312, 14.0414], [-86.56753, 14.0447], [-86.56017, 14.04655]], [[-86.56017, 14.04655], [-86.55363, 14.04743], [-86.54776, 14.04615], [-86.54493, 14.04781], [-86.53977, 14.04795], [-86.53796, 14.05003], [-86.53611, 14.05044], [-86.52949, 14.0485], [-86.52875, 14.04905], [-86.52875, 14.05094], [-86.52643, 14.05305], [-86.52536, 14.052], [-86.52388, 14.05266], [-86.52312, 14.05151], [-86.51919, 14.04991], [-86.5126, 14.04817], [-86.50713, 14.04934], [-86.49899, 14.04776], [-86.49255, 14.05049], [-86.48456, 14.05061], [-86.48221, 14.05219], [-86.47503, 14.05394], [-86.47056, 14.05286], [-86.46305, 14.05404], [-86.45578, 14.05242], [-86.45117, 14.05046], [-86.44406, 14.05339], [-86.39963, 14.05321], [-86.34885, 14.06467], [-86.34301, 14.07568], [-86.334, 14.0819], [-86.32933, 14.08255], [-86.32612, 14.08669], [-86.32081, 14.08858], [-86.31507, 14.09179], [-86.31367, 14.09664], [-86.31388, 14.10062], [-86.31033, 14.10574], [-86.30564, 14.10652], [-86.29606, 14.11399], [-86.29026, 14.11336], [-86.28548, 14.115], [-86.28273, 14.1173], [-86.27861, 14.11746], [-86.27311, 14.11949], [-86.26046, 14.13038], [-86.2568, 14.13264], [-86.24978, 14.14249], [-86.23972, 14.14924], [-86.23726, 14.15626], [-86.23232, 14.16248], [-86.21962, 14.1707], [-86.21514, 14.17652], [-86.21016, 14.18521], [-86.20264, 14.1909], [-86.19784, 14.19589], [-86.19547, 14.1967], [-86.19176, 14.20378], [-86.18973, 14.20459], [-86.18791, 14.20788], [-86.18712, 14.21158], [-86.18498, 14.21397], [-86.18391, 14.22125], [-86.18193, 14.22452], [-86.18269, 14.22746], [-86.18166, 14.23017], [-86.18222, 14.23523], [-86.17782, 14.24305], [-86.17028, 14.24841], [-86.16797, 14.25498], [-86.16899, 14.25778], [-86.16799, 14.26031], [-86.16249, 14.26195], [-86.15968, 14.26456], [-86.15835, 14.26713], [-86.15741, 14.272], [-86.15452, 14.27443], [-86.15085, 14.27442], [-86.14793, 14.27254], [-86.14624, 14.27312], [-86.14537, 14.27545], [-86.1419, 14.2782], [-86.13678, 14.27855], [-86.13458, 14.2774], [-86.13169, 14.28479], [-86.12712, 14.28417], [-86.11761, 14.29049], [-86.11535, 14.29495], [-86.11396, 14.30246], [-86.10963, 14.30437], [-86.10813, 14.30609], [-86.11031, 14.31367], [-86.10972, 14.32354], [-86.10085, 14.3277], [-86.09592, 14.33708], [-86.09315, 14.34586], [-86.09086, 14.34974], [-86.07991, 14.35631], [-86.07041, 14.3675], [-86.06702, 14.36962], [-86.06397, 14.37438], [-86.0611, 14.38731], [-86.05905, 14.39354], [-86.05696, 14.39706], [-86.05538, 14.41205], [-86.05277, 14.41499], [-86.05034, 14.42369], [-86.05679, 14.42672], [-86.06049, 14.42757], [-86.06795, 14.43175], [-86.07417, 14.43195], [-86.08258, 14.43347], [-86.09198, 14.43187], [-86.10851, 14.43427], [-86.10961, 14.4349], [-86.10994, 14.43667], [-86.11323, 14.43867], [-86.1167, 14.44476], [-86.11604, 14.44588], [-86.1171, 14.44635], [-86.1172, 14.4474], [-86.11822, 14.44841], [-86.11971, 14.44774], [-86.12303, 14.44914], [-86.1235, 14.44983], [-86.12284, 14.45101], [-86.1239, 14.45314], [-86.12505, 14.45371], [-86.12733, 14.45315], [-86.13146, 14.45487], [-86.13321, 14.45474], [-86.13562, 14.45665], [-86.13594, 14.45775], [-86.14016, 14.45937], [-86.14203, 14.46429], [-86.1402, 14.46605], [-86.1392, 14.46547], [-86.13841, 14.46595], [-86.13829, 14.46868], [-86.14037, 14.46871], [-86.14458, 14.4735], [-86.14539, 14.47306], [-86.14808, 14.47404], [-86.14767, 14.47569], [-86.14535, 14.47634], [-86.14902, 14.47706], [-86.14921, 14.47802], [-86.14585, 14.4799], [-86.1454, 14.48124], [-86.14438, 14.48078], [-86.14254, 14.48168], [-86.14294, 14.48307], [-86.14075, 14.48676], [-86.14303, 14.48668], [-86.14387, 14.48591], [-86.14471, 14.48642], [-86.14592, 14.48499], [-86.14921, 14.48425], [-86.14643, 14.48957], [-86.14721, 14.49033], [-86.15124, 14.49133], [-86.15244, 14.49073], [-86.15264, 14.48865], [-86.15327, 14.49027], [-86.15514, 14.48966], [-86.15889, 14.49128], [-86.16082, 14.4903], [-86.1616, 14.49149], [-86.16272, 14.49081], [-86.1648, 14.49227], [-86.1661, 14.49216], [-86.16787, 14.49447], [-86.16673, 14.49646], [-86.16837, 14.49768], [-86.16876, 14.49933], [-86.1678, 14.50099], [-86.16851, 14.50198], [-86.16746, 14.50499], [-86.16964, 14.50837], [-86.17232, 14.50946], [-86.17166, 14.51023], [-86.17338, 14.51518], [-86.17681, 14.5184], [-86.17721, 14.52023], [-86.18934, 14.52975], [-86.19705, 14.5372], [-86.20153, 14.55147]]]}}, {"type": "Feature", "properties": {"code": "rn-66", "ref": "RN-66", "name": "Carretera San Lorenzo - Coyolito", "road_class": "secundaria", "length_km": 30, "source_name": "OpenStreetMap (ODbL)", "source_url": "https://www.openstreetmap.org/copyright", "retrieved": "2026-10-01"}, "geometry": {"type": "MultiLineString", "coordinates": [[[-87.4539, 13.45524], [-87.49884, 13.45583], [-87.5077, 13.45966], [-87.51877, 13.45783], [-87.52517, 13.45102], [-87.52705, 13.44292], [-87.5293, 13.44164], [-87.53268, 13.43797], [-87.5349, 13.43722], [-87.53779, 13.43346], [-87.54011, 13.43213], [-87.54382, 13.4241], [-87.55057, 13.41795], [-87.56979, 13.38477], [-87.57048, 13.38134], [-87.5721, 13.3798], [-87.57556, 13.37901], [-87.57746, 13.37648], [-87.58234, 13.37648], [-87.58702, 13.37448], [-87.59008, 13.36885], [-87.59611, 13.36578], [-87.59974, 13.36294], [-87.59997, 13.35876], [-87.60258, 13.35601], [-87.60445, 13.35537], [-87.60693, 13.3523], [-87.60665, 13.34051], [-87.60403, 13.33628], [-87.60406, 13.33292], [-87.60261, 13.32859], [-87.61262, 13.32203], [-87.61631, 13.32124], [-87.61872, 13.31786], [-87.61885, 13.31514], [-87.62136, 13.31467], [-87.62091, 13.31261], [-87.62582, 13.31222], [-87.62785, 13.30995]], [[-87.45364, 13.45533], [-87.4539, 13.45524]], [[-87.4539, 13.45524], [-87.45363, 13.45511]]]}}, {"type": "Feature", "properties": {"code": "rn-77", "ref": "RN-77", "name": "Anillo Agricola", "road_class": "secundaria", "length_km": 19, "source_name": "OpenStreetMap (ODbL)", "source_url": "https://www.openstreetmap.org/copyright", "retrieved": "2026-10-01"}, "geometry": {"type": "LineString", "coordinates": [[-86.20153, 14.55147], [-86.20424, 14.55138], [-86.20725, 14.54785], [-86.21393, 14.54595], [-86.21624, 14.54865], [-86.22136, 14.5511], [-86.222, 14.55405], [-86.22672, 14.55878], [-86.23851, 14.56117], [-86.24021, 14.56023], [-86.24594, 14.5601], [-86.25165, 14.56193], [-86.28905, 14.56611], [-86.29257, 14.58395], [-86.29552, 14.58702], [-86.2982, 14.58772], [-86.29531, 14.59068], [-86.29504, 14.5927], [-86.28726, 14.59669], [-86.28258, 14.59385], [-86.28195, 14.59527], [-86.27662, 14.59604], [-86.27579, 14.59726], [-86.27358, 14.59741], [-86.25734, 14.60401]]}}, {"type": "Feature", "properties": {"code": "rn-91", "ref": "RN-91", "name": "Carretera El Empalme - Trojes", "road_class": "secundaria", "length_km": 57, "source_name": "OpenStreetMap (ODbL)", "source_url": "https://www.openstreetmap.org/copyright", "retrieved": "2026-10-01"}, "geometry": {"type": "LineString", "coordinates": [[-86.38984, 14.0554], [-86.3437, 14.02783], [-86.3308, 14.02457], [-86.3016, 14.0355], [-86.29954, 14.03772], [-86.29923, 14.04247], [-86.30032, 14.04477], [-86.29604, 14.05706], [-86.29458, 14.05864], [-86.29399, 14.06283], [-86.29022, 14.06374], [-86.28117, 14.06915], [-86.28066, 14.07111], [-86.27899, 14.07267], [-86.27378, 14.07463], [-86.27378, 14.07689], [-86.27145, 14.07933], [-86.26602, 14.07937], [-86.26174, 14.08913], [-86.2561, 14.09196], [-86.25175, 14.09046], [-86.24855, 14.08645], [-86.24783, 14.08648], [-86.2476, 14.085], [-86.24441, 14.08172], [-86.24467, 14.08037], [-86.24297, 14.0795], [-86.24209, 14.078], [-86.24224, 14.07342], [-86.23943, 14.07183], [-86.23825, 14.06948], [-86.23553, 14.06871], [-86.23467, 14.06596], [-86.23005, 14.06331], [-86.22895, 14.06101], [-86.22498, 14.06115], [-86.22424, 14.0597], [-86.22261, 14.05996], [-86.22109, 14.06234], [-86.21963, 14.06078], [-86.22038, 14.05948], [-86.21947, 14.05907], [-86.21848, 14.05949], [-86.21826, 14.06056], [-86.21625, 14.05961], [-86.2157, 14.06094], [-86.2145, 14.0602], [-86.21273, 14.06153], [-86.21252, 14.06001], [-86.21075, 14.05955], [-86.21053, 14.05855], [-86.20006, 14.05706], [-86.19958, 14.05626], [-86.19574, 14.05781], [-86.19167, 14.05719], [-86.18852, 14.0576], [-86.18084, 14.0553], [-86.17926, 14.05587], [-86.16919, 14.05133], [-86.15698, 14.0511], [-86.15637, 14.0502], [-86.15397, 14.05104], [-86.14855, 14.05007], [-86.14338, 14.05008], [-86.14323, 14.0509], [-86.14172, 14.04938], [-86.13855, 14.05083], [-86.13622, 14.05016], [-86.13564, 14.05134], [-86.13283, 14.05103], [-86.13267, 14.05226], [-86.13009, 14.05161], [-86.12922, 14.05219], [-86.12924, 14.05542], [-86.12647, 14.05467], [-86.12673, 14.05389], [-86.12525, 14.05246], [-86.12514, 14.05379], [-86.12317, 14.05235], [-86.12175, 14.05465], [-86.12017, 14.05362], [-86.11741, 14.05632], [-86.11424, 14.05706], [-86.11337, 14.05866], [-86.11052, 14.05978], [-86.10934, 14.06217], [-86.08201, 14.06688], [-86.0812, 14.06802], [-86.08159, 14.07048], [-86.07979, 14.07562], [-86.07596, 14.07607], [-86.0749, 14.07848], [-86.07069, 14.07526], [-86.06894, 14.0757], [-86.06716, 14.07423], [-86.06532, 14.07486], [-86.06434, 14.07402], [-86.06267, 14.07434], [-86.06201, 14.0723], [-86.0595, 14.07214], [-86.05594, 14.07039], [-86.04194, 14.07494], [-86.0394, 14.07693], [-86.02437, 14.07903], [-86.02113, 14.0804], [-86.01857, 14.07954], [-86.01258, 14.08056], [-86.0047, 14.08056], [-86.00333, 14.07858], [-86.00258, 14.07538], [-85.99667, 14.07124]]}}]}